Color,Name,Mean,MeanLB,MeanUB,Stddev,StddevLB,StddevUB
0xa6cee3,ocaml,0.31019845414342095,0.31008604580010796,0.3103652831334936,2.1038507089009322e-4,9.56769066072603e-5,3.039653886265116e-4
0x1f78b4,ocaml byte,2.075509400666656,2.0014495199167563,2.1133922902916233,7.050344701794604e-2,3.362844038201458e-2,8.748678609062283e-2
0xb2df8a,haskell,1.0257269634999868,1.0130178041250701,1.0325973341249248,1.2326821005278384e-2,5.174051576528183e-3,1.6709186516576584e-2
0x33a02c,haskell strict,0.360907346020781,0.3505076668749325,0.3713070251666295,1.5322859889436897e-2,7.060686755218485e-3,2.1211714559977196e-2
0xfb9a99,juvix,1.5289955188958118,1.5090742683957785,1.5627185263333558,3.508501811765787e-2,6.746655967383122e-3,4.600615735515263e-2
0xe31a1c,juvix wasm,0.6645405932709233,0.663354592125188,0.66530059560417,1.4333123601966908e-3,9.896264309496058e-4,1.7551502067389443e-3
0xfdbf6f,c,5.710829999989804e-4,5.699852904315439e-4,5.726307113476036e-4,5.3011655909543445e-6,4.305975083072968e-6,7.152240118526709e-6
0xff7f00,c wasm,0.2086296122611758,0.20640573400012527,0.2129114303334316,5.092123326540906e-3,1.560577294853881e-3,6.985192551746908e-3
0xcab2d6,runtime,1.578536674645856,1.5630100723752776,1.5906183972080423,1.8925992744891103e-2,1.1909893117264866e-2,2.350536566554104e-2
0x6a3d9a,runtime wasm,1.0864952469583689,1.0731852933749906,1.0931150521250856,1.3008503613611548e-2,9.403802500855818e-4,1.5369439839600001e-2
