Color,Name,Mean,MeanLB,MeanUB,Stddev,StddevLB,StddevUB
0xa6cee3,ocaml,0.3084215033633397,0.3083098915299888,0.3085046834000423,1.5580126753538678e-4,1.281661688891152e-4,1.7612926024948957e-4
0x1f78b4,ocaml byte,2.0654627516250628,2.0284035671250535,2.0860795103751,3.871251450777671e-2,1.3154029196847175e-2,5.1965355523451655e-2
0xb2df8a,haskell,1.0255305504583514,1.0160664046249508,1.029808668583409,9.248230576250493e-3,4.8196392182643455e-3,1.1976617973746832e-2
0x33a02c,haskell strict,0.4454979789375197,0.43229205068749366,0.45206446643755765,1.3074235856687938e-2,1.6847831398776776e-4,1.5249357813721942e-2
0xfb9a99,juvix,1.0533082842500316,1.024167528249971,1.083018236500095,4.971624730694574e-2,1.6924151181700306e-2,6.729769328409703e-2
0xe31a1c,juvix wasm,0.701636557208379,0.7002377358750778,0.7036441698750195,2.2255083065216585e-3,5.266866666412962e-4,2.802590131113824e-3
0xfdbf6f,c,3.690178247150421e-4,3.6775687542901087e-4,3.7052128569593133e-4,5.247650385322409e-6,3.9136118536687425e-6,6.824535335142556e-6
0xff7f00,c wasm,0.20401927250282423,0.20139958879172404,0.2095581043000493,6.257233794934297e-3,7.729684062523908e-4,8.517767095726167e-3
0xcab2d6,runtime,1.073495898645831,1.0680515738123972,1.0763179437500412,5.746581047607501e-3,2.780101964094439e-3,8.039947176721915e-3
0x6a3d9a,runtime wasm,1.0915640088541732,1.084636177541692,1.102156103687463,1.2078902560097058e-2,3.1987806250413087e-3,1.5999141092645365e-2
