Color,Name,Mean,MeanLB,MeanUB,Stddev,StddevLB,StddevUB
0xa6cee3,ocaml,0.3083776965399193,0.30827386497998305,0.3085389586997735,1.96510035352582e-4,7.072785217614438e-5,2.6708069841295735e-4
0x1f78b4,ocaml byte,2.021988274354366,1.9932819477916532,2.035507482958299,2.7607094746915084e-2,3.6943219600362245e-3,3.491559686688286e-2
0xb2df8a,haskell,1.0309549198542338,1.0240534235628616,1.0394639725622596,1.025027064743074e-2,4.0268631248539955e-3,1.312345129667363e-2
0x33a02c,haskell strict,0.47293228120850017,0.4516445956669486,0.485083402083319,2.463999685658119e-2,2.1619833334253734e-2,2.5900210011468593e-2
0xfb9a99,juvix,1.100038599229208,1.0566032894375326,1.1235434951458387,4.144026608486514e-2,1.7160565714608503e-2,5.4282231938963324e-2
0xe31a1c,juvix wasm,0.6857257535626408,0.6708032362500187,0.6949879856877791,1.8128301214939673e-2,1.1428509730798677e-2,2.1390208842981647e-2
0xfdbf6f,c,3.7854217553531073e-4,3.7724995477738163e-4,3.8022860702799154e-4,5.661806525686381e-6,4.59547822256809e-6,7.525830949924276e-6
0xff7f00,c wasm,0.21218777358337773,0.2050834858334383,0.2194053844999568,1.1222769208896902e-2,8.975790406140492e-3,1.3882474613623973e-2
0xcab2d6,runtime,1.0714128918334798,1.0587149732502894,1.0842978452501484,1.669754001488102e-2,7.875326033298635e-3,2.150295370675322e-2
0x6a3d9a,runtime wasm,1.085519856291474,1.0762964573749514,1.0901711432497905,8.963328624343115e-3,9.723811666239035e-4,1.1211668222900645e-2
