Color,Name,Mean,MeanLB,MeanUB,Stddev,StddevLB,StddevUB
0xa6cee3,ocaml,0.3091593407832215,0.3083395914833318,0.3107763951497554,1.7518903182094543e-3,1.2526483351134213e-4,2.2053268492335074e-3
0x1f78b4,ocaml byte,2.066163206249987,2.0292767069999513,2.0939758987500077,4.7373841995586884e-2,2.9971923621043072e-2,6.333128394433926e-2
0xb2df8a,haskell,1.0324665212291109,1.0117507478124423,1.0708107184166238,3.906367914430731e-2,8.986662861280165e-4,4.649737239464669e-2
0x33a02c,haskell strict,0.4152638480832896,0.3767792143750057,0.43520392220826426,3.691080427546541e-2,1.892730637646803e-2,4.6049628654860876e-2
0xfb9a99,juvix,1.0745272531040466,1.0513110176872829,1.086355123749854,2.244684791828724e-2,7.617811040624964e-3,3.0166271550457747e-2
0xe31a1c,juvix wasm,0.6927928204164763,0.6858188918333024,0.697708142749434,8.71001318900756e-3,4.679686500026037e-3,1.0701961658192628e-2
0xfdbf6f,c,3.7670166423033757e-4,3.749944597209795e-4,3.790640728832508e-4,7.944201383784198e-6,6.287095752553957e-6,1.0745863906682327e-5
0xff7f00,c wasm,0.20376051034159245,0.20165632125000835,0.2079883462222117,5.061845874934893e-3,1.6966249770403175e-4,6.843532275013875e-3
0xcab2d6,runtime,1.0796977232708211,1.0751379888749852,1.0830509854999946,5.700963743419401e-3,3.201982476008119e-3,7.328273047467966e-3
0x6a3d9a,runtime wasm,1.0677196428958762,1.0389391874376201,1.0810679174374513,2.7501865461788063e-2,7.159381416196764e-3,3.5639095225714415e-2
