Color,Name,Mean,MeanLB,MeanUB,Stddev,StddevLB,StddevUB
0xa6cee3,ocaml,0.6977862730207297,0.6973615228747576,0.698084870083297,5.322257589356076e-4,2.884406250132088e-4,6.478558994680282e-4
0x1f78b4,ocaml byte,1.8512783449584163,1.8511275811665655,1.8513763945836672,1.7668215552418394e-4,1.544943770356204e-4,2.015793450104687e-4
0xb2df8a,haskell,1.2794786639166016,1.2775116750833795,1.283338310874683,3.641495849493707e-3,1.1482480000495343e-3,4.45838905875785e-3
0x33a02c,haskell strict,0.5237170194790602,0.5232652180625337,0.5242630951665129,6.279170670916402e-4,2.4018468609714823e-4,7.702670983807253e-4
0xfdbf6f,c,6.670141712710704e-4,6.614288529266663e-4,6.750685870889725e-4,2.735474823169358e-5,2.130895431745397e-5,3.610513922035301e-5
0xff7f00,c wasm,0.32147460740342165,0.3187126280403754,0.32462448526669807,4.341213231872786e-3,3.367757776387157e-3,5.310231494230048e-3
0xcab2d6,runtime,2.852453906749986,2.827111522500047,2.8702586511249137,3.195387271736084e-2,1.711538736076846e-2,4.1118295830868276e-2
0x6a3d9a,runtime wasm,2.6116201945418234,2.610758877875355,2.6122654134167456,1.0904667383802068e-3,7.085120498812658e-4,1.490069164490223e-3
