Color,Name,Mean,MeanLB,MeanUB,Stddev,StddevLB,StddevUB
0xa6cee3,ocaml,0.3101797937400018,0.3100270882400249,0.31033101789997397,2.23089178614905e-4,1.685952149210751e-4,3.1792720160805064e-4
0x1f78b4,ocaml byte,2.0833342371666483,2.0555519958332598,2.107091509916709,3.5206243028934485e-2,2.0015920573798824e-2,4.5868051899052346e-2
0xb2df8a,haskell,1.0051484883124904,0.980393187499961,1.021260332937506,2.633394928302083e-2,1.5424462145619764e-2,3.720871132557694e-2
0x33a02c,haskell strict,0.370312305604178,0.3501559881250387,0.38373365341666005,2.191741263544289e-2,1.333999039608251e-2,3.0995275089696434e-2
0xfb9a99,juvix,1.5817515511874565,1.555194695249914,1.5947864608749758,2.5247605032039138e-2,1.15125288750354e-2,3.0675527846886097e-2
0xe31a1c,juvix wasm,0.7322347126874433,0.7317246642500095,0.7326736843124877,6.707624844296803e-4,4.323427377181134e-4,8.23673874941104e-4
0xfdbf6f,c,5.767869911183828e-4,5.755139313968214e-4,5.787086410222962e-4,6.372128756618229e-6,4.724750039000857e-6,9.203881885966086e-6
0xff7f00,c wasm,0.20657763591392495,0.20578287243057503,0.2082544343750404,1.827572059872939e-3,7.640115097891386e-5,2.4626765599309163e-3
0xcab2d6,runtime,1.5850149789791506,1.5808473014792146,1.5929831129165752,7.98482447061344e-3,4.0367325262315873e-4,9.624838905934296e-3
0x6a3d9a,runtime wasm,1.0719760943959311,1.0531760096250764,1.0829825120626424,1.8987219737979934e-2,1.1295670856665486e-2,2.5418232810756988e-2
