Color,Name,Mean,MeanLB,MeanUB,Stddev,StddevLB,StddevUB
0xa6cee3,ocaml,0.3082659279667602,0.3081299714667845,0.30849280820016245,2.6385564809168667e-4,1.4342547823098794e-4,3.952308464805729e-4
0x1f78b4,ocaml byte,2.0918025706666583,2.043167264541637,2.1399738827916224,6.306061947118674e-2,3.273286675005238e-2,7.707734799108693e-2
0xb2df8a,haskell,1.095718281625068,1.0755050181249999,1.1092308812501415,2.2098009885926972e-2,1.3257487475574122e-2,3.120601212395143e-2
0x33a02c,haskell strict,0.45293733983324574,0.4526039278333845,0.4533081898332701,4.590129394841064e-4,2.0819485775733394e-4,5.741290395960894e-4
0xfb9a99,juvix,1.0193441610625296,1.0065919360001014,1.0370772685625127,2.093313448620147e-2,6.619257999924799e-3,2.6789376816865985e-2
0xe31a1c,juvix wasm,0.6817251130416935,0.6698807993334412,0.6919718221249695,1.481441162367564e-2,7.571382688414106e-3,1.8832275217982513e-2
0xfdbf6f,c,3.7976291607725633e-4,3.765818976216479e-4,3.9019277026069955e-4,2.0235999936923853e-5,5.965738987193132e-6,4.15058462478178e-5
0xff7f00,c wasm,0.21412041207209617,0.2016182689666266,0.23043970722177518,2.0724735705200083e-2,1.3663190441010296e-2,2.6849619218415378e-2
0xcab2d6,runtime,1.0794353760209485,1.0727052913750867,1.0846563453750377,8.380413014082164e-3,4.188478893560301e-3,1.0596085289815427e-2
0x6a3d9a,runtime wasm,1.0937686655625878,1.0884642428126767,1.102680526749964,9.371647423503368e-3,1.8881291249499554e-3,1.167044171646172e-2
