Color,Name,Mean,MeanLB,MeanUB,Stddev,StddevLB,StddevUB
0xa6cee3,ocaml,0.30799176921669036,0.3079401853999298,0.30803829041674663,7.181029334947205e-5,5.633961275993832e-5,9.230759147348515e-5
0x1f78b4,ocaml byte,2.046332619562387,1.9901145402499574,2.0768556756873218,5.51747849274661e-2,9.65606587487855e-3,6.539207134068216e-2
0xb2df8a,haskell,0.9950934040625725,0.9845321731249896,1.0088191334375551,1.5826220995389773e-2,4.931155000122089e-3,2.0003275364850494e-2
0x33a02c,haskell strict,0.3708330703541378,0.3677600214166432,0.3769215667291519,6.089939740444483e-3,6.403026177103852e-5,7.096902525181614e-3
0xfb9a99,juvix,1.0220260338542175,0.9680504281250251,1.0476220866667063,5.1170551359807095e-2,1.805541137491673e-2,6.553977006376041e-2
0xe31a1c,juvix wasm,0.687450628020675,0.6731800563749175,0.6951961978956168,1.6563282435819473e-2,1.4511530895334203e-2,1.78876274092988e-2
0xfdbf6f,c,3.7465235895416224e-4,3.733220313089181e-4,3.7631236287611393e-4,5.76356483421236e-6,4.5176836523321245e-6,7.132781080115417e-6
0xff7f00,c wasm,0.23516779843009622,0.21545472019994727,0.2569591295303689,3.0087067708262256e-2,1.4259058771336555e-2,3.974493185826745e-2
0xcab2d6,runtime,1.072765973270729,1.0613556457496998,1.0811253366041647,1.4105321202016005e-2,8.592670896977702e-3,1.9305122683251515e-2
0x6a3d9a,runtime wasm,1.078621991812497,1.0679962318749858,1.0849033506872274,1.2433210996059573e-2,1.088318870674482e-2,1.3944198919700232e-2
