Color,Name,Mean,MeanLB,MeanUB,Stddev,StddevLB,StddevUB
0xa6cee3,ocaml,0.3080513966367137,0.3079564726832511,0.30818287805018374,1.677375957775847e-4,7.091504206302325e-5,2.2332520363347564e-4
0x1f78b4,ocaml byte,2.071385507020826,2.0261448548749286,2.1099913299791906,6.45190557574634e-2,3.167758414929914e-2,8.9156329109195e-2
0xb2df8a,haskell,1.0407389892292447,1.0278697051252266,1.049875607145831,1.5503024254934848e-2,8.835759950413743e-3,2.1100115254495736e-2
0x33a02c,haskell strict,0.5426176561250031,0.5113798585000495,0.5714308817498477,3.884744829537005e-2,2.2463654750026762e-2,4.627827927991274e-2
0xfb9a99,juvix,1.0967147818124279,1.066147282875022,1.1133683729998058,2.9555106925246818e-2,1.4719304059783889e-2,3.872124908621328e-2
0xe31a1c,juvix wasm,0.589358844229082,0.5890676382499578,0.5896972709374495,4.295571432870705e-4,1.9179057736491185e-4,5.550814364733596e-4
0xfdbf6f,c,3.673517982280846e-4,3.6609393229031283e-4,3.690032969899477e-4,5.8180588960778485e-6,4.838410426206053e-6,7.1188892242959385e-6
0xff7f00,c wasm,0.20191445581939813,0.20106876416656028,0.20363422108335325,1.8992516050120496e-3,4.673553705386549e-4,2.6136716946778805e-3
0xcab2d6,runtime,1.07232568166656,1.0607305122500748,1.0904937731248765,2.0492086211666524e-2,3.6728747443947676e-3,2.6584643648431935e-2
0x6a3d9a,runtime wasm,1.0822935521041093,1.0759320539583919,1.0867578603124457,8.03003521866588e-3,4.28200059209315e-3,1.030987818331385e-2
