Color,Name,Mean,MeanLB,MeanUB,Stddev,StddevLB,StddevUB
0xa6cee3,ocaml,0.3090902340301727,0.3083404554300432,0.3105816953504473,1.6326034299776583e-3,1.1372839537728994e-4,2.0423176671965086e-3
0x1f78b4,ocaml byte,2.062009061874941,2.035852781499898,2.0807999725000172,3.304106758497481e-2,1.7484310718768752e-2,4.292103134335318e-2
0xb2df8a,haskell,1.056788433999884,1.0492688870000393,1.0619360299997425,9.133379641946148e-3,6.270218428982164e-3,1.151453116307408e-2
0x33a02c,haskell strict,0.5357524450418131,0.5116129785003523,0.5540639806249033,2.9453823651394647e-2,1.8300123203235548e-2,3.464330621112494e-2
0xfb9a99,juvix,0.9687422791250242,0.9246706270000686,1.0015575924999212,5.336419397444097e-2,3.507621268059783e-2,6.670290819130072e-2
0xe31a1c,juvix wasm,0.5628435908749907,0.5624735621248647,0.5633071810000274,6.28291681808072e-4,3.0927585257442373e-4,8.493197736329078e-4
0xfdbf6f,c,3.734183924620373e-4,3.720326140168201e-4,3.7546857352295905e-4,6.653725826116206e-6,5.245820504301735e-6,8.68355928431521e-6
0xff7f00,c wasm,0.20836776418886227,0.20203865849447436,0.21660653250000905,1.0706238859045864e-2,6.003284333324209e-3,1.401205050337733e-2
0xcab2d6,runtime,1.0833984185623724,1.068678552499705,1.09811828462504,2.286401592412714e-2,1.1666539494066123e-2,3.199416957522336e-2
0x6a3d9a,runtime wasm,1.0882460220624732,1.0800116415001262,1.0964804026248203,1.342725560065893e-2,8.036151515994806e-3,1.8986681629713415e-2
