Color,Name,Mean,MeanLB,MeanUB,Stddev,StddevLB,StddevUB
0xa6cee3,ocaml,0.3192398470133276,0.3136465027800205,0.3281177902332729,1.0796822330952943e-2,3.98203080492936e-3,1.4568283115984001e-2
0x1f78b4,ocaml byte,2.084654575187462,2.0528861040625563,2.1176181739998583,4.316376879127371e-2,2.0283589727668635e-2,5.3769711369265734e-2
0xb2df8a,haskell,1.0136597415416588,1.0063092619999452,1.019902578791715,9.262361999411575e-3,4.91947087391801e-3,1.2055734494406816e-2
0x33a02c,haskell strict,0.3696508062917303,0.36896049674999176,0.36999583900012567,6.834480073260072e-4,2.542333048203172e-5,8.098124647348458e-4
0xfb9a99,juvix,1.6005767145625402,1.5698209735000241,1.6287300189374605,3.8224989709736076e-2,2.1708319500097217e-2,4.5960733312209213e-2
0xe31a1c,juvix wasm,0.7290711320416108,0.7255733095832966,0.7313352183749657,4.220383814947002e-3,2.7919825660736885e-3,5.0078925488071255e-3
0xfdbf6f,c,5.71112838112859e-4,5.697647195891971e-4,5.727401467745863e-4,6.040645652205434e-6,4.888366417423147e-6,7.624434144897956e-6
0xff7f00,c wasm,0.2079423843277621,0.20573473368885845,0.21232222930555308,5.3294133213811655e-3,8.756418026122093e-5,7.1825207722759354e-3
0xcab2d6,runtime,1.5930137256874748,1.5793382772500308,1.6029809928125094,1.571488630665741e-2,9.479365113304085e-3,2.2102730233284615e-2
0x6a3d9a,runtime wasm,1.0955135526042454,1.0931409610002447,1.0995571617916653,4.179177088803332e-3,5.074851248991763e-4,4.996832833084467e-3
