Color,Name,Mean,MeanLB,MeanUB,Stddev,StddevLB,StddevUB
0xa6cee3,ocaml,0.3079218296966246,0.30779121194659637,0.3081678039498911,2.679020602900791e-4,5.110830011849024e-5,3.5646221996507414e-4
0x1f78b4,ocaml byte,2.03307699312496,1.9949015512500332,2.0519914649999387,3.613338409808081e-2,9.237583250050418e-3,4.4481304857293076e-2
0xb2df8a,haskell,1.060529716291711,1.0539070492500855,1.0646380059583578,7.92147482458829e-3,6.257491236010642e-3,9.48768857978965e-3
0x33a02c,haskell strict,0.553675082833441,0.513636005458371,0.6312438241251925,7.853614213803056e-2,4.975238416629224e-3,9.24495111808745e-2
0xfb9a99,juvix,0.9920692561041733,0.9707016813541713,1.014280484041592,2.798785933819734e-2,1.36826143750568e-2,3.4224710715370754e-2
0xe31a1c,juvix wasm,0.5613271243333221,0.5612380551666643,0.561456064833313,1.5455883770890757e-4,5.259568554013679e-5,2.056964293856886e-4
0xfdbf6f,c,3.732153850413955e-4,3.721429595516191e-4,3.7475881724191964e-4,5.243134517369149e-6,4.282811229871741e-6,6.863440548168512e-6
0xff7f00,c wasm,0.20032545651117742,0.19995982323335082,0.20070257083343931,6.024931946235757e-4,5.273050771513527e-4,6.843185370365041e-4
0xcab2d6,runtime,1.0906494257083164,1.0663135266666663,1.1050269838333502,2.8193687698177695e-2,2.5263205226547614e-2,3.0066740405329206e-2
0x6a3d9a,runtime wasm,1.0782790607498878,1.0589132477499277,1.0878535049998845,1.917882633124785e-2,9.30216901266212e-4,2.2847878264817396e-2
