Color,Name,Mean,MeanLB,MeanUB,Stddev,StddevLB,StddevUB
0xa6cee3,ocaml,0.25936144072663414,0.2587232504599979,0.25982234019993483,8.186663289364598e-4,5.684800630314683e-4,1.226764154028694e-3
0x1f78b4,ocaml byte,2.1381382065000025,2.1345883919998414,2.140614466000102,4.14136708497814e-3,2.4792690731021676e-3,5.7186763558628685e-3
0xb2df8a,haskell,1.463959505416805,1.4618871802501872,1.465582550041726,2.648730021676635e-3,1.7587308287104223e-3,3.52466517725931e-3
0x33a02c,haskell strict,0.6101819957290786,0.6049749873749306,0.6137881758750154,6.204974129356264e-3,4.619432679398213e-3,7.487082043719841e-3
0xfdbf6f,c,7.459747051165066e-4,7.427031544188072e-4,7.504713325782888e-4,1.4490459247624233e-5,1.1303705933389691e-5,2.0997055957799252e-5
0xff7f00,c wasm,0.36121693460430987,0.35504958562535194,0.3653397417917101,6.913778371998172e-3,3.4393798093679665e-3,9.521215357849746e-3
0xcab2d6,runtime,3.286212062583426,3.241469290333536,3.314624025250282,5.160041932653339e-2,2.872972385990711e-2,7.152776723328226e-2
0x6a3d9a,runtime wasm,3.012485369312477,2.9992315678747445,3.019087483000097,1.2913150397172744e-2,1.112935624973943e-3,1.5304385764704937e-2
