Color,Name,Mean,MeanLB,MeanUB,Stddev,StddevLB,StddevUB
0xa6cee3,ocaml,0.3082922722567476,0.3082086215900245,0.30834539142343753,9.445856368384276e-5,5.275870072462606e-5,1.4547282915972803e-4
0x1f78b4,ocaml byte,2.0545225412916466,2.029114946958316,2.089246426666648,4.2923382842533886e-2,1.6767939916764975e-2,5.867632571123671e-2
0xb2df8a,haskell,1.076419998916587,1.06583418283329,1.0846466014997986,1.283277193169196e-2,8.128462144827531e-3,1.5408608232927142e-2
0x33a02c,haskell strict,0.529791573749994,0.5114682519999008,0.5664284968749769,3.663986282458873e-2,6.437455357222177e-6,4.231163520367071e-2
0xfb9a99,juvix,1.0968700168333594,1.0541290838750115,1.11778728795836,4.038005306308687e-2,1.5472938500067812e-2,4.9375168366056786e-2
0xe31a1c,juvix wasm,0.5901662013540848,0.5896474503749687,0.5906210276665055,6.159813966947255e-4,5.152394999186072e-4,7.425750220481538e-4
0xfdbf6f,c,3.707631144370412e-4,3.694342242080576e-4,3.723036113659054e-4,5.6762551373526905e-6,4.804187258499705e-6,6.6914289345935585e-6
0xff7f00,c wasm,0.20147197563332056,0.20021305757776545,0.20399323421663665,2.94049460713359e-3,2.65817962248368e-4,4.014785566411658e-3
0xcab2d6,runtime,1.1087113129375534,1.0740590532501528,1.135762559937471,4.195491322725495e-2,2.963793038028711e-2,5.0388035453910976e-2
0x6a3d9a,runtime wasm,1.0693919212499832,1.0558314318749638,1.082501425374943,1.78490605335486e-2,8.225254962279665e-3,2.2049847979672823e-2
