Color,Name,Mean,MeanLB,MeanUB,Stddev,StddevLB,StddevUB
0xa6cee3,ocaml,0.3084423813967108,0.3082786597266689,0.3086351173500589,2.568637130773526e-4,1.6607657441105326e-4,3.281957215866281e-4
0x1f78b4,ocaml byte,2.0687652563541596,2.027565108124918,2.094973860270879,4.94179946315653e-2,3.462148857761196e-2,6.052617810560843e-2
0xb2df8a,haskell,1.0271680899375137,0.9995324590000791,1.0472300694999603,3.263598986865729e-2,2.7327851110775035e-2,3.683744479143461e-2
0x33a02c,haskell strict,0.4539923120208679,0.40380006420836406,0.5222055836874802,8.511515992771002e-2,3.2196059977740894e-2,0.11591403114312604
0xfb9a99,juvix,1.0466146931041844,1.0289234437499317,1.0746392309374357,2.9236440681479778e-2,5.0185046250703635e-3,3.5257505063740736e-2
0xe31a1c,juvix wasm,0.6889849569165752,0.6771955269999808,0.6964131077082623,1.4428966327612699e-2,8.820927748780398e-3,1.7154579436646458e-2
0xfdbf6f,c,3.7425612733994724e-4,3.732228477504469e-4,3.756755518726945e-4,4.792245787661173e-6,3.838753162990748e-6,6.045949783907152e-6
0xff7f00,c wasm,0.2173463398583547,0.2040945745250623,0.2532021641665728,3.146188275867305e-2,8.061760915938507e-3,4.2963773225171274e-2
0xcab2d6,runtime,1.0730632170624024,1.0661329436872506,1.0845543521250154,1.2264082646332641e-2,2.9068043749779227e-3,1.5299636352777457e-2
0x6a3d9a,runtime wasm,1.0693070756665293,1.0396580621247722,1.084515911583253,2.7982941329737082e-2,8.832888999904753e-3,3.4258734655326736e-2
