Color,Name,Mean,MeanLB,MeanUB,Stddev,StddevLB,StddevUB
0xa6cee3,ocaml,0.3082648138434312,0.30810001533669795,0.30844139868360493,2.654304941102182e-4,1.6317699246723688e-4,3.700165490543585e-4
0x1f78b4,ocaml byte,2.0794838018125383,2.0635203002500475,2.0881469425625596,1.5547237495722852e-2,7.441462499779616e-3,2.0006666576209357e-2
0xb2df8a,haskell,1.0750171116667577,1.0408441172919158,1.092289362416712,3.263448523228247e-2,8.579589546525573e-4,3.988855447998735e-2
0x33a02c,haskell strict,0.4707523928334278,0.451377660500043,0.5093446720002817,3.864028733607498e-2,1.4160389268250834e-4,4.472800662755479e-2
0xfb9a99,juvix,1.044149257124938,0.986199010750094,1.072479799499964,5.641343185478052e-2,5.147755747963542e-3,6.948905856222444e-2
0xe31a1c,juvix wasm,0.6900526704999189,0.6694076056249211,0.7003507359999427,2.0565025480054934e-2,1.9552475002154734e-4,2.3895371497784687e-2
0xfdbf6f,c,3.7409767948346417e-4,3.7299515051663674e-4,3.75623381101012e-4,5.339945555577455e-6,4.270400062883908e-6,6.753264011091316e-6
0xff7f00,c wasm,0.20802898222776647,0.2014416160055589,0.22119274530544117,1.6000148426418465e-2,1.9882817004495887e-4,2.1521661558149927e-2
0xcab2d6,runtime,1.0747101669165886,1.0641800208331915,1.081539089916646,1.2698588207338527e-2,8.547608573988258e-3,1.5770722129433305e-2
0x6a3d9a,runtime wasm,1.090694726895644,1.0864044714789052,1.0975759554999058,7.309833415388109e-3,2.810293955142462e-3,9.907920478985656e-3
