Color,Name,Mean,MeanLB,MeanUB,Stddev,StddevLB,StddevUB
0xa6cee3,ocaml,0.3084659803966588,0.30830916896666166,0.30857364721009617,1.976168719253427e-4,1.0212093156078765e-4,2.615899553894081e-4
0x1f78b4,ocaml byte,2.0585508709583564,2.0025776743749475,2.0869627609167765,5.4306723878432564e-2,9.01024516679172e-3,6.98343477021817e-2
0xb2df8a,haskell,1.086166129020853,1.0701527647497642,1.0931958214376891,1.5870193176187285e-2,6.268249252868532e-3,2.1745860217158835e-2
0x33a02c,haskell strict,0.45174889827080733,0.4515737578124117,0.45186668270832797,1.9237574202749335e-4,1.1808320082093627e-4,2.7201150683556176e-4
0xfb9a99,juvix,1.091293476562593,1.0637504276251093,1.1074460350001043,3.227602762263365e-2,2.7444898499879855e-2,3.7302735847993214e-2
0xe31a1c,juvix wasm,0.6978119080833759,0.6896871308749155,0.7015463379999574,7.802646152996941e-3,2.7307124064105143e-3,1.0414849892331615e-2
0xfdbf6f,c,3.8331417570029215e-4,3.816895256959782e-4,3.8639425480817453e-4,8.67303226674133e-6,5.552861170745127e-6,1.3999029981910512e-5
0xff7f00,c wasm,0.2151393410805061,0.20538806813879595,0.233788414577753,2.067574314574791e-2,6.180932010651188e-3,2.91127009355722e-2
0xcab2d6,runtime,1.0619376329165675,1.0400845061665223,1.073341570499963,2.0992355940661594e-2,4.738921031648906e-3,2.7603277739371723e-2
0x6a3d9a,runtime wasm,1.090177651916444,1.0786527862496769,1.095785666249867,1.1093142587171008e-2,2.145535166770629e-3,1.3422577458046763e-2
