Color,Name,Mean,MeanLB,MeanUB,Stddev,StddevLB,StddevUB
0xa6cee3,ocaml,0.6968111325416922,0.6967447243334466,0.6968592364998472,7.8235732803975e-5,6.99387197738362e-5,8.95558792910957e-5
0x1f78b4,ocaml byte,1.8547401883750279,1.8529732282498799,1.8559832187501115,2.103510582410378e-3,1.2099639289439752e-3,2.8706556866618695e-3
0xb2df8a,haskell,1.3530545930833,1.3523499086248876,1.3541428394583477,1.1544099894132188e-3,2.95345647295956e-4,1.4764895978729006e-3
0x33a02c,haskell strict,0.5221713342706759,0.5219978430206235,0.522430027749806,3.0008248441161517e-4,9.116391618622786e-5,4.0066087967917575e-4
0xfb9a99,juvix,2.2604232477084074,2.238543540875071,2.2749755794167568,2.3785680052549982e-2,1.4162754132952865e-2,3.360717051660864e-2
0xe31a1c,juvix wasm,1.00218788718765,0.9999589415002295,1.0046846627502646,3.3112421319456643e-3,1.56423119019741e-3,4.3615908765427935e-3
0xfdbf6f,c,6.493497507195377e-4,6.475975886337701e-4,6.517033690873795e-4,8.095239304004662e-6,6.335952382648364e-6,1.2399685045917627e-5
0xff7f00,c wasm,0.463411673562329,0.46152558324949194,0.4646771023749731,2.094591114399402e-3,1.0761175376089232e-3,2.922382662481591e-3
0xcab2d6,runtime,2.7546047669581717,2.7271594136665653,2.7768839557083616,3.5912732996971036e-2,2.350789762690092e-2,4.8521125823377594e-2
0x6a3d9a,runtime wasm,3.122968247354341,3.115112184625332,3.1278408579585557,9.510502382379308e-3,6.070520358692817e-3,1.1252812175997636e-2
