Color,Name,Mean,MeanLB,MeanUB,Stddev,StddevLB,StddevUB
0xa6cee3,ocaml,0.30886604321997463,0.3082163340200107,0.31016518271991117,1.4229058950741974e-3,8.970052318582914e-6,1.7789200919750814e-3
0x1f78b4,ocaml byte,2.0897169006666068,2.0463294225416653,2.1526622693749005,6.879333246883816e-2,2.204199659334078e-2,8.925100675900044e-2
0xb2df8a,haskell,0.993145082166753,0.9796743073750918,1.0022626080417656,1.5196598597402263e-2,7.963600186392746e-3,2.1056024073127816e-2
0x33a02c,haskell strict,0.3690824073541705,0.3686542810625326,0.3694109385416482,5.665254856815745e-4,4.483885717172014e-4,6.644413922163553e-4
0xfb9a99,juvix,1.0856306682500094,1.0719479607499238,1.0923987010000076,1.3241830703757462e-2,3.0250820000787826e-3,1.5991332864461385e-2
0xe31a1c,juvix wasm,0.6815688118958197,0.6415056425832594,0.7017934162083369,3.982666720238412e-2,7.720786249478806e-4,4.670672297634179e-2
0xfdbf6f,c,3.768994328336339e-4,3.7560590522275493e-4,3.7884367694481343e-4,6.163997936715919e-6,4.952580867326488e-6,8.260481515372136e-6
0xff7f00,c wasm,0.20231118005559537,0.20212115894443947,0.20247124811116413,2.5792414669349907e-4,1.902076214071449e-4,3.430442985889198e-4
0xcab2d6,runtime,1.0784476856666743,1.0672373307500038,1.0869182533749608,1.3291068460341074e-2,1.0510471583302206e-2,1.584919269106586e-2
0x6a3d9a,runtime wasm,1.0865242140416551,1.0820233953749607,1.0887609770832873,4.378803052956217e-3,4.598793332964979e-4,5.210644639717268e-3
