Color,Name,Mean,MeanLB,MeanUB,Stddev,StddevLB,StddevUB
0xa6cee3,ocaml,0.23473694180834426,0.22892631837772168,0.24605320180563062,1.2808232347457323e-2,2.2122057249356723e-3,1.7613610243039743e-2
0x1f78b4,ocaml byte,1.9915711633957471,1.97598576066639,2.0071565661251043,2.4760413254166426e-2,1.1765119700899883e-2,3.452704793012345e-2
0xb2df8a,haskell,1.438911989854148,1.4331109733751646,1.4436726231663215,7.234026917529272e-3,4.585169125243672e-3,9.412331379245947e-3
0x33a02c,haskell strict,0.718255582416551,0.6960952630417031,0.7280043250414868,2.1478032710498696e-2,1.0239983288651222e-2,2.8663308710517577e-2
0xfdbf6f,c,7.569625474124634e-4,7.513161365024838e-4,7.6321308927515e-4,2.3185802891114097e-5,2.000063190987015e-5,2.7709829228743764e-5
0xff7f00,c wasm,0.37858504920817876,0.37123643812492446,0.3822227099164669,7.210439044060569e-3,3.826941668497452e-4,8.57007279174422e-3
0xcab2d6,runtime,3.0745564558956366,3.032800355312304,3.099793231457928,4.816870168064903e-2,1.8553356332934756e-2,5.8934652828361744e-2
0x6a3d9a,runtime wasm,2.7015072466668166,2.6653726772503887,2.72742009416667,4.3391741002397934e-2,2.3606055600463523e-2,5.984315791804019e-2
