Color,Name,Mean,MeanLB,MeanUB,Stddev,StddevLB,StddevUB
0xa6cee3,ocaml,0.3083983783866794,0.30829004624001755,0.3085537260000365,1.9699991926117147e-4,1.0819860679706742e-4,2.8313088055584e-4
0x1f78b4,ocaml byte,2.061813631479197,1.9896344314166754,2.104477015979228,7.136632566580237e-2,3.235241782351858e-2,9.852686610253372e-2
0xb2df8a,haskell,0.998036539583372,0.9903301800000008,1.0081380795000996,1.1429811081667013e-2,4.0239499999756845e-3,1.3993044333162664e-2
0x33a02c,haskell strict,0.37015868845826577,0.36938629074990104,0.3715203837082773,1.3860075972776365e-3,8.517898711046497e-5,1.6996115167326102e-3
0xfb9a99,juvix,1.08350450070832,1.0343623431667006,1.1100956760832805,5.694131382118402e-2,5.023405168384829e-2,6.140968904320816e-2
0xe31a1c,juvix wasm,0.695997605687495,0.6856124683124847,0.701209383499986,1.031442829170981e-2,1.8047599996862118e-4,1.2036085291992644e-2
0xfdbf6f,c,3.806742992728038e-4,3.7894809921886765e-4,3.831961330026458e-4,7.953194747384246e-6,6.40587055942358e-6,1.0799218071248743e-5
0xff7f00,c wasm,0.2537325439267109,0.21701006516667198,0.32474882038005487,7.730815363403076e-2,1.4538984388621196e-2,9.839398267270599e-2
0xcab2d6,runtime,1.0640451194167515,1.0460824245000708,1.0752838269167644,2.0017828812101575e-2,7.638180494198623e-3,2.5954683201903604e-2
0x6a3d9a,runtime wasm,1.0766863558749737,1.0498535633749573,1.0900888059999734,2.64211751291564e-2,1.2955104999340383e-3,3.0983873424824556e-2
