Color,Name,Mean,MeanLB,MeanUB,Stddev,StddevLB,StddevUB
0xa6cee3,ocaml,0.30970423844669615,0.30873517434661457,0.31072697720010184,1.4046532966874308e-3,1.1979857083375938e-3,1.6929422886574137e-3
0x1f78b4,ocaml byte,2.0790492282291666,2.01773627066666,2.115500326708343,6.151591581513502e-2,2.3769421977371294e-2,8.443569559906978e-2
0xb2df8a,haskell,1.0864862875832746,1.0692733629166846,1.1036992122498646,2.583051819163912e-2,1.2057478188295388e-2,3.5891451756650455e-2
0x33a02c,haskell strict,0.45147444227075084,0.44988846243745684,0.4523291591665384,1.556432144626126e-3,5.836132871863704e-4,2.1147272743447026e-3
0xfb9a99,juvix,1.0974706531666054,1.0705079945833709,1.112946258416552,3.149804803158741e-2,2.797516688100025e-2,3.573937942771602e-2
0xe31a1c,juvix wasm,0.6974236581041472,0.6901368891041292,0.7010654600833657,7.211538844178803e-3,2.7911912165062315e-4,8.55359564819135e-3
0xfdbf6f,c,3.7765901304049097e-4,3.763746359083897e-4,3.7962984297454534e-4,6.295319759068028e-6,5.065998334893415e-6,7.915942320282986e-6
0xff7f00,c wasm,0.21881945468610287,0.20748123419165268,0.23501336999166067,2.1116705407127363e-2,1.714071489975196e-2,2.6920679270849904e-2
0xcab2d6,runtime,1.0721393295833745,1.067112690500096,1.077165968666653,7.886695428906262e-3,4.003706666670381e-3,1.101149915259259e-2
0x6a3d9a,runtime wasm,1.0998401840832344,1.0833009589583185,1.1302997045830807,3.0640976798150327e-2,3.4410900692568303e-3,3.819570431223207e-2
