Color,Name,Mean,MeanLB,MeanUB,Stddev,StddevLB,StddevUB
0xa6cee3,ocaml,0.6972646027292247,0.6971194013750619,0.6973816538125561,1.742786322278342e-4,1.1672728918740634e-4,2.0317158039859869e-4
0x1f78b4,ocaml byte,1.8515435046665136,1.8510419506667024,1.8523122327500232,8.548271737614782e-4,7.789552054456386e-5,1.0803938266720056e-3
0xb2df8a,haskell,1.3093285649998734,1.3084802306248093,1.3097895459999336,8.58808099437782e-4,4.979194998213643e-4,1.0645900179042397e-3
0x33a02c,haskell strict,0.6714705306249774,0.6713572264999736,0.6716074104999734,1.8108813272226087e-4,8.302732166692314e-5,2.518413420899953e-4
0xfb9a99,juvix,5.684691709729104,5.679328657041462,5.687326243833317,5.169746391082708e-3,1.1021651249620845e-3,6.829055157364569e-3
0xe31a1c,juvix wasm,3.9266318957292015,3.9230434342500757,3.9304173720626068,4.783571470603329e-3,2.336588198924805e-3,5.911160749432027e-3
0xfdbf6f,c,6.673203775420264e-4,6.643175731156678e-4,6.716257972191485e-4,1.3436816485169271e-5,9.433630598882907e-6,2.1154508645012192e-5
0xff7f00,c wasm,0.43209186868748856,0.43090565568746797,0.4338174035000293,1.8482347077581212e-3,4.354028750412908e-4,2.409051155933468e-3
0xcab2d6,runtime,2.702485214312541,2.6866860606252203,2.7182843679998614,2.2138722486208653e-2,1.213688379694285e-2,3.030514550740938e-2
0x6a3d9a,runtime wasm,3.217770831125127,3.2122578967497857,3.2230922965005298,7.0003768609341035e-3,3.5496457502404155e-3,8.632798723654663e-3
