Color,Name,Mean,MeanLB,MeanUB,Stddev,StddevLB,StddevUB
0xa6cee3,ocaml,0.2439663652334942,0.23614992743335583,0.24787012613366946,8.393362666803456e-3,8.35971425488519e-4,1.070718330232085e-2
0x1f78b4,ocaml byte,2.056005958687365,2.045585619624717,2.072409081937849,1.847939415190213e-2,3.6736752882190957e-3,2.4064742251468107e-2
0xb2df8a,haskell,1.443302627208368,1.4215634842503277,1.4527148732083788,2.1504749149675723e-2,7.274230976182839e-3,2.9085832304994685e-2
0x33a02c,haskell strict,0.701791432166677,0.6908886100000018,0.7126942543333523,1.5896563307876456e-2,6.4163681115350785e-3,2.1600104340664027e-2
0xfb9a99,juvix,6.598234205853942,6.5420336123122524,6.707362773499881,0.10962661985438939,1.147797016799068e-3,0.1280705874431413
0xe31a1c,juvix wasm,4.458302187916577,4.435032307500023,4.481966943749853,2.9945757997978512e-2,1.5110241032058472e-2,3.646598628900134e-2
0xfdbf6f,c,7.603845517230623e-4,7.455058036582644e-4,7.911557025970774e-4,8.497815949419209e-5,3.5847041082485345e-5,1.5256937464680004e-4
0xff7f00,c wasm,0.37545268202044707,0.3617871431245021,0.3832334501037925,1.3807454903820075e-2,8.584124112166214e-3,1.796891418968611e-2
0xcab2d6,runtime,3.2374604488751024,3.1826740810001866,3.26404773750005,5.181648478541824e-2,1.3491303249793418e-2,6.512298398347423e-2
0x6a3d9a,runtime wasm,3.5265531289792307,3.5129215214583382,3.5412555525626885,2.144653084833451e-2,1.1301014834756335e-2,3.01848522696556e-2
