Color,Name,Mean,MeanLB,MeanUB,Stddev,StddevLB,StddevUB
0xa6cee3,ocaml,0.3084800121766799,0.30835457191669013,0.3087163841600159,2.5927534659518186e-4,3.940626459719395e-5,3.3291314296594117e-4
0x1f78b4,ocaml byte,2.1139213507708043,2.066025270687561,2.169183484187357,6.963302504751719e-2,3.1000116382115583e-2,8.940880173553563e-2
0xb2df8a,haskell,1.0388912663334793,1.0209856050001918,1.0567969276667668,2.515557709285234e-2,1.3795989817733547e-2,3.4345237491595425e-2
0x33a02c,haskell strict,0.4278231056874328,0.36336220731240587,0.46027968806243774,6.0796427856008126e-2,2.249842137498112e-2,7.495526628473742e-2
0xfb9a99,juvix,1.0820825780625967,1.0502149897500885,1.1139501663751048,4.754127718053333e-2,1.8091002195080592e-2,6.45349538891102e-2
0xe31a1c,juvix wasm,0.6984599358542596,0.6942111421252548,0.7005062973541385,4.161637273099808e-3,5.306882084141762e-4,5.212477386327885e-3
0xfdbf6f,c,3.816642734565378e-4,3.803023387716729e-4,3.835222347861884e-4,6.61072130849149e-6,5.307082821718693e-6,8.386338101626198e-6
0xff7f00,c wasm,0.20922709345553583,0.20412769941660572,0.21397863328889397,7.980044322884301e-3,7.279964295453737e-3,8.768334060242963e-3
0xcab2d6,runtime,1.0852354947291758,1.0826801658126044,1.0890233731249168,4.840843090185416e-3,2.512077014880177e-3,5.860783618662972e-3
0x6a3d9a,runtime wasm,1.0879919026458065,1.0876766645624514,1.0881250278541663,3.099693350693773e-4,1.1238588472653959e-4,4.205716696056285e-4
