Color,Name,Mean,MeanLB,MeanUB,Stddev,StddevLB,StddevUB
0xa6cee3,ocaml,0.30868049052335966,0.3084952157734127,0.30887907155001815,2.745053347272161e-4,2.247926435145488e-4,3.2166956175555154e-4
0x1f78b4,ocaml byte,2.0643097673750694,2.0076011631247943,2.092175379000158,5.447651486052115e-2,7.600957999860158e-3,6.661003822554333e-2
0xb2df8a,haskell,1.0279355141664912,1.0156835811664753,1.0431500459997096,2.029773348948931e-2,9.279581213123176e-3,2.829462726260981e-2
0x33a02c,haskell strict,0.45617898816650876,0.44989213958327434,0.46636389774994313,1.1181566407682175e-2,2.3063120832678974e-3,1.3258226832231372e-2
0xfb9a99,juvix,1.0214225398748908,1.0073801683746524,1.0286645531249974,1.325894141447002e-2,4.270313749998422e-3,1.6724713197695387e-2
0xe31a1c,juvix wasm,0.702077126416801,0.6999947025001347,0.7054399573750061,3.568482432758738e-3,3.5975994322923763e-4,4.449392092187379e-3
0xfdbf6f,c,3.768634886476633e-4,3.749922283333574e-4,3.7962413834784556e-4,9.328631666885393e-6,6.936576482800952e-6,1.3744077549271308e-5
0xff7f00,c wasm,0.21883583314168187,0.21087451043333405,0.23336311441945934,1.670500857386485e-2,6.1858355590591885e-3,2.3264649988781052e-2
0xcab2d6,runtime,1.0703615824374044,1.0625190324998735,1.0759739444998786,9.631777522967852e-3,6.720852690378136e-3,1.2320946883677977e-2
0x6a3d9a,runtime wasm,1.0813105362082638,1.0780821105001905,1.0869662606247061,5.834672996230459e-3,8.726412498845093e-4,7.229953423688075e-3
