Color,Name,Mean,MeanLB,MeanUB,Stddev,StddevLB,StddevUB
0xa6cee3,ocaml,0.6967351622292691,0.6966645032500765,0.6968058212084618,1.1391159731945277e-4,5.2873694289852586e-5,1.5872874423168294e-4
0x1f78b4,ocaml byte,1.8505569592497675,1.8497297457494521,1.8512426195001126,1.177850783867723e-3,6.999317467394529e-4,1.5439645239968274e-3
0xb2df8a,haskell,1.2740747833541946,1.2723218677499517,1.2756465016251468,2.328150851145666e-3,1.261332705544756e-3,3.149071691819054e-3
0x33a02c,haskell strict,0.5228902033750842,0.5228352757501398,0.5229237998750591,5.552692668901276e-5,2.9545437070418482e-5,7.758779321739594e-5
0xfb9a99,juvix,5.937695478229348,5.934637532625061,5.939554503687589,3.573280320764917e-3,3.1918154441746625e-3,4.06722013359005e-3
0xe31a1c,juvix wasm,3.9505661923750686,3.9453764452503797,3.9533548257499738,5.201854304307764e-3,3.4537335589102354e-3,6.4400729186907734e-3
0xfdbf6f,c,6.409946273723997e-4,6.395578131073416e-4,6.428536541101029e-4,6.722103519098185e-6,5.403692372049186e-6,8.50893063624356e-6
0xff7f00,c wasm,0.4290941390415431,0.42898714462501175,0.4292673142495005,1.8344451103518607e-4,3.8109333369590326e-5,2.4084772649829542e-4
0xcab2d6,runtime,2.8261760857083877,2.795154734124935,2.8455738138751485,3.3116768004840445e-2,1.9286437782840397e-2,4.6804770475618956e-2
0x6a3d9a,runtime wasm,3.2208064719374456,3.2151494536875966,3.2235210194998367,5.438297566832733e-3,2.7761288750600688e-3,6.795344973945604e-3
