Color,Name,Mean,MeanLB,MeanUB,Stddev,StddevLB,StddevUB
0xa6cee3,ocaml,0.3078464049366388,0.30741172421989177,0.3083601261833489,6.82448528779389e-4,4.442087519021647e-4,9.493926131032101e-4
0x1f78b4,ocaml byte,2.0195766544582816,1.9719597712498853,2.05077862454156,5.956383882573784e-2,3.338353804203713e-2,7.20578633073095e-2
0xb2df8a,haskell,1.0036224173750838,0.9772319542499872,1.0236505680002779,3.134226587917248e-2,2.6070481449767507e-2,3.767135075678923e-2
0x33a02c,haskell strict,0.3804724425208785,0.3634158753959961,0.41441407606237135,3.3983679948002436e-2,5.705187713730964e-5,3.9361949218433466e-2
0xfb9a99,juvix,1.057317622479142,1.024325729624934,1.0812092512500158,4.0079063000197514e-2,2.647141993945284e-2,5.0307224987928306e-2
0xe31a1c,juvix wasm,0.677517031562426,0.636727678062357,0.6976715865624403,4.008374725899596e-2,1.8386238749220074e-3,4.765402587472126e-2
0xfdbf6f,c,3.740672301121689e-4,3.72831650101051e-4,3.756622146006333e-4,5.741574636096621e-6,4.663122148013117e-6,7.222822853285234e-6
0xff7f00,c wasm,0.2141416107943668,0.20955676543321713,0.2243644933833063,1.0905853503605357e-2,2.2837878614802125e-4,1.4347312622761916e-2
0xcab2d6,runtime,1.0511461522292318,1.0438348577500847,1.0546853757917158,6.968431491223677e-3,1.2561596251998708e-3,8.450914170786722e-3
0x6a3d9a,runtime wasm,1.0760770794792431,1.0603087557501567,1.086708262041763,1.945517650144696e-2,1.1761454623500858e-2,2.4551664457099505e-2
