Color,Name,Mean,MeanLB,MeanUB,Stddev,StddevLB,StddevUB
0xa6cee3,ocaml,0.3065282950931699,0.3054680723332543,0.3080011345597632,1.8544251898283222e-3,1.5204249580272168e-3,2.053405348961653e-3
0x1f78b4,ocaml byte,2.033416822083268,1.9981396284999846,2.0590680712499534,4.248625740938037e-2,2.5262193666549138e-2,5.229892021884765e-2
0xb2df8a,haskell,1.0385993260417383,1.0281940525832547,1.047386761916717,1.4597724773849689e-2,9.1551843046457e-3,2.0293713871622005e-2
0x33a02c,haskell strict,0.5246432224581857,0.5099884882499168,0.5434853807084513,2.3049009698266038e-2,9.131477333263706e-3,2.9946377404389882e-2
0xfb9a99,juvix,0.9641911677501488,0.923584381375349,0.9875282853750681,3.964236198950049e-2,1.4401941229671741e-2,5.389476457142848e-2
0xe31a1c,juvix wasm,0.5530362508957865,0.5498504371875583,0.5552336674581966,3.6150829689329746e-3,2.1762759399820307e-3,5.074716175316914e-3
0xfdbf6f,c,3.660818854856027e-4,3.643077973639485e-4,3.6796357098947685e-4,7.581240507583191e-6,6.3204641901942185e-6,9.473682792059284e-6
0xff7f00,c wasm,0.2019562130054914,0.19817288645548006,0.20904625923335515,8.389692194486062e-3,1.6423611338365748e-3,1.1729618385966393e-2
0xcab2d6,runtime,1.060686942208368,1.0522517952498447,1.0763826850001692,1.599727380361236e-2,6.710052499556696e-4,1.8713124513747494e-2
0x6a3d9a,runtime wasm,1.0748362540416945,1.0663529952500994,1.081410831874905,1.0167047280666463e-2,7.108192083327025e-3,1.2007756590560132e-2
