Color,Name,Mean,MeanLB,MeanUB,Stddev,StddevLB,StddevUB
0xa6cee3,ocaml,0.24939035629330344,0.24631019113300376,0.2529185469202639,5.2313215220395875e-3,3.013160752429587e-3,7.789567805617605e-3
0x1f78b4,ocaml byte,2.0586472291040536,2.044953099624763,2.0703100460000314,1.740169039070873e-2,9.911125853844958e-3,2.277336120570733e-2
0xb2df8a,haskell,1.4194272326462851,1.401071793062556,1.447845076251042,3.486547036591361e-2,1.655328462493344e-2,4.237114358379643e-2
0x33a02c,haskell strict,0.5859330231042653,0.5701176027084027,0.5981404749377361,2.0574345828987133e-2,1.308252256977708e-2,2.7735632257635468e-2
0xfb9a99,juvix,6.751064754354123,6.619951688187939,6.819807436707984,0.13008479915343987,6.430267867612775e-2,0.1800431334363235
0xe31a1c,juvix wasm,4.240821929667163,4.151194477167792,4.288711801833415,8.795702469797828e-2,1.5300304129777856e-2,0.11205641898641164
0xfdbf6f,c,7.729948607133882e-4,7.609727783896395e-4,7.870336520587755e-4,5.5205753466943254e-5,3.977467274987114e-5,7.299872362877875e-5
0xff7f00,c wasm,0.3566596731456002,0.351200012937511,0.36040188008291807,6.1240631550443445e-3,3.7566549426112806e-3,8.642256730495006e-3
0xcab2d6,runtime,3.241382889563018,3.1343722453752134,3.4212204057510767,0.18098600273116017,2.5511607624973065e-2,0.2306352391658971
0x6a3d9a,runtime wasm,3.045741035270339,3.016305367332734,3.095501410312181,5.3581135614701306e-2,8.33064332549241e-3,6.797876323021097e-2
