Color,Name,Mean,MeanLB,MeanUB,Stddev,StddevLB,StddevUB
0xa6cee3,ocaml,0.30873058662328423,0.3079853558799914,0.3102002694665619,1.6238382259092076e-3,6.968650815184938e-5,2.0353273893220537e-3
0x1f78b4,ocaml byte,2.0934961953125346,2.053449775250101,2.1156403653125055,3.883317794476648e-2,1.0035379484308514e-2,5.1139770041856464e-2
0xb2df8a,haskell,1.0518538344375088,1.0350212168749522,1.0695526526250205,2.2939102498599036e-2,1.051189587508361e-2,2.7771421830155466e-2
0x33a02c,haskell strict,0.4490763357291314,0.44448414918750245,0.4513696501874449,4.522066051895451e-3,1.2834785163801793e-5,5.302608038504511e-3
0xfb9a99,juvix,1.0832898818541803,1.0515971477499875,1.105718123666615,3.883218204922969e-2,2.2597549516687913e-2,5.2572140071660875e-2
0xe31a1c,juvix wasm,0.6999396256249497,0.6995747752500279,0.7001995891249067,4.3995585959006846e-4,2.5393173098896146e-4,6.003599867184638e-4
0xfdbf6f,c,3.7211598335578884e-4,3.7105047794196594e-4,3.735390596051503e-4,4.808640552615951e-6,3.8105798198696565e-6,6.246647125587354e-6
0xff7f00,c wasm,0.20071183890544642,0.20061131171108224,0.20086973213867368,1.9568601804554686e-4,9.801267091396899e-5,2.689509549098639e-4
0xcab2d6,runtime,1.0862772972708303,1.0494548094999345,1.1047716202083582,3.631645403202593e-2,2.2764958666736338e-2,4.2710809305846274e-2
0x6a3d9a,runtime wasm,1.0732117267083083,1.045125440999982,1.0872910428333284,2.787548026061969e-2,1.6707718133369964e-4,3.243146441207848e-2
