Color,Name,Mean,MeanLB,MeanUB,Stddev,StddevLB,StddevUB
0xa6cee3,ocaml,0.3112245648034332,0.31027602948333877,0.31297225488369806,1.9118289010964407e-3,1.363651705384391e-4,2.4593715735610018e-3
0x1f78b4,ocaml byte,2.0646826898332997,2.031874629666466,2.085675164333376,4.018220406068322e-2,2.4403219051230468e-2,4.8480043214301494e-2
0xb2df8a,haskell,1.0276341710624972,0.9942826142500962,1.0498094374999407,4.238880043064915e-2,2.2457011565477362e-2,5.121158418803871e-2
0x33a02c,haskell strict,0.3629400664374505,0.3505572324374384,0.36945544668740615,1.1725433479905713e-2,1.4963221565274815e-3,1.5046626164738642e-2
0xfb9a99,juvix,1.5711923340831504,1.5354428014165933,1.603780542999914,5.169467741438363e-2,3.221095508075297e-2,7.236384374668621e-2
0xe31a1c,juvix wasm,0.7326814727916448,0.7323064516247086,0.7329474420417531,4.6750145440556927e-4,2.181038336554475e-4,6.142296725848877e-4
0xfdbf6f,c,5.778775565008844e-4,5.753632964777597e-4,5.83400696462334e-4,1.4057782689789173e-5,9.624181379886321e-6,2.306850490493414e-5
0xff7f00,c wasm,0.2065790744889682,0.20545917514450593,0.20877972008342263,2.637129300859247e-3,1.8565865389990905e-4,3.548072160684367e-3
0xcab2d6,runtime,1.5643940328749675,1.5519143977500487,1.5700021608749164,1.1949261240749147e-2,4.691564102128805e-3,1.5869065953359136e-2
0x6a3d9a,runtime wasm,1.0938461317291512,1.087413501062315,1.0981303932499031,7.809829906464254e-3,4.0902895579723285e-3,1.0261012122681473e-2
