Color,Name,Mean,MeanLB,MeanUB,Stddev,StddevLB,StddevUB
0xa6cee3,ocaml,0.30827449396003737,0.3081215486800405,0.3083845694000047,1.9178297474389678e-4,1.0201446054647628e-4,2.5117675689338416e-4
0x1f78b4,ocaml byte,2.0947666136040843,2.0144053569997595,2.1214208779791384,5.460973637478083e-2,7.019545383320468e-3,6.949514421910312e-2
0xb2df8a,haskell,1.0556110585207723,1.0187518314167314,1.0924702856248132,5.717501927195796e-2,2.5644181821533364e-2,7.913951882972359e-2
0x33a02c,haskell strict,0.5569793881041013,0.5251921020416338,0.6157734474165485,5.791611421720778e-2,9.52339495840232e-3,6.835497299501248e-2
0xfb9a99,juvix,1.0434477137501024,1.0102705775001748,1.0866434690000422,5.232637494051071e-2,1.799813149596214e-2,7.090231271701786e-2
0xe31a1c,juvix wasm,0.7050040040415885,0.7023157108749558,0.7090343339997389,4.813618316427688e-3,1.9309354166996973e-3,5.880629602650295e-3
0xfdbf6f,c,3.7751804290055987e-4,3.762155221713879e-4,3.7916645917590304e-4,5.836467224926981e-6,4.664849321859522e-6,7.24026287396759e-6
0xff7f00,c wasm,0.202552314686088,0.20233581336672413,0.2029268608887883,5.546500721389323e-4,4.2945675958587205e-4,6.095395819440668e-4
0xcab2d6,runtime,1.070681557229193,1.0571149138334022,1.0793966145625404,1.6269318512515177e-2,1.1617758847842165e-2,2.0056813921463294e-2
0x6a3d9a,runtime wasm,1.0817681453749894,1.0735993464999183,1.0863499734999778,8.361759822372316e-3,1.4562355729030316e-3,1.0786260956363104e-2
