Color,Name,Mean,MeanLB,MeanUB,Stddev,StddevLB,StddevUB
0xa6cee3,ocaml,0.27640949934990205,0.27248261774962884,0.28344866980020017,7.968377062030864e-3,1.7257198416683137e-3,1.0583374372800623e-2
0x1f78b4,ocaml byte,2.3926881668336364,2.379290313416959,2.400805052208625,1.606723846362314e-2,1.0815437229517872e-2,1.8745143824924176e-2
0xb2df8a,haskell,1.6914951922088903,1.677547277250369,1.7054431071674117,1.9384078601285108e-2,8.853394456783664e-3,2.6276122964792526e-2
0x33a02c,haskell strict,0.8174484409793195,0.8100075346877702,0.822681488812691,9.156883757762977e-3,4.41571691635545e-3,1.208520630111696e-2
0xfb9a99,juvix,7.49833571772903,7.447674398937124,7.525260953916738,4.854939512959655e-2,8.800095008870863e-3,6.289869958845147e-2
0xe31a1c,juvix wasm,5.109739862916929,5.056207224250215,5.138482150750406,5.239193482538037e-2,1.7559840739722193e-2,7.05940870591778e-2
0xfdbf6f,c,9.293857076954714e-4,9.090728992798659e-4,9.637334207481451e-4,1.0157850704958293e-4,6.880961916947838e-5,1.5684779084521955e-4
0xff7f00,c wasm,0.4081860972707621,0.39734692502061836,0.41344830008332184,1.0277874518511159e-2,2.330290083439962e-3,1.287945922420578e-2
0xcab2d6,runtime,3.3892549414579967,3.364276255165957,3.4069367533747936,3.123810950942362e-2,2.0326381817885826e-2,4.08343954796925e-2
0x6a3d9a,runtime wasm,3.577170483520945,3.561113464875234,3.6063387364375785,3.0447094676060965e-2,5.29856525008654e-3,3.6740079917024535e-2
