Color,Name,Mean,MeanLB,MeanUB,Stddev,StddevLB,StddevUB
0xa6cee3,ocaml,0.9545633395417022,0.9540821370834085,0.9549253258750241,5.697104526465321e-4,4.47539604144798e-4,6.725145291383424e-4
0x1f78b4,ocaml byte,2.135740521666662,2.1349416422917784,2.136143034416591,7.535579041223906e-4,2.4324731834643757e-4,9.295633780949981e-4
0xb2df8a,haskell,1.2821006860625819,1.282024998687594,1.2822413278125282,1.421100061285839e-4,1.1870625068355345e-5,1.7479250529400014e-4
0x33a02c,haskell strict,0.5232343469790711,0.5219068769789791,0.525866412416652,2.6053015527404645e-3,6.189970830899894e-5,3.039476919676891e-3
0xfb9a99,juvix,2.228182382041742,2.1901089415,2.265934796875058,5.361200444954372e-2,3.761928467548681e-2,6.663971922512654e-2
0xe31a1c,juvix wasm,1.0196123797501855,1.0170378877505755,1.0210083756250015,2.453154389642052e-3,7.58147217175621e-4,3.223914376450454e-3
0xfdbf6f,c,6.316016426800612e-4,6.301241788940773e-4,6.333560804462702e-4,6.0565361475629266e-6,4.853023411660725e-6,7.360695830378136e-6
0xff7f00,c wasm,0.306560592793409,0.30218010605344414,0.31327464990013143,8.005495965947629e-3,2.4855143372747466e-3,1.0830264680929296e-2
0xcab2d6,runtime,2.8898746724583098,2.8367307054999173,2.943018639416702,7.639490640522517e-2,3.9970887213687495e-2,0.10513711301317999
0x6a3d9a,runtime wasm,2.815785805249997,2.81073302437494,2.8186120997500552,4.9567381992143e-3,2.4114387498836987e-3,6.527047561671098e-3
