Color,Name,Mean,MeanLB,MeanUB,Stddev,StddevLB,StddevUB
0xa6cee3,ocaml,0.3103202443732941,0.3101674635400377,0.31044729437328594,2.0834557925176824e-4,1.3247089868447247e-4,2.870978158684674e-4
0x1f78b4,ocaml byte,2.0442862462708526,2.0077302591665402,2.080842233375165,5.023026663883708e-2,3.1123650679081582e-2,6.942534680565927e-2
0xb2df8a,haskell,1.0733424134789022,1.0308013039790087,1.130659507187147,6.969312247081279e-2,2.8442358591166436e-2,8.932487117219147e-2
0x33a02c,haskell strict,0.3573573305623275,0.3485481589997713,0.3644264554373535,1.0568421699450638e-2,7.3053708749360735e-3,1.2453981376140956e-2
0xfb9a99,juvix,1.647984121166682,1.636050164750202,1.6675446099999363,2.0410056517409708e-2,4.2824249923004605e-3,2.6177572159833504e-2
0xe31a1c,juvix wasm,0.6719861544789675,0.6649432321249833,0.6832340630623435,1.1559991278785531e-2,1.6463632503018744e-3,1.4713973731012922e-2
0xfdbf6f,c,5.712916120770399e-4,5.70100046327539e-4,5.726881139606541e-4,5.234895921024729e-6,4.316167510945475e-6,6.731819369339044e-6
0xff7f00,c wasm,0.20783325003330647,0.2050492026110583,0.2133402866722286,6.602968688388367e-3,3.741989085622281e-4,8.951087460393041e-3
0xcab2d6,runtime,1.5867395514790512,1.5759032454998305,1.6062994948125606,1.9985144638009534e-2,7.551623645659783e-4,2.3898599413398065e-2
0x6a3d9a,runtime wasm,1.0882075662293005,1.0793566812290578,1.092390214166926,8.448843862910404e-3,1.623842569309906e-3,1.0780831698972133e-2
