Color,Name,Mean,MeanLB,MeanUB,Stddev,StddevLB,StddevUB
0xa6cee3,ocaml,0.311287858943377,0.3103688900666991,0.3130912216133523,1.9762523131886707e-3,1.289124914156984e-4,2.483309848718961e-3
0x1f78b4,ocaml byte,2.0726750944165624,2.0246396073333317,2.117384154916446,6.0314131558978454e-2,3.1837679999966895e-2,7.417021935592376e-2
0xb2df8a,haskell,1.0626540647708491,1.0248422587915988,1.0903675743334513,4.653245021788501e-2,2.5624517083353227e-2,5.7733981770808004e-2
0x33a02c,haskell strict,0.3672260870209432,0.3641015783753119,0.3688492411040821,3.6113101085318016e-3,3.189895616645524e-3,3.748513787345969e-3
0xfb9a99,juvix,1.5090815488124463,1.5003851646249586,1.5168137365624261,1.0796249475377299e-2,5.891989500014461e-3,1.3279955558697976e-2
0xe31a1c,juvix wasm,0.663873825312578,0.6635554150000189,0.6644784028124491,5.728292589945291e-4,2.2075714367505214e-4,7.35337118674953e-4
0xfdbf6f,c,5.800745724003131e-4,5.785837179081515e-4,5.82316047402285e-4,7.400026356756459e-6,6.107516957349231e-6,1.027587430643447e-5
0xff7f00,c wasm,0.21261814169166782,0.20605120549448655,0.22599895849998575,1.5838738210209615e-2,4.383213210684203e-4,2.139748999751786e-2
0xcab2d6,runtime,1.5846233585625857,1.5588527513125996,1.628930625500061,4.412476191243981e-2,1.4467895124994357e-2,5.9514668131838616e-2
0x6a3d9a,runtime wasm,1.0882855561458957,1.075819966687618,1.094676229624838,1.221156609894006e-2,1.3406382497578306e-3,1.5168040713071694e-2
