Color,Name,Mean,MeanLB,MeanUB,Stddev,StddevLB,StddevUB
0xa6cee3,ocaml,0.3088716279166617,0.3082161920001454,0.3100764933165844,1.3669922908930076e-3,1.2999562919756638e-4,1.7362255866771336e-3
0x1f78b4,ocaml byte,2.0397410227708215,2.0135597440624906,2.053727366999965,2.5090966487172555e-2,1.124254246210195e-2,3.292555122179068e-2
0xb2df8a,haskell,1.0597008990415684,1.0186592452497791,1.0832695044166012,4.0259355864502785e-2,1.4077085802886316e-2,5.4429362630797e-2
0x33a02c,haskell strict,0.45879429912499364,0.4517766129999359,0.4726465113750085,1.3878525690427619e-2,2.0207899998089807e-4,1.6111889316734813e-2
0xfb9a99,juvix,1.0374810314583556,1.0205935977916738,1.0666889897500482,2.9620693897435692e-2,7.317564595259778e-3,3.899985749352268e-2
0xe31a1c,juvix wasm,0.6805171263749893,0.672208851374999,0.6925836259999869,1.4524569652890918e-2,5.1487246220459654e-3,1.918713923098339e-2
0xfdbf6f,c,3.7229196380927806e-4,3.7082583533220177e-4,3.741123236903472e-4,6.334939271959093e-6,5.106642857733905e-6,7.81560342568689e-6
0xff7f00,c wasm,0.20185275859723537,0.20160456231942084,0.20230571204169792,5.356729091130795e-4,1.2433851650841459e-4,7.435279684791942e-4
0xcab2d6,runtime,1.075048699562539,1.0586766352499808,1.0853515515000822,1.694228713315223e-2,8.624969957780044e-3,2.379341735824585e-2
0x6a3d9a,runtime wasm,1.0779953452916402,1.0474499734165192,1.0988683600417062,3.491562535975991e-2,1.8564558513692462e-2,4.820416273899848e-2
