Color,Name,Mean,MeanLB,MeanUB,Stddev,StddevLB,StddevUB
0xa6cee3,ocaml,0.30897691094316543,0.30832097927661384,0.3102058165595918,1.3344082561428435e-3,1.7924260547470057e-4,1.7333656443801193e-3
0x1f78b4,ocaml byte,2.0909959148958897,2.068405584687582,2.106754996729232,2.794394670694682e-2,1.398023957751464e-2,3.639404055464606e-2
0xb2df8a,haskell,1.027317277687511,0.9925252548749768,1.0553557147499457,4.2728367959967685e-2,2.9606707179536503e-2,5.4684834062734514e-2
0x33a02c,haskell strict,0.3893139186041594,0.3750793067291056,0.4113259316875997,2.697776541393967e-2,1.2732208833313052e-2,3.282082777352003e-2
0xfb9a99,juvix,1.0542118421247626,1.0329889737497524,1.0813021827499747,3.538205552497435e-2,2.355469499680128e-2,4.7584481148548546e-2
0xe31a1c,juvix wasm,0.6887292288957004,0.6686503150623935,0.6987830949791298,1.9243634998914932e-2,3.207513374604787e-3,2.321840915865758e-2
0xfdbf6f,c,3.793217702763041e-4,3.766005593683386e-4,3.870975641672911e-4,1.710365006989494e-5,5.296040349769022e-6,3.1942873114761616e-5
0xff7f00,c wasm,0.2390508230501256,0.21700896971670117,0.282848959916982,5.146844203327478e-2,1.2039705970939577e-2,6.995558117384346e-2
0xcab2d6,runtime,1.0655047536875486,1.0554810865002082,1.0730970166874272,1.2840099353708377e-2,7.213873331327947e-3,1.7533580346953348e-2
0x6a3d9a,runtime wasm,1.081307806145882,1.0644257095624994,1.0897275710209253,1.6443200952474875e-2,1.4573196250466935e-3,1.9493889946040472e-2
