Color,Name,Mean,MeanLB,MeanUB,Stddev,StddevLB,StddevUB
0xa6cee3,ocaml,0.30859706933996073,0.30853185068002253,0.3086797575399487,1.0737753800016642e-4,6.407955576590383e-5,1.3765966977370432e-4
0x1f78b4,ocaml byte,2.1372031083957572,2.107673587874956,2.1667326289165585,3.8633977379897155e-2,1.9607561417200586e-2,5.091864070295741e-2
0xb2df8a,haskell,1.066607673833251,1.0481400939997911,1.085075253666711,2.73371076892314e-2,1.2025413542958854e-2,3.769874246669202e-2
0x33a02c,haskell strict,0.45309132224997484,0.4492467919999399,0.4569358525000098,6.1097246443150175e-3,3.2572222052347755e-3,8.594963227852932e-3
0xfb9a99,juvix,1.0638285236873912,1.0261599646249806,1.0965482543748521,5.411947990201482e-2,3.032926537491676e-2,7.55629812808705e-2
0xe31a1c,juvix wasm,0.6986090825207043,0.6923513838124222,0.7017099751665228,6.057222106597876e-3,8.43463166802394e-4,7.712741753873359e-3
0xfdbf6f,c,3.8819909209769393e-4,3.8682427989538315e-4,3.900325723274089e-4,6.489236804419524e-6,5.2339314427040854e-6,8.107087953171358e-6
0xff7f00,c wasm,0.2052724711359891,0.20314499946653086,0.20932270944439957,5.134216702361147e-3,3.4543234130895223e-3,6.730940052591407e-3
0xcab2d6,runtime,1.0732707878541607,1.0539499199996953,1.0846033232918064,1.9022408038917107e-2,8.556836472905924e-3,2.6171369542102814e-2
0x6a3d9a,runtime wasm,1.0672381570832765,1.0348949668331595,1.0832861867083163,3.049980617501487e-2,1.0059921583357778e-2,3.7348879555128514e-2
