Color,Name,Mean,MeanLB,MeanUB,Stddev,StddevLB,StddevUB
0xa6cee3,ocaml,0.2656645553766066,0.2653997997332226,0.2661240941799951,5.247824499263024e-4,8.758394078231627e-5,6.908902724371551e-4
0x1f78b4,ocaml byte,2.2257078397293526,2.2230205049793312,2.230754032166942,5.107682603657755e-3,2.669919753345504e-4,6.075571737367492e-3
0xb2df8a,haskell,1.5541269042707313,1.54815896062496,1.5573304533540409,5.797753491505918e-3,8.78309041695502e-4,6.928401907651792e-3
0x33a02c,haskell strict,0.6300460335831796,0.6296856344165651,0.6305780828330777,6.229100688179681e-4,2.064599783022056e-4,8.323062234422271e-4
0xfdbf6f,c,8.448978060549911e-4,8.31447939761661e-4,8.607198910592633e-4,5.734564643502773e-5,4.614901899924948e-5,7.18498537877212e-5
0xff7f00,c wasm,0.3859069664376496,0.379587861312757,0.39045028718760477,6.849936066467077e-3,3.7159160662257923e-3,9.551442242684446e-3
0xcab2d6,runtime,3.4098880568332866,3.372477481125088,3.430428456749837,3.580389593763794e-2,1.2037881978740665e-2,4.743602168433235e-2
0x6a3d9a,runtime wasm,3.0037196270415243,2.998452815833086,3.010827755749858,8.445893058928549e-3,2.768587183707231e-3,1.1371957978676902e-2
