Color,Name,Mean,MeanLB,MeanUB,Stddev,StddevLB,StddevUB
0xa6cee3,ocaml,0.6973639237290286,0.6972123680000095,0.697526242625031,2.2305522492714332e-4,9.522330798522041e-5,2.9567411136045547e-4
0x1f78b4,ocaml byte,1.8508380303957968,1.849093603187498,1.8523762599998008,2.1695028918853913e-3,1.9422465359492129e-3,2.461818565009097e-3
0xb2df8a,haskell,1.2814162719584299,1.279838721374972,1.2823465081667869,1.560623440208715e-3,8.574659581055119e-4,2.1482885012192093e-3
0x33a02c,haskell strict,0.523312170583362,0.5231602738335065,0.523384980000003,1.5457385373666497e-4,7.209523666195076e-5,2.1588974072863512e-4
0xfdbf6f,c,6.731054455050825e-4,6.665245075069868e-4,6.854737805906427e-4,3.4877941684056645e-5,2.5256711316427973e-5,5.360488689887124e-5
0xff7f00,c wasm,0.3123751720399529,0.31140729640011766,0.3128697387398066,1.0280650973897207e-3,4.6983668910505693e-4,1.3357261005064458e-3
0xcab2d6,runtime,2.859197225270956,2.844578575895904,2.8866774640627,2.777365183255373e-2,2.1827290416542855e-3,3.3760324607500045e-2
0x6a3d9a,runtime wasm,2.6113495066248524,2.6104682078750443,2.6118119386248395,8.37481103985964e-4,1.7322974974831595e-4,1.0679409586980037e-3
