Color,Name,Mean,MeanLB,MeanUB,Stddev,StddevLB,StddevUB
0xa6cee3,ocaml,0.30829498367334207,0.3081580761999703,0.3084885358401243,2.442317331601256e-4,1.2854836015764386e-4,3.3281097923616487e-4
0x1f78b4,ocaml byte,2.0764613820832096,2.0583495234165525,2.109446946624871,3.4353692709269745e-2,5.846684999937679e-3,4.1467221046089665e-2
0xb2df8a,haskell,1.063521533291663,1.0529501399999504,1.0728871012083232,1.5438217081660351e-2,8.806391999939933e-3,2.1628852631189983e-2
0x33a02c,haskell strict,0.5289541789374539,0.5139291719999619,0.5564401613124232,2.8722099643830046e-2,4.887060500095686e-3,3.462933554212299e-2
0xfb9a99,juvix,0.9694620917916458,0.9471313857500263,0.9958327077499689,3.768208840962343e-2,1.4251796180387417e-2,5.010179385094243e-2
0xe31a1c,juvix wasm,0.5652540399582714,0.5616714057498484,0.572397920875062,7.150567611796401e-3,1.979582907841483e-5,8.272120215665783e-3
0xfdbf6f,c,3.7129151109906215e-4,3.6998612786199654e-4,3.7323594145234916e-4,6.3450102409384084e-6,4.86990915921244e-6,8.433232435099756e-6
0xff7f00,c wasm,0.2094928476416625,0.2035508601416268,0.22098843854449415,1.3982692983574541e-2,7.806919669926729e-3,1.8907113134074435e-2
0xcab2d6,runtime,1.0738437807917383,1.060386453000092,1.0801788149583822,1.2790413266074767e-2,3.565058174291945e-3,1.644823256657073e-2
0x6a3d9a,runtime wasm,1.0783379962083852,1.0693137126666747,1.0837764617499488,1.0668553452794428e-2,9.697457715483323e-3,1.2205472018580117e-2
