Color,Name,Mean,MeanLB,MeanUB,Stddev,StddevLB,StddevUB
0xa6cee3,ocaml,0.2323179121248409,0.22928260700002487,0.23789765552737663,6.75738732739217e-3,8.89828797389706e-4,9.460339314805943e-3
0x1f78b4,ocaml byte,1.991564629520705,1.9759303831663906,2.003959446062481,1.8999657405704598e-2,1.242855222419274e-2,2.3677193140768833e-2
0xb2df8a,haskell,1.4082034870833695,1.383553148458418,1.4220265673334325,2.4064981149469037e-2,1.0510664922128956e-2,3.1923036413614596e-2
0x33a02c,haskell strict,0.6801488528332129,0.6727383088749548,0.683700991208184,7.16689747992004e-3,7.07293820660925e-4,8.910606008614236e-3
0xfb9a99,juvix,6.329252157499923,6.306668017999755,6.3400539997501255,2.138794103926077e-2,5.319298501035519e-3,2.7210049955758542e-2
0xe31a1c,juvix wasm,4.2875386605000285,4.264144794750034,4.300319335750146,2.2834858644376614e-2,1.041493516586027e-2,3.1074524352605395e-2
0xfdbf6f,c,7.046021334572828e-4,6.983841563720837e-4,7.128550772652258e-4,2.7821387069849307e-5,2.3320948911614622e-5,3.5991780918009614e-5
0xff7f00,c wasm,0.3572277545627382,0.35516416481266333,0.36069025800043164,3.6892993533288055e-3,4.4311737497082504e-4,4.60560854525823e-3
0xcab2d6,runtime,3.0011403426873358,2.973799974499343,3.026259557750109,3.26486492736284e-2,2.34765990003325e-2,3.8596200936840366e-2
0x6a3d9a,runtime wasm,3.1447803577497475,3.140405802249764,3.147366882124667,5.149956375819474e-3,4.4083894470501915e-3,5.973322176501122e-3
