Color,Name,Mean,MeanLB,MeanUB,Stddev,StddevLB,StddevUB
0xa6cee3,ocaml,0.3082249068833198,0.30814953731664446,0.3083023996333395,1.1235164536902223e-4,9.326768638571952e-5,1.2371642192681286e-4
0x1f78b4,ocaml byte,2.1155599121458977,2.0810339501665567,2.1362065076460226,4.0636690448896735e-2,3.2217461728558876e-2,4.7681269879385785e-2
0xb2df8a,haskell,1.0640791949375625,1.0554990581249513,1.0703639488126555,1.0932729220204555e-2,6.756827142266175e-3,1.4514017366301889e-2
0x33a02c,haskell strict,0.5514616508749745,0.5114788487499785,0.6314211431249532,7.996011703533672e-2,5.866250072983359e-6,9.23326556468548e-2
0xfb9a99,juvix,1.0260269464790213,1.0106748373332266,1.0367705675623142,1.9100671776561964e-2,1.2268262866042138e-2,2.4811330098042126e-2
0xe31a1c,juvix wasm,0.5622693670623183,0.5618780169999507,0.5624687603122046,4.519917475069252e-4,3.9484762498886994e-4,4.6047898598573035e-4
0xfdbf6f,c,3.731643684528114e-4,3.7126098555223243e-4,3.754459324198131e-4,8.162015568460784e-6,6.38670204005616e-6,1.1073944851280434e-5
0xff7f00,c wasm,0.2171666804583462,0.20411479370830724,0.2532255782918532,3.128325533017487e-2,7.375590236203038e-3,4.283889629890608e-2
0xcab2d6,runtime,1.1002274840208202,1.0679734205000386,1.122658471062664,3.781531985055292e-2,3.2745783428072925e-2,4.274783131464195e-2
0x6a3d9a,runtime wasm,1.072939196812797,1.0567563211251354,1.0826967555004785,1.9366298241100203e-2,1.330175950033663e-2,2.2534116539865864e-2
