Color,Name,Mean,MeanLB,MeanUB,Stddev,StddevLB,StddevUB
0xa6cee3,ocaml,0.3083961204766198,0.3081748859466158,0.3085850314998879,3.022952144357177e-4,1.7126396905421142e-4,4.117219236327524e-4
0x1f78b4,ocaml byte,2.0746432964166295,2.017715065999937,2.1015897421249576,5.477536831077789e-2,7.00981515500957e-3,6.592167052966517e-2
0xb2df8a,haskell,1.0023327145625462,0.9633313825000489,1.0215225025000714,3.7606498121635454e-2,9.40738786584229e-3,4.973855306299479e-2
0x33a02c,haskell strict,0.40615927512500133,0.37591718874995195,0.4300549177499988,3.690514326497884e-2,2.3695770055185344e-2,4.644035160443468e-2
0xfb9a99,juvix,1.117798266249982,1.092432738999984,1.130861589250003,2.9309098754342736e-2,2.549240175434259e-2,3.0168452202292483e-2
0xe31a1c,juvix wasm,0.5911623214374705,0.5907056039999741,0.5914982469374479,5.695300611055161e-4,3.3344581724806e-4,7.274098106446377e-4
0xfdbf6f,c,3.874091900681613e-4,3.846583082618169e-4,3.912638763803824e-4,1.2866049478156544e-5,1.0462399424540098e-5,1.616703622525452e-5
0xff7f00,c wasm,0.21769654626663673,0.2055035289999725,0.2299449098221872,1.9800620338471752e-2,1.3220651146077197e-2,2.6222991072414204e-2
0xcab2d6,runtime,1.0732096689999462,1.065519871999944,1.0843327613749523,1.2877422674238304e-2,3.7011792520214044e-3,1.717911990231425e-2
0x6a3d9a,runtime wasm,1.088453920479272,1.0804630101876,1.0934411755834312,8.20341120218697e-3,4.147910754154288e-3,1.1517572307614738e-2
