Color,Name,Mean,MeanLB,MeanUB,Stddev,StddevLB,StddevUB
0xa6cee3,ocaml,0.3097431643132677,0.30867355679337377,0.31181398966637064,2.3010646276084928e-3,1.23849984129544e-4,2.889432488969045e-3
0x1f78b4,ocaml byte,2.0498127111456483,2.0338414996248275,2.0599745425830633,1.954411193787585e-2,1.1918446676178637e-2,2.3467744463404615e-2
0xb2df8a,haskell,1.051716180333263,1.0450666352498956,1.0562520595416722,7.93887686470517e-3,4.0208437033018045e-3,1.047516432794671e-2
0x33a02c,haskell strict,0.5336616936040173,0.5321144798749629,0.5344118247498955,1.4993749664379268e-3,1.306118751926988e-4,1.7882129620762693e-3
0xfb9a99,juvix,1.0487739952500494,1.0305623710000873,1.0732760286250216,2.7910847808049158e-2,1.1873056943376883e-2,3.645060250191946e-2
0xe31a1c,juvix wasm,0.6814222952915353,0.6612379653749372,0.6955666580414382,2.3207508985136533e-2,1.313455057095264e-2,3.266500656468871e-2
0xfdbf6f,c,3.777428022374166e-4,3.7653277543055793e-4,3.795567763910369e-4,5.84073472796898e-6,4.5978737167997046e-6,7.62179598094226e-6
0xff7f00,c wasm,0.2047550360639788,0.20188434864728858,0.2104845269167678,6.996443389225086e-3,4.417313991316764e-5,9.400583125085182e-3
0xcab2d6,runtime,1.074107463625258,1.0637657843750503,1.0791119890005423,1.0082846702904338e-2,1.5404859997639742e-3,1.2830942604607114e-2
0x6a3d9a,runtime wasm,1.0690355636249553,1.037290627624884,1.084911338125001,3.013573816009586e-2,7.054683750008395e-3,3.666353072478081e-2
