Color,Name,Mean,MeanLB,MeanUB,Stddev,StddevLB,StddevUB
0xa6cee3,ocaml,0.310869957723365,0.3101045219634337,0.31236513423321716,1.6226223557831633e-3,1.6128826664791348e-4,2.064217545225728e-3
0x1f78b4,ocaml byte,2.0214262322082845,1.9823974839998755,2.0604549804166936,5.7286959728558455e-2,2.474784944861872e-2,7.868711052716593e-2
0xb2df8a,haskell,1.0167008593124744,0.9970370452500295,1.0283647524999349,2.2972758705762156e-2,1.9334905374914058e-2,2.6177025409178403e-2
0x33a02c,haskell strict,0.37011897777080094,0.3699072541667192,0.37033070137488266,3.147580333801159e-4,1.4247074892335973e-4,4.3570180673855734e-4
0xfb9a99,juvix,1.593359243520884,1.576484165187594,1.602789794583335,1.6242983655851626e-2,6.5696801151807e-3,2.1778924778049994e-2
0xe31a1c,juvix wasm,0.7202879576248241,0.6981522293748981,0.7313455973747031,2.134007431441304e-2,2.90272874974562e-3,2.5560159140280266e-2
0xfdbf6f,c,5.695947739293887e-4,5.680184109177166e-4,5.710273525605336e-4,5.951696155100355e-6,5.116539162675552e-6,7.074034544381911e-6
0xff7f00,c wasm,0.208966130772362,0.20553237672243085,0.21892307255560203,8.279272998026516e-3,5.104870799958932e-4,1.1242665657076057e-2
0xcab2d6,runtime,1.566114866520896,1.5597817636668574,1.5698204915000815,7.420841230575204e-3,6.5093710832874185e-3,8.557774316994267e-3
0x6a3d9a,runtime wasm,1.0762345115833039,1.0578910727501807,1.0847281904998454,1.761172512831482e-2,5.963430345329833e-3,2.3465308574383933e-2
