Color,Name,Mean,MeanLB,MeanUB,Stddev,StddevLB,StddevUB
0xa6cee3,ocaml,0.308098612580067,0.3079883677001362,0.30819192200001455,1.5524811295727992e-4,1.0503781243951774e-4,2.237873870073034e-4
0x1f78b4,ocaml byte,2.0555786361457913,2.0448710778747454,2.0630776532292616,1.3504039745538526e-2,7.178124161289852e-3,1.7318238127197065e-2
0xb2df8a,haskell,1.0137698634165986,1.0066960355001129,1.0187458109994623,8.345825172671783e-3,7.010708895995593e-3,9.38136808436057e-3
0x33a02c,haskell strict,0.4426044766458593,0.4125966688752669,0.47350738166657413,4.109460803372542e-2,2.1306479909136342e-2,5.5285413346067645e-2
0xfb9a99,juvix,0.9813457430418188,0.9489841391671993,0.9971791783333781,3.1640319040753116e-2,1.8711245760569262e-3,3.8436877087170085e-2
0xe31a1c,juvix wasm,0.6953962128748307,0.687494188624953,0.6994368457496876,7.832639693822564e-3,4.197604997291937e-4,9.366820493133384e-3
0xfdbf6f,c,3.680363409267823e-4,3.6697504632569097e-4,3.692827202167894e-4,4.786173673572851e-6,3.833102318899041e-6,6.011963504062632e-6
0xff7f00,c wasm,0.2029822257666385,0.20065927901663497,0.20970140455564332,5.586265151393203e-3,4.5441958614507796e-4,7.568383912164055e-3
0xcab2d6,runtime,1.1153059007709014,1.0747706342916294,1.1375757847083985,4.700340559344539e-2,4.265670337508709e-2,5.034290614861986e-2
0x6a3d9a,runtime wasm,1.0851942296666077,1.0778173477501696,1.0889069679997192,7.210100687431541e-3,6.926764996251222e-4,8.91800648399106e-3
