Color,Name,Mean,MeanLB,MeanUB,Stddev,StddevLB,StddevUB
0xa6cee3,ocaml,0.30851492831979466,0.30834664423981545,0.30865236319950784,2.3840991839511644e-4,1.4837270960819536e-4,3.1044095519108035e-4
0x1f78b4,ocaml byte,2.060836735916799,2.019418494125034,2.0900933171668235,5.015732209725891e-2,2.7928973588836628e-2,6.756518024107872e-2
0xb2df8a,haskell,1.087668855333258,1.078488943916644,1.096848766749872,1.6404487785196237e-2,3.31143958332325e-3,1.9433011389958482e-2
0x33a02c,haskell strict,0.5482281087916098,0.5248448050834138,0.5716114124998057,3.340421690320987e-2,1.677164884189945e-2,4.6276224201571306e-2
0xfb9a99,juvix,0.9775610915415504,0.9722279603330815,0.981205804249953,6.566903173574356e-3,4.2466023714551075e-3,8.417103453260449e-3
0xe31a1c,juvix wasm,0.5649368331250647,0.5639154513752374,0.5664642231250809,1.6929033668990452e-3,5.440276321618828e-4,2.2566312621588244e-3
0xfdbf6f,c,3.835670181238574e-4,3.818436376923077e-4,3.8573892693815156e-4,7.439173925644425e-6,6.104681832434242e-6,9.784912747926521e-6
0xff7f00,c wasm,0.22057162660562932,0.21019614760552438,0.23440343762795238,1.9513569555973987e-2,1.3389891065140056e-2,2.5590793663326207e-2
0xcab2d6,runtime,1.1041727546041973,1.069008024625191,1.12012347877076,3.36790355750662e-2,1.4586944462874576e-2,4.437284571210162e-2
0x6a3d9a,runtime wasm,1.0897126198542537,1.0881444003334764,1.090624056854267,1.8372100193271962e-3,1.5735329575380871e-3,2.10487358922847e-3
