Color,Name,Mean,MeanLB,MeanUB,Stddev,StddevLB,StddevUB
0xa6cee3,ocaml,0.3103558883864904,0.310244126666718,0.3104334452196599,1.5042444799865477e-4,1.2219237477575259e-4,1.7124321177884976e-4
0x1f78b4,ocaml byte,2.0582134047499685,2.0163810421249195,2.1312854317499728,7.499134354623273e-2,1.6500800981081726e-2,9.60424254144771e-2
0xb2df8a,haskell,1.0224222305416408,1.000899993625012,1.040713492750001,2.956437600918909e-2,1.8083777775020907e-2,3.7254916089976234e-2
0x33a02c,haskell strict,0.3718187809375877,0.371060154125189,0.3731592566874724,1.3845617323191336e-3,2.0654600029956782e-4,1.6953894984366074e-3
0xfb9a99,juvix,1.546110228479165,1.5152739233749344,1.5682743016250242,3.838377473816636e-2,2.0027661822562444e-2,4.7189540510650614e-2
0xe31a1c,juvix wasm,0.7059820949166541,0.6775682111248784,0.7228766982916758,2.903465584124509e-2,1.016195117419975e-2,3.901641522568293e-2
0xfdbf6f,c,5.752437636103946e-4,5.739948905634678e-4,5.768821899420075e-4,5.577924054933924e-6,4.6223530731906115e-6,7.391355242323262e-6
0xff7f00,c wasm,0.2125024867001558,0.20856883982232324,0.21819371342226077,7.7059331207802164e-3,4.903089049638798e-3,1.0511431807137928e-2
0xcab2d6,runtime,1.5787621536456224,1.5451735132494377,1.5949463944372155,3.408500952532392e-2,1.656869469553556e-2,4.761212482353911e-2
0x6a3d9a,runtime wasm,1.0664220525208254,1.043292146625049,1.0774654580833005,2.1904846155979e-2,5.495593875025406e-3,2.79125768839681e-2
