Color,Name,Mean,MeanLB,MeanUB,Stddev,StddevLB,StddevUB
0xa6cee3,ocaml,0.9545181899792775,0.9543005920832759,0.9546650589169682,2.557105995162797e-4,2.2248787632587599e-4,2.9267982866493307e-4
0x1f78b4,ocaml byte,2.136841636729135,2.136283402958422,2.1372137158123223,7.026760561393996e-4,3.723093750522821e-4,8.592798353519749e-4
0xb2df8a,haskell,1.2279217338750072,1.2272080618749897,1.2284109867500206,8.543526444929616e-4,4.3842550626525426e-4,1.1298811163629895e-3
0x33a02c,haskell strict,0.7238105391249215,0.723312661749901,0.7243288549999534,6.505286998316405e-4,3.308272090598625e-4,7.962289524948042e-4
0xfdbf6f,c,6.292297575679554e-4,6.279416450533843e-4,6.310068330083842e-4,5.7775801188448125e-6,4.5439519485459185e-6,7.861418267759203e-6
0xff7f00,c wasm,0.3190984729366483,0.31465385546662217,0.32738809545997355,8.901102363099603e-3,1.3438800767522968e-3,1.1688974272782808e-2
0xcab2d6,runtime,2.90909502856249,2.8831120421251626,2.927700752124906,3.0627210163778416e-2,1.7037058826850315e-2,4.2968078028914995e-2
0x6a3d9a,runtime wasm,2.4435436197290983,2.4275279396666747,2.4505195692916004,1.5602363554705578e-2,7.721424152941265e-3,2.0876363350125302e-2
