Color,Name,Mean,MeanLB,MeanUB,Stddev,StddevLB,StddevUB
0xa6cee3,ocaml,0.3094424688800367,0.3084014740000384,0.31037393340008446,1.500313592303789e-3,1.144000868833969e-3,1.8770213786974638e-3
0x1f78b4,ocaml byte,2.0672727824166564,2.043815994249883,2.0804957030833675,2.322002088295467e-2,1.3209691483141321e-2,3.0537027225594756e-2
0xb2df8a,haskell,1.0248288780625312,1.015225896250115,1.0295033021250788,9.306727626773755e-3,9.300156250257041e-4,1.1625513040302167e-2
0x33a02c,haskell strict,0.4540487674166703,0.4474472713332981,0.46210968925007023,1.0574701613370886e-2,4.758543586837081e-3,1.4683323889265654e-2
0xfb9a99,juvix,1.0201037147291931,0.9723254226250901,1.0444970765833355,4.6597691897141774e-2,1.7246093595046526e-2,6.338150254411982e-2
0xe31a1c,juvix wasm,0.6823004411458555,0.6552000380626168,0.6959986123957833,2.561821020210823e-2,1.0534981541695743e-2,3.163457143420559e-2
0xfdbf6f,c,3.7001873980216707e-4,3.6894255390990306e-4,3.715968705838151e-4,4.9835420645030375e-6,3.959574751072071e-6,6.171665595477764e-6
0xff7f00,c wasm,0.20416460665001576,0.20099444298334423,0.21046076933335675,7.541967150820879e-3,4.1236893164521646e-4,1.0273974291985273e-2
0xcab2d6,runtime,1.0779572684584007,1.0692802933750158,1.087131962500166,1.171500738177388e-2,6.060260869871807e-3,1.4657827235287213e-2
0x6a3d9a,runtime wasm,1.079895081604235,1.0715851423751133,1.0848732785208597,9.789396757350577e-3,8.195000798290261e-3,1.1496653319568968e-2
