Color,Name,Mean,MeanLB,MeanUB,Stddev,StddevLB,StddevUB
0xa6cee3,ocaml,0.24076124364702994,0.2319371615338241,0.24849000856684142,1.1804803133423247e-2,7.325318820772526e-3,1.5246825563620316e-2
0x1f78b4,ocaml byte,2.0738298419789394,2.0546558067499063,2.0849469488122168,1.9005686691415117e-2,6.296493703260611e-3,2.5673858491210347e-2
0xb2df8a,haskell,1.4583688102918966,1.4485241375000442,1.4631003002502894,9.352317828159611e-3,4.180276713493876e-3,1.1808389941254376e-2
0x33a02c,haskell strict,0.7058114798753271,0.6932360001255802,0.7144076558752583,1.4640980249400472e-2,7.958607499631398e-3,1.9852018110246724e-2
0xfb9a99,juvix,6.7920582296248995,6.745149463999951,6.8189750084998195,4.6281085769088515e-2,1.4937065749563772e-2,6.216163811661091e-2
0xe31a1c,juvix wasm,4.509369308854654,4.477051081875743,4.5416875358335655,5.17746946629745e-2,1.9462686429970337e-2,7.048633742830573e-2
0xfdbf6f,c,7.705882621480859e-4,7.57562003833232e-4,7.916713712521509e-4,6.998376435358029e-5,4.725796980634692e-5,1.1392854610988255e-4
0xff7f00,c wasm,0.36581371554158676,0.35420082533331276,0.37939907716660554,1.6746657196418376e-2,6.300534807971528e-3,2.2375798194829814e-2
0xcab2d6,runtime,3.078872525229182,3.058348713479328,3.117833330416412,3.910365156494212e-2,2.1046023333231023e-3,4.6214578998622996e-2
0x6a3d9a,runtime wasm,3.319331572917008,3.276809689583388,3.346714394916944,5.183909140993634e-2,3.213519983957855e-2,6.323791861133843e-2
