Color,Name,Mean,MeanLB,MeanUB,Stddev,StddevLB,StddevUB
0xa6cee3,ocaml,0.20690058116116336,0.20558104427785415,0.20862653462234246,2.452608925472064e-3,1.4653526022258747e-3,3.5613077484742323e-3
0x1f78b4,ocaml byte,1.8481522903956982,1.8261541446666647,1.8662796048126893,2.6534638439990117e-2,1.7971218420340104e-2,3.295179111818522e-2
0xb2df8a,haskell,1.3553128716876017,1.3506420338749194,1.3582167814377044,5.43101490500187e-3,4.887332055549888e-3,5.879112902377245e-3
0x33a02c,haskell strict,0.656576795021048,0.6423434172506859,0.6688426383331413,2.0363166984980058e-2,1.0738368915646e-2,2.832675175229921e-2
0xfdbf6f,c,7.483755118993847e-4,7.345950130706241e-4,7.648790145792913e-4,5.884156873025631e-5,4.9687641906466654e-5,7.2421656563423e-5
0xff7f00,c wasm,0.3420663423746646,0.3368060133745985,0.3469188916244548,7.2468746642036395e-3,5.014472940594352e-3,8.965749695028637e-3
0xcab2d6,runtime,2.8039548173334574,2.7685402101668233,2.8346603680835565,4.3595336071425315e-2,2.593704098715413e-2,5.3098580748658884e-2
0x6a3d9a,runtime wasm,2.452432739562596,2.425429183437359,2.4648816966255254,2.6608460821618107e-2,1.1077317243655413e-2,3.647731996319337e-2
