Color,Name,Mean,MeanLB,MeanUB,Stddev,StddevLB,StddevUB
0xa6cee3,ocaml,0.31021609178003773,0.31013789214003734,0.31026529869998287,9.597180440805805e-5,6.891171058317744e-5,1.2377029040618658e-4
0x1f78b4,ocaml byte,2.085489563520819,2.0465933334999704,2.1303058729999407,5.5240251862317874e-2,2.4010808142519862e-2,6.997636836265707e-2
0xb2df8a,haskell,1.0342878946667515,1.007464421583374,1.0814965391252258,4.682785488292244e-2,8.99830991666778e-3,6.045340175704821e-2
0x33a02c,haskell strict,0.3866064530625029,0.36978730737496335,0.39907458306254284,1.99956202710834e-2,1.6290859185814698e-2,2.3310906108319526e-2
0xfb9a99,juvix,1.5541690119374418,1.5203931028748912,1.5825597308750048,4.169578120785354e-2,2.2407781874979604e-2,5.212784296262791e-2
0xe31a1c,juvix wasm,0.7351869310832247,0.7319988140000078,0.7406919746250651,5.791430346542821e-3,6.623924998621078e-4,7.201908153453454e-3
0xfdbf6f,c,5.6716043148715e-4,5.660033000921812e-4,5.685888141369659e-4,5.161603399691626e-6,4.249816205198674e-6,6.3997414014100025e-6
0xff7f00,c wasm,0.2148723417054599,0.2053543841443065,0.22456519396655494,1.5892104291556002e-2,1.0309672168553151e-2,2.0844658383241448e-2
0xcab2d6,runtime,1.6023985470832447,1.593206885416445,1.6115902087500444,1.367625043365312e-2,6.457744456309974e-3,1.8802597778644587e-2
0x6a3d9a,runtime wasm,1.0929873340625893,1.0915125154999714,1.0936828298126784,1.409063247232207e-3,6.652194122441482e-4,1.7997689423968446e-3
