Color,Name,Mean,MeanLB,MeanUB,Stddev,StddevLB,StddevUB
0xa6cee3,ocaml,0.6974574048959047,0.6969983161250184,0.6979177283124613,6.472836976788065e-4,3.3192873556763496e-4,8.632943926543268e-4
0x1f78b4,ocaml byte,1.8507644204792655,1.8494940077918045,1.8513930913542822,1.1985249602675739e-3,3.7317516671464546e-4,1.4671014939997788e-3
0xb2df8a,haskell,1.2671551599789268,1.2663848324996252,1.267665427666543,9.296613405113427e-4,6.361812901199518e-4,1.1579159464000716e-3
0x33a02c,haskell strict,0.5230996082917349,0.5227664878750602,0.523415882625045,4.250185929309512e-4,2.40252750018044e-4,5.159355965249223e-4
0xfdbf6f,c,6.415732307682897e-4,6.40090211567237e-4,6.437321765588661e-4,6.929681876279814e-6,5.43279200684831e-6,9.044747458356694e-6
0xff7f00,c wasm,0.31421311007663466,0.3115374349033482,0.3169625306665694,3.831142813953432e-3,3.1991412705548307e-3,4.478768842539007e-3
0xcab2d6,runtime,2.8362587930206664,2.7992287005416,2.856699789937295,4.3191150272045384e-2,3.8588663194847446e-2,4.720646028927957e-2
0x6a3d9a,runtime wasm,2.6107238839998863,2.609936985249931,2.6112435642498895,9.338814995121881e-4,6.018401155502071e-4,1.2842573614457356e-3
