Color,Name,Mean,MeanLB,MeanUB,Stddev,StddevLB,StddevUB
0xa6cee3,ocaml,0.3083900248633108,0.30824548398340995,0.3084721643432931,1.6268230317933782e-4,8.53005830935922e-5,2.2494823024022284e-4
0x1f78b4,ocaml byte,2.0413037041042705,2.014542870916974,2.090530143916643,5.0728875385999316e-2,2.8930238719634335e-3,6.1388053900422485e-2
0xb2df8a,haskell,1.0640207404791984,1.024273771791646,1.1388654269375706,7.61695631616304e-2,6.8785559583753875e-3,9.086025468331513e-2
0x33a02c,haskell strict,0.4710289636875397,0.45086220731244947,0.5105913153126949,3.941310065909592e-2,1.2883373750582905e-3,4.657312888735982e-2
0xfb9a99,juvix,1.058456987145841,1.0443580960000531,1.0788685090208598,2.2875374607700765e-2,5.165642347855135e-3,2.9356005432667375e-2
0xe31a1c,juvix wasm,0.6909641511874725,0.6699670476875781,0.7013476967499628,2.076984057912358e-2,9.975994998967508e-4,2.4821331055541716e-2
0xfdbf6f,c,3.794558059265928e-4,3.7815507443884406e-4,3.815342845446006e-4,6.38202768551081e-6,4.771626070893112e-6,8.610220379729353e-6
0xff7f00,c wasm,0.20848124881106414,0.20202684153328568,0.2276866300277839,1.573253474583673e-2,2.7623381413600066e-4,2.116948337574193e-2
0xcab2d6,runtime,1.1249130059792094,1.0712073176666763,1.153799052979224,5.1068163723005294e-2,2.0911803408747515e-2,6.670946804513024e-2
0x6a3d9a,runtime wasm,1.0890454423750573,1.0886496670001407,1.089441217749974,5.471328271226602e-4,2.5383910228114005e-4,7.413792334154534e-4
