Color,Name,Mean,MeanLB,MeanUB,Stddev,StddevLB,StddevUB
0xa6cee3,ocaml,0.6966997079166314,0.6966494764166479,0.696727872583286,4.9869089524531505e-5,2.0554704499948833e-5,6.857506684829633e-5
0x1f78b4,ocaml byte,1.8518768528957896,1.8510168640416773,1.852520762874974,1.0673024402498156e-3,6.39875744298814e-4,1.361950905962985e-3
0xb2df8a,haskell,1.293794911624957,1.2827035990000013,1.3041301938749825,1.6938256213380534e-2,1.0057090928592947e-2,2.3868311956812063e-2
0x33a02c,haskell strict,0.5231813149790318,0.5227686908330422,0.523900500166595,7.497888641486828e-4,6.633916639958715e-5,9.223351453021727e-4
0xfb9a99,juvix,5.933825044729342,5.933211850312489,5.934130809208417,6.009711257714542e-4,4.227733309880577e-5,7.324647529160537e-4
0xe31a1c,juvix wasm,3.955723497999827,3.9550563783748203,3.9568927033748764,1.2024266787460129e-3,1.9959778221967763e-4,1.5406467803173458e-3
0xfdbf6f,c,6.403620640124544e-4,6.381159764852657e-4,6.429785916391937e-4,9.724132393251732e-6,7.08817016069464e-6,1.342027873496207e-5
0xff7f00,c wasm,0.43039920514587493,0.4300568892916772,0.4306356948334269,4.2959524880638604e-4,2.052270416470492e-4,5.245566389434707e-4
0xcab2d6,runtime,2.8204310651458777,2.7988411786667102,2.835921358708371,2.733261598815549e-2,1.4086406449555862e-2,3.577330063252712e-2
0x6a3d9a,runtime wasm,3.2222621763125594,3.21841045031249,3.2242135450625256,3.675990228049627e-3,1.8338698602190684e-3,4.506493092324986e-3
