Color,Name,Mean,MeanLB,MeanUB,Stddev,StddevLB,StddevUB
0xa6cee3,ocaml,0.9541980546457012,0.9540764071666672,0.9543197021247352,1.7020246555546066e-4,8.426006632865079e-5,2.3390821729049607e-4
0x1f78b4,ocaml byte,2.134395635020875,2.1341158733750945,2.1345649225208185,3.32697014903257e-4,2.6899998874158277e-4,3.9095273465125885e-4
0xb2df8a,haskell,1.2837508013124648,1.280192620124808,1.2902630966875108,6.580715245882893e-3,5.526402501345729e-4,8.098502473945113e-3
0x33a02c,haskell strict,0.720807827312664,0.7198975489374675,0.7218570351251401,1.2462663332401883e-3,2.807264621106434e-5,1.522578896977074e-3
0xfdbf6f,c,6.335081541050814e-4,6.320064652845264e-4,6.354215655877104e-4,7.096093540136816e-6,5.899194357291853e-6,8.994301346975796e-6
0xff7f00,c wasm,0.33020209141025586,0.32782571376017583,0.3316388182601986,2.660302707342757e-3,1.126727022893191e-3,3.6877821939239174e-3
0xcab2d6,runtime,2.908445887812453,2.8544507419999263,2.9624410336249793,6.894238958696786e-2,3.447521515469495e-2,9.02212327244859e-2
0x6a3d9a,runtime wasm,2.346637363500084,2.3438780550001566,2.3487905855000313,3.6546198445363363e-3,2.1765211923827446e-3,4.972653205178076e-3
