Color,Name,Mean,MeanLB,MeanUB,Stddev,StddevLB,StddevUB
0xa6cee3,ocaml,0.6966639612915818,0.696603209791609,0.6967811311249079,1.1813029401233456e-4,2.3333333653563493e-6,1.3756338420082886e-4
0x1f78b4,ocaml byte,1.851678747437499,1.8498046724375665,1.854461288124753,3.1561092079502723e-3,1.1071962499803467e-3,4.010824462661034e-3
0xb2df8a,haskell,1.2744991513330888,1.2713636024166135,1.2762357032081582,3.6620912382372486e-3,3.232409316209244e-3,4.009612748929967e-3
0x33a02c,haskell strict,0.5225627757916792,0.5224066903749076,0.5226411342500796,1.5426124390585978e-4,5.33316657919114e-6,1.8028451093258206e-4
0xfb9a99,juvix,5.940226048937291,5.936618682875064,5.9421961483122345,4.183670285230564e-3,3.697602464566452e-3,4.549749617816597e-3
0xe31a1c,juvix wasm,3.964747949312558,3.9615765979375133,3.967977558125085,5.9860894435994514e-3,5.143975001071777e-4,7.323922280307676e-3
0xfdbf6f,c,6.355217767369774e-4,6.339170319814753e-4,6.377058181939371e-4,7.162083798227785e-6,5.825549695072149e-6,9.016250732974813e-6
0xff7f00,c wasm,0.4297894706251289,0.42916567775023395,0.4300704135000615,5.984134972017953e-4,2.2578878141859616e-4,7.984465546185231e-4
0xcab2d6,runtime,2.8251080829584034,2.793748717749736,2.8636274308755105,4.670023005427179e-2,1.6369847173869162e-2,6.259075774633326e-2
0x6a3d9a,runtime wasm,3.2187879226665927,3.2166544092500544,3.2198239537082145,2.0158908053069828e-3,5.623665831535618e-4,2.465612035249802e-3
