Color,Name,Mean,MeanLB,MeanUB,Stddev,StddevLB,StddevUB
0xa6cee3,ocaml,10.792458581604128,10.791289084124912,10.793284025874982,1.4544455373808785e-3,9.594488323062492e-4,1.8905279717430672e-3
0x1f78b4,ocaml byte,55.155917992458264,55.07848009537503,55.286000268583315,0.13985649809358106,2.8828438750110763e-2,0.1698992748600705
0xb2df8a,haskell,9.541493950062545,9.539828927437497,9.543888350499856,2.77370851291232e-3,8.11960624787389e-4,3.5394031012313952e-3
0x33a02c,haskell strict,9.50667717425002,9.506071550249924,9.507036605625103,7.025240007030667e-4,6.257273229192039e-4,7.663135482928596e-4
0xfb9a99,juvix,13.86473428000007,13.863646133749967,13.865381988250192,1.212974848637524e-3,3.9613950002603815e-4,1.495818130259043e-3
0xe31a1c,juvix wasm,27.701790065708337,27.691225447624902,27.707987052750013,1.0575424801258131e-2,4.18563966729975e-3,1.4537726543649793e-2
0xfdbf6f,c,7.163891161291777,7.163383013083413,7.164588498666679,8.181648993523373e-4,2.7026983593636284e-4,1.0955021209071625e-3
0xff7f00,c wasm,9.298908396750145,9.294033015500304,9.301057216000078,4.696977051400099e-3,1.9691661212992003e-3,6.296725218434187e-3
0xcab2d6,runtime,11.953758444687688,11.952235448562911,11.956356981375166,2.7857957334146955e-3,3.363891246408457e-4,3.334326188849196e-3
0x6a3d9a,runtime wasm,26.111473755291758,26.10988811358326,26.112739028625356,2.0132038724408542e-3,1.211106759769112e-3,2.6574679451923885e-3
