Color,Name,Mean,MeanLB,MeanUB,Stddev,StddevLB,StddevUB
0xa6cee3,ocaml,7.21835525172916,7.214700953500028,7.223523373166624,5.737748380093446e-3,2.202227007839013e-3,7.4880990460970236e-3
0x1f78b4,ocaml byte,50.60800012672913,48.84660695149995,51.84165435679163,2.196511466145121,1.358491142276666,2.849002407254016
0xb2df8a,haskell,8.102101345145826,7.612554150312377,8.92419741350011,0.917639784530359,0.2976004959583065,1.125827659026562
0x33a02c,haskell strict,8.283004264729186,7.952931913708312,8.476042936812576,0.39055156047625267,0.3315360654670902,0.4458037171654111
0xfb9a99,juvix,10.624572147458204,10.561391691624976,10.658558446874764,6.023633275787324e-2,1.1916370250048658e-2,7.848799646763864e-2
0xe31a1c,juvix wasm,16.97261767920845,16.924405578833483,17.061062320958353,9.135228030796277e-2,2.8888733005335288e-3,0.10991562331558843
0xfdbf6f,c,3.9128407585832385,3.906831701166671,3.918046615499776,7.530469150644331e-3,3.8741473232244304e-3,9.603206746071673e-3
0xff7f00,c wasm,5.08698778539581,5.060631407562568,5.099812683354125,2.5193262484661395e-2,4.092053791718175e-3,3.124961419329417e-2
0xcab2d6,runtime,9.534909641166763,9.102903860333356,9.797128035500151,0.5129095691904322,0.4073262083480279,0.605567442219412
0x6a3d9a,runtime wasm,15.126978120270925,15.090101748250163,15.157511038270874,4.4729980978313835e-2,3.051195367657642e-2,5.624276776832975e-2
