Color,Name,Mean,MeanLB,MeanUB,Stddev,StddevLB,StddevUB
0xa6cee3,ocaml,7.215288893104159,7.210797363625005,7.219780422583312,5.848793790522289e-3,3.2569748003648123e-3,7.816357026429018e-3
0x1f78b4,ocaml byte,50.771263423020876,49.4390963043126,51.44670093987503,1.288440000541686,0.20424369575115509,1.6403759370591633
0xb2df8a,haskell,8.085447840520828,7.899377802354138,8.434541823187544,0.33409790722880983,5.769888868927564e-2,0.4297103464946501
0x33a02c,haskell strict,8.298196802833369,7.64378375416671,9.314375994750094,1.110545744295846,0.1832849941666459,1.427115360703265
0xfb9a99,juvix,10.334873597104178,9.963657652249935,10.586111271416712,0.4593764351647497,0.2770779471766431,0.580208555579669
0xe31a1c,juvix wasm,16.962636508645875,16.92684974675018,17.00583634574997,5.213988343239252e-2,1.891579112486852e-2,6.634425839653157e-2
0xfdbf6f,c,3.905407825166615,3.9002328965000004,3.9125187856665584,8.193081540928028e-3,3.5415139642466778e-3,1.0603682016458758e-2
0xff7f00,c wasm,5.083012650187499,5.056476132,5.096771366499979,2.6092739760128936e-2,2.932038937787179e-3,3.224216100120331e-2
0xcab2d6,runtime,9.480965566499966,8.8911850369999,9.807984562999973,0.6886884112619122,0.6085766462489868,0.7552180226375997
0x6a3d9a,runtime wasm,15.092485307416686,14.98703484300006,15.221308057249985,0.170552252030325,7.7773337226056e-2,0.23733444069310863
