Color,Name,Mean,MeanLB,MeanUB,Stddev,StddevLB,StddevUB
0xa6cee3,ocaml,10.790111498479234,10.42815414033339,11.152068856625078,0.5939828804096938,9.208685216956547e-2,0.7588614262966799
0x1f78b4,ocaml byte,64.36904093014589,62.92010576575012,64.99205083120835,1.4251460413953665,0.4381439319569028,1.9073926924639728
0xb2df8a,haskell,8.663544499875039,8.522837585125217,8.729951508750066,0.135344917748351,4.533233810716067e-2,0.1806980947857627
0x33a02c,haskell strict,8.729644252729107,8.613237968229063,8.86104602491658,0.16573239659270916,7.806606778466396e-2,0.21113578350885365
0xfb9a99,juvix,12.351664162999876,12.23236934999996,12.531234233499788,0.19570142607058297,2.929129548536888e-2,0.24959382491018103
0xe31a1c,juvix wasm,30.726507686770805,30.05285033016677,31.955608948062434,1.2626210605134605,7.767580216674652e-2,1.524539127380576
0xfdbf6f,c,5.787200775166791,5.635613283125053,6.049974819625163,0.2839738382572905,7.707940405980368e-2,0.35007631734430855
0xff7f00,c wasm,8.0896536129167,7.6238642223332445,8.4993050287502,0.5810727140719928,0.3414816739638265,0.7440237944341103
0xcab2d6,runtime,10.446332725854006,10.262060645833117,10.553272888812387,0.21350214444871343,0.1850344501665404,0.23031355335541373
0x6a3d9a,runtime wasm,25.743985807083316,25.583715134499926,25.904256479666707,0.30544400038398367,1.5125312655538792e-2,0.3642849881055528
