Color,Name,Mean,MeanLB,MeanUB,Stddev,StddevLB,StddevUB
0xa6cee3,ocaml,7.209739769979166,7.208406308812499,7.212102261499979,2.485797709997265e-3,2.3823666041082733e-4,3.0794966541151233e-3
0x1f78b4,ocaml byte,54.08183372070838,52.45866509062503,54.93752736599998,1.5399593907200466,0.450581118399894,1.9905120189127559
0xb2df8a,haskell,8.294082002249988,7.67108192162497,9.431174840625033,1.124810995994164,0.20526579775915277,1.4387570570160528
0x33a02c,haskell strict,8.406899718687555,7.79315977237502,9.18826537200016,0.969813972135737,0.37805479601902225,1.3259893220013865
0xfb9a99,juvix,10.654755796333356,10.619595529875028,10.717446507000005,6.598119702571657e-2,1.1869932833330488e-2,8.022063174636203e-2
0xe31a1c,juvix wasm,17.00616350908329,16.95403353466653,17.052108237624964,6.726339152297561e-2,3.2335965000015676e-2,8.896092587300516e-2
0xfdbf6f,c,3.918787140145772,3.9069984752500204,3.9355141013122648,1.822105362606968e-2,5.125410041652456e-3,2.2596236685777076e-2
0xff7f00,c wasm,5.098160620812564,5.09602806262501,5.099305845875051,2.050660785183831e-3,1.0131741831324323e-3,2.644783992438401e-3
0xcab2d6,runtime,9.252604528145847,9.019127207333364,9.684711667062459,0.4343035511185337,4.567970186233378e-2,0.5391927760830386
0x6a3d9a,runtime wasm,15.195610688458345,15.134620289249995,15.238064041958353,7.573773656105384e-2,4.811132902371208e-2,9.804182028492785e-2
