Color,Name,Mean,MeanLB,MeanUB,Stddev,StddevLB,StddevUB
0xa6cee3,ocaml,10.78450656200018,10.781895072749915,10.786613467625614,3.2638507490413086e-3,1.5664957500876042e-3,4.222142600511558e-3
0x1f78b4,ocaml byte,56.59374975433334,56.4615660171667,56.672407225000086,0.15386281896250953,0.1360199448193663,0.17135544217468507
0xb2df8a,haskell,10.095092933166598,10.090622188083444,10.098982356374677,5.656048993593489e-3,3.006268528846174e-3,7.31847498010203e-3
0x33a02c,haskell strict,10.09217103083328,10.085245676375052,10.095661553499895,6.746603640368012e-3,9.171446701324347e-4,8.455282856448669e-3
0xfb9a99,juvix,12.387559678895778,12.385167878749826,12.389423315875206,2.9360810448799267e-3,1.8212149697637153e-3,3.7003137009510565e-3
0xe31a1c,juvix wasm,29.769269180562542,29.748732185812383,29.780780873625115,1.9944178095829254e-2,9.744617533166007e-3,2.6585116354019844e-2
0xfdbf6f,c,7.601871893395905,7.600292039812473,7.60265626950013,1.5511687525413685e-3,1.1499233338918557e-4,1.890648637985977e-3
0xff7f00,c wasm,9.790725487791727,9.786910615750116,9.793301853916697,4.628809841643843e-3,2.3124000088165534e-3,5.949862703129409e-3
0xcab2d6,runtime,11.417682300250135,11.413148517250193,11.424533608750153,7.336922492991915e-3,1.4775049999116163e-3,8.905534293199348e-3
0x6a3d9a,runtime wasm,26.77442882704158,26.766089693625077,26.78654578887506,1.357778360257701e-2,5.781413165884314e-3,1.8057427952171953e-2
