Color,Name,Mean,MeanLB,MeanUB,Stddev,StddevLB,StddevUB
0xa6cee3,ocaml,7.185123114270842,7.1537704495416765,7.205292295583338,3.850591535709976e-2,2.3801911024776967e-2,4.65787290404173e-2
0x1f78b4,ocaml byte,52.97439175118752,50.69564868612498,55.25313481625005,3.839386997870305,1.2517876491249922,5.163290595558629
0xb2df8a,haskell,8.136422732791715,8.07228167725009,8.24080079962502,0.11382202955546696,2.1630529750041205e-2,0.14637727045422216
0x33a02c,haskell strict,7.7738214925624805,7.190126888000084,8.069549284812402,0.5999755734230913,0.5004238084378831,0.6829540818493806
0xfb9a99,juvix,11.809017111895704,11.621995380583106,11.940971205395746,0.2171229259090166,0.1344579406537014,0.3047349256116888
0xe31a1c,juvix wasm,16.64013066889592,16.49852133987514,16.807234374062517,0.21022913016840908,8.171243741941883e-2,0.28579959409210404
0xfdbf6f,c,3.8897164253750134,3.8737860464999585,3.89999453837504,1.916910616283444e-2,1.3974635935397536e-2,2.373628522930718e-2
0xff7f00,c wasm,5.064006088458275,5.050066353374916,5.07761292649991,2.0030795011321424e-2,7.124913068831895e-3,2.677730601050551e-2
0xcab2d6,runtime,9.208287729145903,8.859363667312493,9.610698182500073,0.47748523987075325,0.1969584468751009,0.5833895985715275
0x6a3d9a,runtime wasm,15.058384547041735,14.903165204666758,15.150558112666724,0.15455373727147959,7.877110630769761e-2,0.21286573170302095
