Color,Name,Mean,MeanLB,MeanUB,Stddev,StddevLB,StddevUB
0xa6cee3,ocaml,10.785321253979058,10.784016541499795,10.786227746187421,1.5586840435318587e-3,1.159242477583952e-3,1.8936074137966762e-3
0x1f78b4,ocaml byte,55.190167577854254,55.03939984087492,55.28147600535442,0.17820902288851195,0.14219073012532135,0.21086778078601034
0xb2df8a,haskell,9.536727211062669,9.535706622375528,9.53721721656251,9.78855987989927e-4,1.3258424996820395e-4,1.2253293840578453e-3
0x33a02c,haskell strict,9.504915302437439,9.502612174624915,9.50796964137487,3.510545155342998e-3,1.0346111250782997e-3,4.454524351339635e-3
0xfb9a99,juvix,13.861155387958357,13.85875446462478,13.86243075304181,2.3508764128810926e-3,1.236021249951591e-3,2.945329496987442e-3
0xe31a1c,juvix wasm,27.68203706462492,27.681218952124993,27.682608922499924,1.01832529247965e-3,4.925092498524464e-4,1.3206491922825043e-3
0xfdbf6f,c,7.1622890776665145,7.161096933166618,7.162934923416515,1.1365887107674401e-3,4.5106575883586074e-4,1.4915168704705088e-3
0xff7f00,c wasm,9.291497727083273,9.28972363774983,9.292936218374962,2.2667145726807925e-3,1.3446985046431975e-3,3.005870542331255e-3
0xcab2d6,runtime,11.949854189687434,11.947518427312389,11.951117552499909,2.286825858607624e-3,7.229993038170507e-4,3.061159191752358e-3
0x6a3d9a,runtime wasm,26.09122802689575,26.087417503062227,26.097292212249727,6.574367212972318e-3,5.556536388869084e-4,7.97623048398851e-3
