Color,Name,Mean,MeanLB,MeanUB,Stddev,StddevLB,StddevUB
0xa6cee3,ocaml,10.941323808708356,10.935061450833283,10.947846817166766,8.651252877726855e-3,4.471684662892687e-3,1.1608481063297765e-2
0x1f78b4,ocaml byte,63.24694228331263,63.1444964452503,63.30829941631255,0.12217850183738203,9.863955072984412e-2,0.14169822901684137
0xb2df8a,haskell,9.26415535170842,9.26166002908341,9.26914580737514,4.978816134160811e-3,3.506183353874093e-5,5.762481853434842e-3
0x33a02c,haskell strict,9.260797745875152,9.258291844000269,9.261635085625244,1.6706604799017156e-3,6.870466433498562e-7,1.9347839514327555e-3
0xfb9a99,juvix,11.840618178750125,11.837055617625046,11.846369646750267,6.038285985862329e-3,2.3145766388917104e-3,8.227382498276247e-3
0xe31a1c,juvix wasm,22.56200831172917,22.550284744833412,22.5724245804376,1.4948935344651266e-2,7.629540816741503e-3,1.9444877195771947e-2
0xfdbf6f,c,7.131888891916579,7.1272807012499015,7.137730266999881,7.147376279586854e-3,2.5427834869837553e-3,9.70072582552406e-3
0xff7f00,c wasm,9.162020932750067,9.160366054500173,9.163160817000005,2.046215629543676e-3,1.0299879999138284e-3,2.6324499141857096e-3
0xcab2d6,runtime,10.92560894604164,10.921097111625045,10.928047641124977,4.457010830763334e-3,2.687473992952776e-3,5.631925051343738e-3
0x6a3d9a,runtime wasm,19.491632112749738,19.47226056424961,19.514590284499945,2.7035423702732972e-2,1.0823410053537881e-2,3.3529830503105595e-2
