Color,Name,Mean,MeanLB,MeanUB,Stddev,StddevLB,StddevUB
0xa6cee3,ocaml,7.229364852041726,7.211769383166711,7.26332651162511,3.434976152972294e-2,2.090582333266866e-3,4.049336150738374e-2
0x1f78b4,ocaml byte,52.27927301264589,50.715695709000045,53.08257547077085,1.5054325287833659,0.3503546468507788,1.9524605164902862
0xb2df8a,haskell,8.810982895874949,8.353097732374977,9.567843246499896,0.8169438128825938,0.21407684774995506,1.0175097498863517
0x33a02c,haskell strict,8.717264465687549,7.969945172874986,9.13066469681263,0.8643681040047341,0.7751767127146498,0.9122855337702399
0xfb9a99,juvix,12.008829800479134,11.771289963583285,12.246369637374983,0.345920291358661,0.15782890210303935,0.4771228666553609
0xe31a1c,juvix wasm,16.803959864604128,16.644231662666545,17.069612475666606,0.2810460002223325,6.0877784916746336e-2,0.35633573452518164
0xfdbf6f,c,3.909902856625024,3.9041158909999467,3.915390624374993,7.522479518124284e-3,3.8280985774645604e-3,9.831201501524478e-3
0xff7f00,c wasm,5.10539519872907,5.100674549583232,5.109080327666561,5.801411045664606e-3,3.5822377317986922e-3,7.31840743044108e-3
0xcab2d6,runtime,9.785832239145861,9.267874235416684,10.17322017506251,0.6713637711629242,0.43227713166065096,0.8946341163291642
0x6a3d9a,runtime wasm,15.057170537020758,14.949992530749796,15.16434854329172,0.15028196526474774,7.411978527177433e-2,0.20661455355124023
