Color,Name,Mean,MeanLB,MeanUB,Stddev,StddevLB,StddevUB
0xa6cee3,ocaml,7.213824064770809,7.2115268598749935,7.216996672124935,3.6693864101908697e-3,8.574213750307536e-4,4.870706715471328e-3
0x1f78b4,ocaml byte,49.531411516604216,48.51508131437504,50.20971566910422,1.2705207925442177,0.6760520994583493,1.566476340153274
0xb2df8a,haskell,8.289880107770784,8.111066863145766,8.612032557187433,0.32688859591566377,3.9437426306969225e-2,0.4129514996757
0x33a02c,haskell strict,8.433220814729149,7.993967814229146,8.709947904166635,0.45446737855355696,0.23967634160254456,0.6390738383151768
0xfb9a99,juvix,10.636674976083262,10.608350544333254,10.688488423374906,5.116214996932361e-2,9.111379249873153e-3,6.541247318204066e-2
0xe31a1c,juvix wasm,16.993965392354216,16.92921120587505,17.025653241916718,6.109234865313987e-2,2.014588537497275e-2,7.48055712840519e-2
0xfdbf6f,c,3.9058079950207607,3.899616763374752,3.9130219122500876,8.920527787595766e-3,3.3838021618307354e-3,1.193232606704512e-2
0xff7f00,c wasm,5.09112260920826,5.0703130929996405,5.098200002791694,1.3920200128746566e-2,2.711416804428452e-4,1.6481226415242838e-2
0xcab2d6,runtime,10.153360227625077,9.795860028750024,10.51086042650013,0.5643892167710701,0.16565737425799354,0.7503085321292169
0x6a3d9a,runtime wasm,15.080612273791568,14.886104905249795,15.180046430916642,0.18380965563120125,7.076262433323155e-2,0.22963334953122078
