Color,Name,Mean,MeanLB,MeanUB,Stddev,StddevLB,StddevUB
0xa6cee3,ocaml,7.213717068416732,7.212838379250229,7.214796045000014,1.3903719089315024e-3,6.111732370256222e-4,1.8385211254739865e-3
0x1f78b4,ocaml byte,50.41422383414587,48.618277740562604,51.59756618739587,2.245747196432557,1.1156333224583364,2.7179730338650185
0xb2df8a,haskell,8.34299178843751,8.253979830749964,8.488350946312531,0.15231873756474212,5.4295795397523786e-2,0.20556431092800181
0x33a02c,haskell strict,8.167699606500008,7.73542831650002,8.84631742999997,0.7232841088082073,0.16863683599996193,0.8826973033784578
0xfb9a99,juvix,10.62694824468763,10.624834992562484,10.628468613000242,2.5241475096548097e-3,1.5053242022483573e-3,3.511140218214988e-3
0xe31a1c,juvix wasm,17.083765223854233,17.000789209833478,17.13896015354165,0.10384477965667546,5.556216866667363e-2,0.12746723005173072
0xfdbf6f,c,3.9138760301249342,3.9099126379999043,3.9194002793750258,6.765361839506031e-3,2.4211143506532437e-3,9.153062041160316e-3
0xff7f00,c wasm,5.088158922479153,5.053696337062348,5.1042072136458785,3.272671128120313e-2,8.48652420830831e-3,4.2525990968879095e-2
0xcab2d6,runtime,10.205236822833294,9.287438268249986,10.66252511858327,0.8778956018486507,0.45293247223636973,1.0635028876080366
0x6a3d9a,runtime wasm,15.108391777937584,14.988084096312605,15.176521143125001,0.11885917367296776,3.654941079211034e-2,0.15933462447742358
