Color,Name,Mean,MeanLB,MeanUB,Stddev,StddevLB,StddevUB
0xa6cee3,ocaml,7.212578019229184,7.210604395833343,7.214042910312514,2.435547203728674e-3,1.562021241511803e-3,3.1287314011554765e-3
0x1f78b4,ocaml byte,49.513514829395824,48.572523883749966,50.3500867566875,1.1505039941375284,0.7084875940198776,1.42037709575228
0xb2df8a,haskell,8.014352532395876,7.569606267125124,8.326226728729168,0.5488148806966496,0.266253298537614,0.7202426048252979
0x33a02c,haskell strict,8.244515043312495,7.743048663687517,8.872348270249972,0.7812739323078186,0.3611396735136473,1.0228403412060851
0xfb9a99,juvix,10.637173578687461,10.623279911749933,10.649005561812515,1.7893071206092525e-2,1.1690624511422394e-2,2.3764005980771833e-2
0xe31a1c,juvix wasm,17.01082692845829,16.951530927249962,17.051100961541643,7.276990660305055e-2,5.07586653552798e-2,9.300889536810525e-2
0xfdbf6f,c,3.9120370294374993,3.909370778187508,3.9133978973749777,2.5805540088336167e-3,9.104821716310878e-4,3.479183880538302e-3
0xff7f00,c wasm,5.087129933020814,5.057697748208379,5.101708125458269,2.8240336425176323e-2,4.308969458330925e-3,3.398834376752196e-2
0xcab2d6,runtime,9.735999844833353,9.130455520499993,10.16542737900005,0.7149656081377903,0.43939242664810674,0.9917204097943181
0x6a3d9a,runtime wasm,15.235194064500027,15.16933825199997,15.28523577900008,8.293357157673259e-2,5.620700793938581e-2,0.10897495568562987
