Color,Name,Mean,MeanLB,MeanUB,Stddev,StddevLB,StddevUB
0xa6cee3,ocaml,7.2178411006041046,7.2170929457499255,7.219120473229125,1.3220202467732916e-3,2.3789679353655073e-4,1.702588479048552e-3
0x1f78b4,ocaml byte,53.524286490729175,51.75587452537502,54.48595391991669,2.0541638323899263,1.850778254520248,2.220875796449227
0xb2df8a,haskell,8.289962922291721,7.913696799083311,8.489971531875113,0.4354557579777881,0.37960834236667435,0.46190009833285695
0x33a02c,haskell strict,8.236415383041702,7.9003803188332995,8.460799716166719,0.4135663208919249,0.2504721893477807,0.518193420526651
0xfb9a99,juvix,11.977573594124957,11.842572125749939,12.070830763999954,0.1671538817409296,0.10573989166344891,0.21536820852476996
0xe31a1c,juvix wasm,16.73226252999991,16.57344950599969,16.813564802000013,0.172183170019303,0.15502150400023673,0.1877595544999472
0xfdbf6f,c,3.912773380874995,3.90520573699996,3.92034102475003,1.2090892498946756e-2,6.846989103248228e-3,1.707513738675474e-2
0xff7f00,c wasm,5.110445171354144,5.107535041333222,5.1158981217291455,5.446168937778553e-3,3.0492908440927016e-4,6.53954531859122e-3
0xcab2d6,runtime,9.682311660375015,9.092270757000012,10.43091423800007,0.8875684689381407,0.28823349847083457,1.179442112825384
0x6a3d9a,runtime wasm,15.203329419041731,15.106471562249965,15.261294329375204,0.11246287069149481,9.819969656874786e-2,0.12206402813144639
