Color,Name,Mean,MeanLB,MeanUB,Stddev,StddevLB,StddevUB
0xa6cee3,ocaml,11.101505706374951,11.06474914537489,11.159451541375006,6.090650096867571e-2,1.2248934750004992e-2,7.72222352921231e-2
0x1f78b4,ocaml byte,63.00473282989598,62.66015104462508,63.22746732345846,0.3658814687624032,0.19591334474707753,0.5143832792644609
0xb2df8a,haskell,8.491469472687262,8.461658324249584,8.52128062112494,4.678341470538819e-2,2.3739885720518657e-2,6.55158981218295e-2
0x33a02c,haskell strict,8.818416652875271,8.75607801575029,8.910907328874941,0.10772346943868517,3.1703664446411775e-2,0.1439649157000882
0xfdbf6f,c,5.468261118041748,5.426385165291587,5.544427527500147,7.744691031231644e-2,7.449357332764972e-3,9.373631177009646e-2
0xff7f00,c wasm,7.777534774645574,7.677942831145856,7.833361583749593,0.10503748050698412,4.86993322854468e-2,0.1447449925565947
0xcab2d6,runtime,10.271386951395925,10.24299051866683,10.29444635868731,3.407156278659605e-2,2.5231896090561423e-2,4.034685623011323e-2
0x6a3d9a,runtime wasm,24.54487237427107,24.409949370041808,24.67979537850033,0.2087577145040822,0.10476826750193818,0.2915523906460581
