Color,Name,Mean,MeanLB,MeanUB,Stddev,StddevLB,StddevUB
0xa6cee3,ocaml,7.2241235375833,7.2205570203749545,7.229441018374956,6.0078568041784545e-3,2.2962421545482336e-3,7.63553679190864e-3
0x1f78b4,ocaml byte,50.68709106189584,49.78699308062505,51.911699318812396,1.4157922927002822,0.30969022637509624,1.8739992721725303
0xb2df8a,haskell,8.581435732604168,7.643353463437592,9.089592240708367,0.9269735772743202,0.38373131536468397,1.2750697589330175
0x33a02c,haskell strict,8.178392963479174,7.648460069062537,8.73504017758334,0.7243222529214859,0.34867072196668003,0.9076999015443459
0xfb9a99,juvix,10.602581672270938,10.55468351204168,10.634074494937693,5.585872685299949e-2,4.906470095526163e-2,6.259823395080755e-2
0xe31a1c,juvix wasm,17.082999751624982,17.013476733749883,17.203570559250068,0.12411317458922404,1.9991058488907004e-2,0.1596616674243612
0xfdbf6f,c,3.921136004458352,3.9150765413334248,3.928762401250026,9.091691449964167e-3,3.60538633176567e-3,1.1994866957175703e-2
0xff7f00,c wasm,5.08841319831248,5.0647389969999494,5.106438120749999,2.9343943799855082e-2,1.495993987498423e-2,3.739897537479077e-2
0xcab2d6,runtime,9.495189031854258,9.084887644000105,9.755487559937592,0.43866672383370797,0.20798257056947347,0.6011337010343062
0x6a3d9a,runtime wasm,15.236108724812482,15.132169461187459,15.282917882687457,9.946145307294464e-2,3.480482649478277e-2,0.13193632773448738
