Color,Name,Mean,MeanLB,MeanUB,Stddev,StddevLB,StddevUB
0xa6cee3,ocaml,10.682693832104272,10.613414181125108,10.719953030000056,6.59826204600235e-2,3.0258652257879506e-2,8.604643173968049e-2
0x1f78b4,ocaml byte,66.34720750860413,65.96239785650005,66.82354028218742,0.6157758664075278,0.29002076315542274,0.7915949083354297
0xb2df8a,haskell,11.688781678125034,11.619294636749979,11.750198950125233,9.053180940302342e-2,5.1704540499940776e-2,0.1111623450413872
0x33a02c,haskell strict,11.494056772874993,11.40734576650008,11.537673876374962,8.23986107444004e-2,3.864811274994917e-2,0.1001288909645173
0xfb9a99,juvix,14.591593629395694,14.546922423979009,14.655443715583337,7.76395413124444e-2,2.817779054581132e-2,0.10316372988939496
0xe31a1c,juvix wasm,34.87777544572926,34.67526628325004,35.03679824943765,0.25031043876882353,0.16063884197753225,0.3223430148874127
0xfdbf6f,c,6.825211799041729,6.811418247333373,6.834947507624975,1.6430364562068915e-2,1.258929552210695e-2,1.9789050461742064e-2
0xff7f00,c wasm,9.251879283041395,9.160549174499408,9.314300272666534,0.10207484537696437,6.2261306370217914e-2,0.14415510065262654
0xcab2d6,runtime,13.341989806624724,13.25659496137473,13.38254167749983,8.196215922114795e-2,1.560503200016683e-2,0.10761504321098943
0x6a3d9a,runtime wasm,31.223790287374754,31.010511348624846,31.571727269999087,0.36808074481908415,3.6148919749848574e-2,0.45759011025290436
