Color,Name,Mean,MeanLB,MeanUB,Stddev,StddevLB,StddevUB
0xa6cee3,ocaml,7.221323059416686,7.215378185041668,7.226676914249936,8.167930312397004e-3,4.6618524143403894e-3,1.088564660894653e-2
0x1f78b4,ocaml byte,52.64330673372917,51.489872426354175,54.10177612791657,1.8622432513488438,0.7933725344275078,2.4712586199137423
0xb2df8a,haskell,7.816420849354122,7.555559277749921,8.02838854160415,0.3212748421000398,0.21579644135147186,0.41295082484942097
0x33a02c,haskell strict,8.415166260000015,7.91330477424998,8.754746232250037,0.5672430608550868,0.2949415475076686,0.7842263535598222
0xfb9a99,juvix,10.67938111912494,10.65221504012493,10.72617455699995,4.679974195928782e-2,1.5077440250024665e-2,6.273737209393247e-2
0xe31a1c,juvix wasm,16.9521561084167,16.92651066616683,16.968923272791624,2.8073700177142325e-2,1.3182013245047142e-2,3.872210746164061e-2
0xfdbf6f,c,3.9107109975624326,3.905614288062452,3.9175115514998424,8.558900081846278e-3,3.4834054503288525e-3,1.1770346407180337e-2
0xff7f00,c wasm,5.099946574604151,5.090556789312416,5.104810842541686,9.03015122891161e-3,1.7226054533813085e-3,1.1703692858323223e-2
0xcab2d6,runtime,10.233330750270758,9.833644266458313,10.439997722187456,0.3843527314353012,8.035425008406144e-2,0.5016953230831712
0x6a3d9a,runtime wasm,15.192114163645991,15.130158640333585,15.230906021833428,6.913597151191839e-2,2.6479658597897353e-2,8.958595906753099e-2
