Color,Name,Mean,MeanLB,MeanUB,Stddev,StddevLB,StddevUB
0xa6cee3,ocaml,10.880788285395758,10.879184469499933,10.881839878374876,1.9574030241225845e-3,9.391785230581169e-4,2.4285499582892248e-3
0x1f78b4,ocaml byte,67.86646073441666,67.71438514704171,68.16646056129157,0.2933861239041577,2.070336383318505e-2,0.3480078161482257
0xb2df8a,haskell,10.027488778791678,10.017053746499869,10.031220328666791,7.1278376557124615e-3,3.268091188757347e-5,8.666697476243835e-3
0x33a02c,haskell strict,10.035416337583266,10.032880267083252,10.039585957999975,4.722960661019494e-3,1.6374931668297066e-3,5.8084370020718284e-3
0xfb9a99,juvix,14.845264169979222,14.839236787749996,14.849179725416738,7.4824144465053186e-3,4.31429253137781e-3,9.042587943506254e-3
0xe31a1c,juvix wasm,35.6346337893331,35.62576178816637,35.64792217358323,1.4743534802920484e-2,2.6979938331059827e-3,1.9135989268779987e-2
0xfdbf6f,c,6.941758253749906,6.940593008874771,6.944054826249953,2.297670226818513e-3,3.2255250137946945e-5,2.6705805554418345e-3
0xff7f00,c wasm,9.580389806354313,9.575661965208344,9.583446022687724,5.724209817106697e-3,3.704582194343059e-3,7.058029291184542e-3
0xcab2d6,runtime,13.714183423562417,13.707908637062246,13.720134611499816,8.513800943807317e-3,5.594921737115442e-3,1.0578311946566542e-2
0x6a3d9a,runtime wasm,32.13932664841665,32.13337070124987,32.1436674889167,7.184877526382856e-3,3.8435057508544724e-3,1.0024741724850371e-2
