Color,Name,Mean,MeanLB,MeanUB,Stddev,StddevLB,StddevUB
0xa6cee3,ocaml,7.211644900479139,7.210285426729167,7.212488991166633,1.42279960604988e-3,8.473608470267791e-4,1.9493439425800152e-3
0x1f78b4,ocaml byte,52.17975689374996,51.217886689749946,53.51326297924996,1.4615917781676762,0.4274518225000179,1.8454140040420712
0xb2df8a,haskell,9.064812949624942,8.738111284374895,9.29107757287496,0.3731033889020662,0.22961665645373125,0.5225357645659472
0x33a02c,haskell strict,8.48649153829165,7.890080299749968,9.082902776833333,0.972013644744372,0.4345396605200389,1.3509391807532423
0xfb9a99,juvix,12.299360504812503,12.224721297250085,12.388913126499915,0.10812821254342546,3.9817195624948454e-2,0.13207863402780873
0xe31a1c,juvix wasm,16.65462272958329,16.473145545999955,16.78906846399991,0.21306825231500265,0.18479447635211602,0.23910171602567823
0xfdbf6f,c,3.9119328391041015,3.9062931414373736,3.9150806559999864,5.518520185867602e-3,1.97321078475774e-3,7.49876732444565e-3
0xff7f00,c wasm,5.101010244541679,5.089841111541669,5.106491793916727,1.0537160430721292e-2,3.690436666753616e-3,1.2901391769685652e-2
0xcab2d6,runtime,9.278395428708308,9.03102029283329,9.543048121416632,0.4254228167313967,0.1352970391954622,0.5712884051530471
0x6a3d9a,runtime wasm,15.084652716312556,14.976613094625066,15.138197756500043,0.10201769538276659,2.962334712503889e-2,0.12476304533947295
