Color,Name,Mean,MeanLB,MeanUB,Stddev,StddevLB,StddevUB
0xa6cee3,ocaml,7.217922117520852,7.215362405666687,7.220694054020835,3.8639826311829485e-3,1.9328686272287944e-3,5.392883901475159e-3
0x1f78b4,ocaml byte,51.024700869208374,49.93019041212503,51.99806469075003,1.3899424391417938,0.7009201520773953,1.9171835767302075
0xb2df8a,haskell,8.334092541125083,7.823633290250011,9.297647603000238,0.9670672558888546,6.26355506003965e-2,1.1788551436122316
0x33a02c,haskell strict,8.049563083958361,7.463464054166707,8.426740018499999,0.6828344685885027,0.6142889738090636,0.7426708962839962
0xfb9a99,juvix,10.653971464958326,10.626175251499888,10.701794752874974,4.8925282554681905e-2,2.5876203978927106e-3,5.8671726996044615e-2
0xe31a1c,juvix wasm,16.99511589658341,16.93703658000007,17.08377103925011,9.931074608667294e-2,2.506846233334592e-2,0.12131869395422283
0xfdbf6f,c,3.909417948416632,3.9051556100000084,3.913680286833255,6.213642153767628e-3,3.3285281776025467e-3,8.618694440896897e-3
0xff7f00,c wasm,5.098985206895851,5.081940643125051,5.111963856770832,2.2210854932784782e-2,1.4086272410952528e-2,2.9972907996152442e-2
0xcab2d6,runtime,9.990216770229173,9.133185516937601,10.40568429360413,0.8235085781974856,0.4181902898749285,1.0197477533269297
0x6a3d9a,runtime wasm,15.151786520729189,15.07906572881248,15.203243853645887,8.459766826481838e-2,4.910585511023499e-2,0.11883562004494277
