Color,Name,Mean,MeanLB,MeanUB,Stddev,StddevLB,StddevUB
0xa6cee3,ocaml,10.877059973416806,10.862225980666722,10.894671185416883,2.3384498014065887e-2,1.0941267234444755e-2,3.099539926831325e-2
0x1f78b4,ocaml byte,67.38776616810433,67.15494898933352,67.62271014341688,0.34041572884609933,0.17495216708782468,0.4749073911335865
0xb2df8a,haskell,12.014720183895898,11.99805329081255,12.022883977979252,1.6122394779818878e-2,1.6520145416807352e-3,1.9253244945712296e-2
0x33a02c,haskell strict,11.891031750666627,11.878877969083305,11.899779185791601,1.5420479808490907e-2,8.901068211153787e-3,2.0201336096489855e-2
0xfb9a99,juvix,14.82839563189585,14.80585984168738,14.846938831687567,2.853830351784471e-2,1.9990030375083734e-2,3.428356315567195e-2
0xe31a1c,juvix wasm,35.336800280437444,35.01132281137495,35.51223334349993,0.37609194134903656,0.32899497866599825,0.3898277719680253
0xfdbf6f,c,6.90821317187518,6.879550531125005,6.922272630375346,2.709717898132556e-2,7.220302750283736e-3,3.372460481227094e-2
0xff7f00,c wasm,9.48162211318756,9.47289493156247,9.485806530500176,8.2742399342753e-3,1.9029890002757455e-3,1.0094257394640059e-2
0xcab2d6,runtime,13.269205026270734,13.183197367999924,13.412939590312476,0.1554015422401056,4.124309750000066e-2,0.1898278803674018
0x6a3d9a,runtime wasm,29.50377117435416,29.05566524937501,30.22958003043749,0.7722294661350502,0.20241420845022107,0.9720736090568212
