Color,Name,Mean,MeanLB,MeanUB,Stddev,StddevLB,StddevUB
0xa6cee3,ocaml,7.212377834895865,7.211041519208341,7.21478515283339,2.3722863711911077e-3,5.30387041673297e-4,2.8133994215493304e-3
0x1f78b4,ocaml byte,52.60899296350001,50.93466237175005,54.56666073450003,2.5096775226465624,1.1374386770055451,3.4393861473159903
0xb2df8a,haskell,7.710003707562521,7.396218387687554,7.863074297187495,0.2985704604055323,0.14109201670621382,0.37115477109028505
0x33a02c,haskell strict,7.654520931145706,7.316890274499883,8.329053832624936,0.6745207239747786,7.952766128389577e-4,0.779724602004545
0xfb9a99,juvix,11.644716217291583,11.558358000249825,11.768202678666436,0.14510273177304375,4.716833974987367e-2,0.1775348336997691
0xe31a1c,juvix wasm,16.616349787624813,16.542256836499973,16.668872112249574,8.705340363773025e-2,6.927502074995573e-2,0.10064350839924471
0xfdbf6f,c,3.912105356312452,3.908577990187439,3.917976120749927,6.553385087505139e-3,2.157275999934427e-3,8.024683557869271e-3
0xff7f00,c wasm,5.09418138562495,5.076046186624978,5.103094950749892,1.7660201715637636e-2,1.3452979999328818e-3,2.0946766034501713e-2
0xcab2d6,runtime,10.171342209645749,9.891590598374933,10.372985656770728,0.3543139799278184,0.21055494638742955,0.465675593911724
0x6a3d9a,runtime wasm,15.222066746625046,15.134049099249978,15.29683175362527,0.10828788494440086,6.046160999994755e-2,0.13345299600351654
