Color,Name,Mean,MeanLB,MeanUB,Stddev,StddevLB,StddevUB
0xa6cee3,ocaml,10.825705076291607,10.783976061999965,10.853699554416531,5.14396140828446e-2,3.171855261219726e-2,6.465047792499225e-2
0x1f78b4,ocaml byte,67.58688585766659,67.52596963224983,67.63195665762487,7.210342084309851e-2,5.8819905083431934e-2,8.600296501063508e-2
0xb2df8a,haskell,12.059867469250037,12.028898900249999,12.081728611875064,3.677048563395151e-2,2.103270027694726e-2,5.048614631741017e-2
0x33a02c,haskell strict,11.897223397416647,11.822430177499882,11.95707182749993,8.729298092043214e-2,7.857685952813889e-2,9.515598779206409e-2
0xfb9a99,juvix,14.685578777937565,14.592885844624902,14.74606633899998,0.11168162140216409,7.850494583011958e-2,0.13891772166767768
0xe31a1c,juvix wasm,35.393285586437344,35.24736011106239,35.46363595474986,0.13988306132649075,1.962088400000539e-2,0.1745332336261247
0xfdbf6f,c,6.810158836875151,6.770173114749809,6.829571054375302,3.818873432826061e-2,6.372797500186156e-3,4.751247373411042e-2
0xff7f00,c wasm,9.31608096587479,9.306462508250206,9.325930018625058,1.5358571465919114e-2,8.88124101111195e-3,2.1701740697005326e-2
0xcab2d6,runtime,13.620405227125085,13.545879173499998,13.665030325625253,8.656572453525084e-2,7.534111278950016e-2,9.437916415964842e-2
0x6a3d9a,runtime wasm,31.943290105729414,31.804645157937443,32.02001481206287,0.1340169460373914,6.463374341195446e-2,0.1771881194204616
