Color,Name,Mean,MeanLB,MeanUB,Stddev,StddevLB,StddevUB
0xa6cee3,ocaml,7.233032294729132,7.228348461437477,7.235905042916632,5.430028111123555e-3,2.1406696666494973e-3,6.6443561222071365e-3
0x1f78b4,ocaml byte,51.10777188874994,50.266030958125015,51.895803474124904,1.1565673200684987,0.7807347053450517,1.4374580728925128
0xb2df8a,haskell,8.101215128437644,7.331697286437617,8.531125683937688,0.8727714413723491,0.7587697627100637,0.9928358997816472
0x33a02c,haskell strict,7.727299017895831,7.253714622499956,8.187653153937475,0.608245683241147,0.3196668869582595,0.7687930281438976
0xfb9a99,juvix,10.656479692333429,10.654495149000013,10.657893740583498,2.494374292527667e-3,1.5354957600859946e-3,3.2656045512985178e-3
0xe31a1c,juvix wasm,17.099935090104186,17.036241490833312,17.15020430741676,8.249812623484079e-2,5.0150989725999566e-2,0.1108276855935939
0xfdbf6f,c,3.9265521008750475,3.9212093902500555,3.9297017650000425,5.447115683645322e-3,2.643791649316328e-3,7.6275401057638815e-3
0xff7f00,c wasm,5.119140455833275,5.095567065208314,5.144606213166526,3.4145941454045314e-2,1.609364241387305e-2,4.535098864107483e-2
0xcab2d6,runtime,9.855586214270867,9.3973837745001,10.48796329293748,0.7372233151361014,0.3270445766144563,0.9483892915582556
0x6a3d9a,runtime wasm,15.105773196583385,14.998568844625169,15.177813379208345,0.13281107664051564,6.722704658922433e-2,0.16636967532396166
