Color,Name,Mean,MeanLB,MeanUB,Stddev,StddevLB,StddevUB
0xa6cee3,ocaml,10.887161073958472,10.844464280125521,10.917579175041663,5.1234112189642494e-2,3.2892883960259425e-2,7.024759539446872e-2
0x1f78b4,ocaml byte,67.9600768673331,67.73351113524996,68.1125997071664,0.2573313221633108,0.12878195294363604,0.3522364105412776
0xb2df8a,haskell,9.155736123333233,9.12786890349986,9.169742448833139,2.7562452861566483e-2,8.417516668641767e-4,3.266427929618352e-2
0x33a02c,haskell strict,9.795444413208221,9.739310533999742,9.881029467083257,9.469245339822414e-2,2.214637425015553e-2,0.1191594350263557
0xfb9a99,juvix,14.28583897558326,14.23645566224991,14.314542663999987,5.876674212652849e-2,3.0058668666697486e-2,7.933711609354421e-2
0xe31a1c,juvix wasm,32.576081548187574,32.52374915587495,32.6114711052503,6.646557532294177e-2,3.491211100026703e-2,8.054344978815156e-2
0xfdbf6f,c,5.952363595624983,5.91418740037498,6.012178267624961,6.43760234150457e-2,2.265671168109773e-2,8.505089190007518e-2
0xff7f00,c wasm,8.278383405229116,8.263661087999935,8.290239687853992,1.7641992539001918e-2,1.2213348624982245e-2,2.0721583633889103e-2
0xcab2d6,runtime,11.341015715229142,11.326836157833288,11.350837317749892,1.6807906254925915e-2,1.3302688500061777e-2,2.003384149097237e-2
0x6a3d9a,runtime wasm,28.56895374045852,28.503711417166492,28.63419606375055,9.908785493426121e-2,3.579725379964395e-2,0.13419596420087754
