Color,Name,Mean,MeanLB,MeanUB,Stddev,StddevLB,StddevUB
0xa6cee3,ocaml,7.214261802041662,7.212685509250008,7.216187881124981,2.455454288068834e-3,1.0597520726015222e-3,3.37921698047187e-3
0x1f78b4,ocaml byte,52.54420655241661,50.97687395999995,54.083425014624936,2.026028168346633,1.0089444155415799,2.578772974007603
0xb2df8a,haskell,8.151769724583394,7.65499426949998,8.317751673833376,0.3312111693397233,3.6967422497582447e-3,0.38488461650210815
0x33a02c,haskell strict,7.792519412750011,7.424790435874968,7.99714871737504,0.3590767193088439,0.16778440601236344,0.48764655563748127
0xfb9a99,juvix,11.800874546604177,11.374547793500028,12.042726835041663,0.41387931789419347,0.1881435365370839,0.5585339353340364
0xe31a1c,juvix wasm,16.763737453979207,16.543994265750143,16.931751179874936,0.2613629446484456,0.22036998529943633,0.2994225679755007
0xfdbf6f,c,3.9085020300207987,3.8987030597708383,3.9147352129582487,1.0217102756196932e-2,5.958534072669627e-3,1.4394919387379782e-2
0xff7f00,c wasm,5.104927581354143,5.099274797437488,5.108318139416649,5.688321820857385e-3,2.262431934034559e-3,7.830158440363553e-3
0xcab2d6,runtime,9.462628851479176,9.039835580250042,9.78666882518749,0.5287433380912699,0.3310785498116031,0.6894790213608143
0x6a3d9a,runtime wasm,15.239849840625018,15.18770839225014,15.303259989624848,7.78100435057928e-2,2.8207001544086112e-2,0.10490947765821028
