Color,Name,Mean,MeanLB,MeanUB,Stddev,StddevLB,StddevUB
0xa6cee3,ocaml,10.76527725156266,10.640829790937516,10.828561878875195,0.120301003801192,1.3017716250260492e-2,0.14374131614630023
0x1f78b4,ocaml byte,67.83786759643736,67.45961390118754,68.45088551749988,0.6399170253414302,0.13584454334210538,0.8138538425604455
0xb2df8a,haskell,12.02170267418749,12.010431448125056,12.040920731937206,2.061282385693435e-2,2.8612095145893607e-3,2.602978160497236e-2
0x33a02c,haskell strict,11.825859481291578,11.750802826749918,11.935202371374658,0.12116087373712346,2.1615705692196854e-2,0.15636130609818125
0xfb9a99,juvix,14.264677611770688,14.198380601562178,14.315022968895827,8.593195608605259e-2,5.076835201077738e-2,0.11626762195458606
0xe31a1c,juvix wasm,35.02985099510416,34.654231560499966,35.63136616147923,0.648317802787245,0.10628535499972713,0.7848053989443907
0xfdbf6f,c,6.955125845458402,6.953650081875082,6.956117008583381,1.6374094604363957e-3,8.742769992217806e-4,2.2889931880704403e-3
0xff7f00,c wasm,9.731318902062563,9.63635950100009,9.858705399125029,0.15551503309352066,5.7564589987801285e-2,0.21198550983350908
0xcab2d6,runtime,13.740041895479143,13.736326602500071,13.744294513499767,5.515586153643812e-3,2.55859912357244e-3,7.164495374572939e-3
0x6a3d9a,runtime wasm,32.659056602458314,32.29198826808314,32.860595678416686,0.3605676394827674,0.11307165528211316,0.48517842249668547
