Color,Name,Mean,MeanLB,MeanUB,Stddev,StddevLB,StddevUB
0xa6cee3,ocaml,10.784339246604143,10.782404158874954,10.785665383416623,2.383716490236087e-3,1.6426864882327418e-3,3.0625817826707984e-3
0x1f78b4,ocaml byte,55.07765466779173,55.00121899404174,55.1915634372499,0.1326163486411189,3.8973134267492965e-2,0.1765206272609743
0xb2df8a,haskell,9.536472422416523,9.535821938749677,9.536905769541704,8.023041620489255e-4,4.342730833286623e-4,1.0007723175035994e-3
0x33a02c,haskell strict,9.499661013416471,9.49797676862488,9.50261689279148,3.0533761113970184e-3,4.592111663441756e-4,3.74871970921474e-3
0xfb9a99,juvix,13.85764120654151,13.856698371499874,13.858310585166501,1.1118879307183956e-3,6.315205430472576e-4,1.5458637173137299e-3
0xe31a1c,juvix wasm,24.348445677145758,24.342166013166512,24.3527513976458,7.457275942180351e-3,5.749666468988916e-3,8.914671757492136e-3
0xfdbf6f,c,7.16054826362506,7.160446323000087,7.160650204250032,1.5256679066825591e-4,7.11589099643022e-5,2.09810242231541e-4
0xff7f00,c wasm,9.68536729816653,9.681309432791656,9.688260674666557,4.816328449507598e-3,2.9028981337780126e-3,6.681966804627976e-3
0xcab2d6,runtime,11.964423048979143,11.949534077437306,11.972210092062596,1.42717308286215e-2,2.2612539613956414e-3,1.7983405681692786e-2
0x6a3d9a,runtime wasm,21.658156284062517,21.64069327650001,21.673656268000173,2.1749707070817127e-2,1.1508361125001086e-2,2.7040377681394622e-2
