Color,Name,Mean,MeanLB,MeanUB,Stddev,StddevLB,StddevUB
0xa6cee3,ocaml,7.222681333791702,7.216637665666657,7.229443256750102,8.924146141507768e-3,4.15243716671728e-3,1.1785571711254592e-2
0x1f78b4,ocaml byte,52.0755029607292,51.34113194483341,52.51073767891665,0.8630736832917248,0.6908256880252224,1.0051315268247691
0xb2df8a,haskell,8.59075616439577,8.059107517750022,8.92975914737491,0.5594436418783015,0.2702828369255019,0.7828938539163676
0x33a02c,haskell strict,8.465655559833275,8.38182703737499,8.518492745999879,8.895070506385273e-2,5.1121884943624345e-2,0.1256565867171717
0xfb9a99,juvix,10.571855700083347,10.444959217125017,10.635175373791697,0.12640645267558748,1.2386481666908367e-3,0.14682435173877426
0xe31a1c,juvix wasm,16.966312470479153,16.942314010833343,16.984368129312458,2.9363484490352153e-2,1.7985795956944373e-2,3.4832467665639154e-2
0xfdbf6f,c,3.9171883022916156,3.910632513791635,3.9265384744999494,1.1358786121679421e-2,4.071681677723612e-3,1.5139945020855998e-2
0xff7f00,c wasm,5.092347689437503,5.0782439628749785,5.103258997562506,1.7029992213828827e-2,1.1832824077993746e-2,2.073833723180747e-2
0xcab2d6,runtime,9.045634803208392,8.907946737333381,9.307439663333318,0.2636289351023814,3.3905075460484158e-3,0.30923434528486665
0x6a3d9a,runtime wasm,15.172210483979105,15.020439658291727,15.236868336312398,0.15184013214216424,6.567771985112934e-2,0.20999985618794492
