Color,Name,Mean,MeanLB,MeanUB,Stddev,StddevLB,StddevUB
0xa6cee3,ocaml,7.213372694854139,7.211546110083324,7.214966814749971,2.6390667308412493e-3,1.4051254787511196e-3,3.6814622039166305e-3
0x1f78b4,ocaml byte,51.741022146020846,50.51145839066665,52.91904094200004,1.749017993702595,0.8662788578583771,2.430877150717021
0xb2df8a,haskell,7.776941959708367,7.482502372000027,8.031475424500002,0.3619052281950419,0.21661973868431492,0.43934338184999755
0x33a02c,haskell strict,8.117291594937464,7.6927133776250685,8.415145676812404,0.5235518002533743,0.2534482708749124,0.6878645373989023
0xfb9a99,juvix,10.649205833645814,10.58020167775004,10.688039026124898,6.812758147309296e-2,2.308495912507169e-2,9.189863439395357e-2
0xe31a1c,juvix wasm,17.022672620916683,16.940433152000082,17.105701954416606,0.10621300158789578,5.626682360588614e-2,0.12942104239682117
0xfdbf6f,c,3.9116753056250295,3.901337138000031,3.9258848487500018,1.737475367876327e-2,4.97813889890187e-3,2.3049915640704726e-2
0xff7f00,c wasm,5.101402263749908,5.08583497099994,5.112746480624897,1.8779115555880768e-2,1.089146674996755e-2,2.6198346666080268e-2
0xcab2d6,runtime,9.608614383083307,8.887487277166656,10.062621049708298,0.8388408975578948,0.7515647076579646,0.9050435972489174
0x6a3d9a,runtime wasm,15.201722981645881,15.059857979624894,15.300604180646,0.1763233497018559,0.11135099627209494,0.2283563474420447
