Color,Name,Mean,MeanLB,MeanUB,Stddev,StddevLB,StddevUB
0xa6cee3,ocaml,11.801121663229273,11.517069463958403,12.032907163166632,0.34091635981258517,0.2652089465712229,0.40777362168795356
0x1f78b4,ocaml byte,67.71934186643757,66.850437171375,68.58824656150014,1.2407135305845975,0.5840919129510342,1.7076819867667599
0xb2df8a,haskell,9.148281434041698,8.929442502000086,9.264685899250026,0.21446610746615302,8.313823691502403e-2,0.29179789547242924
0x33a02c,haskell strict,9.734883788729102,9.45202702820821,9.932903878541689,0.3517992845830042,0.19592189868236312,0.45730780863300446
0xfb9a99,juvix,14.566371370457736,14.374694751999186,14.734417733083054,0.2782431997517814,0.1455141126513851,0.38808645079226056
0xe31a1c,juvix wasm,31.13450576931204,30.82885220949917,31.625235128812278,0.5677988943090025,0.21605712925005172,0.6950276203232452
0xfdbf6f,c,6.235322905791804,6.169677349250378,6.2838576104165895,8.595825163623486e-2,4.218996061276929e-2,0.11208609912063498
0xff7f00,c wasm,8.457391184437597,8.288856029250383,8.596113762437312,0.20532976959782367,0.12077070674968127,0.24976126875671495
0xcab2d6,runtime,10.979715670603847,10.838078815332967,11.121352525874727,0.1831871640951376,9.041546943848376e-2,0.23084353694250317
0x6a3d9a,runtime wasm,28.54059787066679,28.340189540125266,28.753360039249856,0.2845150384053167,0.1328611071661787,0.3804651357722965
