Color,Name,Mean,MeanLB,MeanUB,Stddev,StddevLB,StddevUB
0xa6cee3,ocaml,11.501007375749813,11.442726489499972,11.536520519999726,6.968151546433493e-2,4.810007849999789e-2,8.201409356983073e-2
0x1f78b4,ocaml byte,67.38189256145866,66.99974441883371,67.66769025545848,0.48578018990789434,0.2919971517514769,0.6600215022582936
0xb2df8a,haskell,9.227386311083288,9.150106953666938,9.3488627135827,0.13876686739066682,4.158055253903825e-2,0.17846903122852223
0x33a02c,haskell strict,9.638834494228908,9.528693322333009,9.748975666124807,0.15985030226177038,7.28237401311e-2,0.22025077387102487
0xfdbf6f,c,5.997385877624917,5.954881252374814,6.026622318749939,4.823542995221018e-2,3.0210250097091294e-2,6.751866861471212e-2
0xff7f00,c wasm,8.61179605485419,8.5015651496664,8.754535843750318,0.18065627301942996,8.43936299544789e-2,0.23079294859824365
0xcab2d6,runtime,11.518890998812557,11.433727932749965,11.57458597037506,9.973382731284917e-2,4.516756512106938e-2,0.12862202729647715
0x6a3d9a,runtime wasm,26.87129568381219,26.73877527512506,26.97086989787469,0.16594613943929257,9.222334719650623e-2,0.22995679717331866
