Color,Name,Mean,MeanLB,MeanUB,Stddev,StddevLB,StddevUB
0xa6cee3,ocaml,7.213446818979217,7.21129308606254,7.21673010756254,3.6583776330217843e-3,8.553866667093679e-4,4.629452966964193e-3
0x1f78b4,ocaml byte,51.951617715625,50.32044114499996,53.259561331999976,2.012896211108831,1.2296776947706962,2.5541245306824742
0xb2df8a,haskell,8.644103943770896,7.9504403202916665,9.1087669488334,0.8484706441463298,0.5288542747499468,1.0730932442211907
0x33a02c,haskell strict,7.680401593000066,7.4803403447501,8.058418866250037,0.3872295858600185,1.2235472485171983e-3,0.4614106996388757
0xfb9a99,juvix,10.522793126395925,10.326851223125175,10.620098690354212,0.19481308772589775,2.6615507083533885e-3,0.22779086821572006
0xe31a1c,juvix wasm,16.960440148291593,16.920368879749844,17.005818654999985,5.715676657137304e-2,1.646510100965936e-2,7.675600166358887e-2
0xfdbf6f,c,3.907471399729019,3.9044205486248416,3.909478446999856,3.6011244952539124e-3,3.049047316873313e-3,4.243602228527304e-3
0xff7f00,c wasm,5.084773306291652,5.049063222666746,5.101296013916624,3.4050525786507524e-2,7.616434677152308e-3,4.431134679441765e-2
0xcab2d6,runtime,9.745388054875036,9.16456681450012,10.035547435375008,0.5702548455363097,3.39810520000583e-2,0.6706751009161851
0x6a3d9a,runtime wasm,15.106437801812556,14.923545085874991,15.19805779525014,0.17684592546567046,5.204707863063893e-2,0.2351723813298049
