Color,Name,Mean,MeanLB,MeanUB,Stddev,StddevLB,StddevUB
0xa6cee3,ocaml,7.2155907082916615,7.212324870166687,7.221666756666612,5.988437762229905e-3,9.054809464842046e-4,7.542130082335328e-3
0x1f78b4,ocaml byte,52.41090065706248,51.53233200249989,53.07635919424999,1.0496287667262374,0.6421635740358176,1.4618072425681294
0xb2df8a,haskell,7.808761175395877,7.478717071166708,8.448774430437567,0.6451861471977552,1.4413176694449414e-2,0.7563592878021765
0x33a02c,haskell strict,8.006671854208312,7.603719228874866,8.220438215708347,0.3820391751451991,0.1309035940761612,0.493672265422928
0xfb9a99,juvix,11.77418126291669,11.288765592499999,12.059156913583347,0.5713018872192449,0.4988244117133512,0.6581230744995332
0xe31a1c,juvix wasm,16.676656661541738,16.596055701375292,16.726967392708296,9.399673475591319e-2,3.7783680750067106e-2,0.11618765672855468
0xfdbf6f,c,3.9152333396042613,3.9113437123334434,3.921430008187542,6.774724239646387e-3,1.3390216886343823e-3,8.725203777882924e-3
0xff7f00,c wasm,5.095908738854149,5.08557834825001,5.101894734791642,1.2152973266586941e-2,1.0582280941091777e-2,1.3824065463518985e-2
0xcab2d6,runtime,9.059674876562516,8.911032306000095,9.249308982187472,0.2250776214751235,7.176735699992332e-2,0.2886259606620141
0x6a3d9a,runtime wasm,15.221051111291606,15.120869789749975,15.291574001541553,0.12535873105929154,7.615900555255427e-2,0.1628656386793495
