Color,Name,Mean,MeanLB,MeanUB,Stddev,StddevLB,StddevUB
0xa6cee3,ocaml,10.79201282639597,10.791667809687453,10.792263004416856,4.256008827006221e-4,2.539428426179251e-4,5.777613908172458e-4
0x1f78b4,ocaml byte,55.10077507537509,55.05842024262529,55.148781669999906,6.452627821012581e-2,2.8751474572279744e-2,8.438272096921037e-2
0xb2df8a,haskell,9.543811487229087,9.542910611166386,9.545111307500065,1.5213061811538123e-3,4.915792083766135e-4,1.932600352103033e-3
0x33a02c,haskell strict,9.506620457791561,9.505154158624862,9.507656481208283,1.732326742125246e-3,1.005263371961427e-3,2.3925935941236267e-3
0xfdbf6f,c,7.174522325062469,7.1732301542497225,7.175366680312607,1.3870346515988863e-3,7.637886887958301e-4,1.9499549238344597e-3
0xff7f00,c wasm,9.717996277749856,9.713646531249953,9.723285187749676,7.099406933231953e-3,3.311636292118087e-3,9.905476747335235e-3
0xcab2d6,runtime,11.960721614645934,11.95809671420841,11.964862724562579,4.6303195156325045e-3,1.0887120416782636e-3,6.061947896802951e-3
0x6a3d9a,runtime wasm,21.67716931522894,21.666397436999887,21.682568115374806,1.0380994792550065e-2,5.749410168027049e-3,1.246799487006388e-2
