Color,Name,Mean,MeanLB,MeanUB,Stddev,StddevLB,StddevUB
0xa6cee3,ocaml,7.209047632833351,7.208611217875031,7.209344734999988,5.026784173850472e-4,2.5825837275678657e-4,6.861280635375618e-4
0x1f78b4,ocaml byte,50.71621027833326,50.42154429783326,51.25383124012491,0.5458523355863727,5.663135416675047e-2,0.6805019326507992
0xb2df8a,haskell,7.4846100164375,7.464628489749998,7.522059161937534,3.796878790520811e-2,3.3786770000006072e-3,4.521328358095966e-2
0x33a02c,haskell strict,8.234827934291644,7.774378835375018,8.475863989708273,0.5000676562822549,0.43882608699999537,0.5566489259167849
0xfb9a99,juvix,12.131095075708373,11.890560906125017,12.251724354750081,0.23363739118463506,3.0538428500051396e-2,0.2953763050316397
0xe31a1c,juvix wasm,16.677697946458295,16.547810935666575,16.770294165124994,0.1535439490575117,0.12733880578011386,0.1773381174258779
0xfdbf6f,c,3.9016556528124795,3.895008371375013,3.905375402499999,6.68436533542887e-3,1.2431097521638963e-3,8.017172622131651e-3
0xff7f00,c wasm,5.093479629520857,5.078685712250092,5.100675078666654,1.424302545883237e-2,2.984639791634436e-3,1.8805726824424867e-2
0xcab2d6,runtime,9.499963372749866,9.411289294749906,9.647180088999733,0.1596027686004664,2.0728237787878634e-2,0.20231705586720072
0x6a3d9a,runtime wasm,15.045666058458343,14.860938811874803,15.143065944708459,0.17569441062289862,7.828194487191147e-2,0.22493540218217406
