Color,Name,Mean,MeanLB,MeanUB,Stddev,StddevLB,StddevUB
0xa6cee3,ocaml,10.872595988583365,10.86744146991676,10.876019956624987,6.457351994423378e-3,3.5201352869940906e-3,7.907315482106844e-3
0x1f78b4,ocaml byte,66.56618093827103,66.09339247852085,67.43546559833385,0.8810013872048615,9.788657507935916e-2,1.091858178026053
0xb2df8a,haskell,11.459702682416756,11.457747752750038,11.461126823041846,2.510719559990548e-3,1.2219204167349673e-3,3.288911893039138e-3
0x33a02c,haskell strict,11.412989499958712,11.411224123750799,11.413985033041627,2.0605843830508517e-3,1.8345129863300395e-3,2.299085173631077e-3
0xfdbf6f,c,6.40257956537486,6.401787167499758,6.404025915124748,1.49835399086523e-3,1.3634013341038385e-4,1.8299645059824572e-3
0xff7f00,c wasm,9.483481973416625,9.477356459250132,9.489038983499995,7.531632579331928e-3,4.2251430830519965e-3,9.267494019070647e-3
0xcab2d6,runtime,14.364125878937292,14.36194250531264,14.365089989249707,2.108622065867416e-3,9.597606491954336e-4,2.815768006131718e-3
0x6a3d9a,runtime wasm,27.858544828125066,27.826862540249977,27.882979486500062,4.067829844631987e-2,2.5169056057958186e-2,5.434101880199921e-2
