Color,Name,Mean,MeanLB,MeanUB,Stddev,StddevLB,StddevUB
0xa6cee3,ocaml,10.930466402895727,10.930026475145846,10.930738331687309,5.002730081939242e-4,4.3902523450574187e-4,5.564994083759438e-4
0x1f78b4,ocaml byte,63.29368405264571,63.21557374268741,63.33782837845816,7.667761740710312e-2,3.379879884452222e-2,0.10194695356405863
0xb2df8a,haskell,8.455458693625152,8.45372439325024,8.45775970437495,2.8451329045670426e-3,1.0917428163773875e-3,3.894947232876936e-3
0x33a02c,haskell strict,9.408478597833152,9.404367452374856,9.410831412458094,4.030387967539339e-3,1.5047837059799724e-3,5.433592628253878e-3
0xfb9a99,juvix,14.142668347624786,14.141282249749793,14.143698632499687,1.781030337907239e-3,1.1755406834116093e-3,2.3793409994635477e-3
0xe31a1c,juvix wasm,26.478214561249917,26.41709980025007,26.509169967874904,5.794520400507089e-2,2.5570895249757086e-2,7.148844939124349e-2
0xfdbf6f,c,7.148877098166736,7.14586079524986,7.153753531374946,5.306941583133676e-3,8.900221021153187e-4,6.72712435217426e-3
0xff7f00,c wasm,9.168679797166797,9.165291788666687,9.172711400000253,6.212000027757533e-3,1.2871886666898646e-3,7.560671395502114e-3
0xcab2d6,runtime,10.373070204833217,10.369590067666348,10.377537260208348,5.468748190604238e-3,2.117656398983977e-3,7.437041171248666e-3
0x6a3d9a,runtime wasm,24.834864024249953,24.833738320499833,24.835989728000072,1.6178094846042103e-3,9.103256761033874e-4,2.2450709779759204e-3
