Color,Name,Mean,MeanLB,MeanUB,Stddev,StddevLB,StddevUB
0xa6cee3,ocaml,7.216393402833371,7.210864523000083,7.22478989775,9.225937139606299e-3,1.5166610000676428e-3,1.1081052437581354e-2
0x1f78b4,ocaml byte,52.746866458833324,51.70459963824999,53.45355619779167,1.2791647481933768,0.8310125676768486,1.6320300440845896
0xb2df8a,haskell,8.993592838854076,8.583087049708336,9.502415279916553,0.60848122020027,0.15146569080813105,0.8086763287845362
0x33a02c,haskell strict,8.763807180187522,8.69371910150005,8.798450470375087,6.79234914504583e-2,2.3998204539610067e-2,9.169487526343165e-2
0xfb9a99,juvix,10.627112255916652,10.617010810500005,10.641196983124985,1.5508402739021555e-2,4.696154999976443e-3,1.8981663051515957e-2
0xe31a1c,juvix wasm,16.986860413416707,16.931770493833483,17.02416411174994,6.716614055407669e-2,4.642026652499898e-2,8.516499190143788e-2
0xfdbf6f,c,3.906794902249961,3.9015401512499466,3.9095908709999776,4.990306147126203e-3,1.9798659549438245e-3,6.457013241871558e-3
0xff7f00,c wasm,5.09886178564589,5.08588035550008,5.111995474291652,1.684411599537184e-2,8.601469587376034e-3,2.052157602868075e-2
0xcab2d6,runtime,9.52539076060422,9.06106390381268,9.770640656770826,0.4436191095666109,0.20962591880887685,0.5663803742820742
0x6a3d9a,runtime wasm,15.226313056875009,15.170762874000047,15.28186323974997,8.925068519511233e-2,2.037775903902972e-2,0.11701541785859658
