Color,Name,Mean,MeanLB,MeanUB,Stddev,StddevLB,StddevUB
0xa6cee3,ocaml,10.787875609812525,10.786786540125263,10.788449113562345,1.0467622471962217e-3,3.3464937966418986e-4,1.3921941487069099e-3
0x1f78b4,ocaml byte,56.519323197354005,56.44528223999987,56.57133243599981,8.55597005767451e-2,5.2973449185249176e-2,0.12011019173000043
0xb2df8a,haskell,10.883054348229203,10.096769142250196,11.40809929068746,0.9194316119263477,0.8025443304502999,1.0133035708769025
0x33a02c,haskell strict,10.106399240979044,10.103491711208335,10.109306770749754,4.154261312846896e-3,2.3385485823978454e-3,5.753780550810899e-3
0xfb9a99,juvix,12.399144880458323,12.393018078749947,12.40427878200012,7.596247930137437e-3,4.010689250094401e-3,9.518097426053964e-3
0xe31a1c,juvix wasm,29.702765329770823,29.604301946583444,29.752598664166577,9.788992009543529e-2,3.192443031281522e-3,0.11546652853707605
0xfdbf6f,c,7.604743131312603,7.60423986468777,7.604981253874939,4.8340298580695946e-4,1.1978603565519427e-4,6.410152604700823e-4
0xff7f00,c wasm,9.790579046833463,9.78126118975024,9.797098759583454,1.1646623884533825e-2,6.971891187458417e-3,1.505663164498631e-2
0xcab2d6,runtime,11.424859962395677,11.419919621958078,11.428500744208312,6.08208999465649e-3,3.652849783193791e-3,8.408025438341907e-3
0x6a3d9a,runtime wasm,26.794507829875027,26.782432510000035,26.816631303875056,2.2928274715311493e-2,3.1311535000586588e-3,2.762025818814699e-2
