Color,Name,Mean,MeanLB,MeanUB,Stddev,StddevLB,StddevUB
0xa6cee3,ocaml,7.216067713791645,7.212248104583296,7.22271816587498,6.674301523944699e-3,6.65658916659595e-4,8.316069176729066e-3
0x1f78b4,ocaml byte,53.201303535291686,51.50822987075003,55.44982675412501,2.710207451148088,0.9549237327636166,3.6708585173804607
0xb2df8a,haskell,8.630419315333304,7.9903935334583505,9.356260715249903,1.0622480547064104,0.5119699341142,1.478076229815221
0x33a02c,haskell strict,8.223762743979137,8.019969027749937,8.375027413624991,0.2582900210363598,0.16139798801888314,0.3493307909556559
0xfb9a99,juvix,12.04909366410421,11.411122791187495,12.347224845125083,0.6111288906550685,0.1619766325445563,0.7969150307071843
0xe31a1c,juvix wasm,16.647612992541678,16.57423866133339,16.697368426166673,8.996451042833899e-2,5.990638284541147e-2,0.1149052519881492
0xfdbf6f,c,3.9324271931458554,3.9186918323124758,3.95385728783333,2.261526533481339e-2,4.759137333394392e-3,2.8760983530198993e-2
0xff7f00,c wasm,5.105820948729179,5.099395692583281,5.110459479791719,8.120199040504192e-3,5.117389855637257e-3,1.071222863040681e-2
0xcab2d6,runtime,9.451497817104203,8.898652917812484,10.158568085875174,0.7925642139105099,0.26574635320830975,0.9705403918519281
0x6a3d9a,runtime wasm,15.180943518687465,15.08968354287498,15.250670507687468,0.11938132642102613,7.980508227813023e-2,0.16102758347573512
