Color,Name,Mean,MeanLB,MeanUB,Stddev,StddevLB,StddevUB
0xa6cee3,ocaml,10.893961995791832,10.892999014750103,10.894924976833561,1.426136266210169e-3,5.962672342991714e-4,1.9555974639482313e-3
0x1f78b4,ocaml byte,66.1317716928957,66.11261365295825,66.16212593556236,3.395065852449996e-2,6.369752624777902e-3,4.4243598060133074e-2
0xb2df8a,haskell,11.466734497124738,11.464956151374736,11.468070492498859,2.229242694117892e-3,1.8018022261926303e-3,2.5820400180195458e-3
0x33a02c,haskell strict,11.425177175562263,11.42279806962506,11.426713197312285,2.864178733921037e-3,1.9585355317720075e-3,3.5472902834262836e-3
0xfdbf6f,c,6.408496897875049,6.407799746000137,6.409385076124977,1.0613249082401552e-3,3.507102469605171e-4,1.4206220102250678e-3
0xff7f00,c wasm,9.512790304021413,9.502215461875949,9.520071311187621,1.2389713069876507e-2,1.1038328489722946e-2,1.4232703157855981e-2
0xcab2d6,runtime,14.365488197791441,14.363769725749762,14.366307067749403,1.6613845530102911e-3,5.160153670745501e-4,2.242328275253154e-3
0x6a3d9a,runtime wasm,27.873865191874984,27.819336873749762,27.900606836625002,5.322538164683225e-2,2.0165959550538744e-2,7.25272289656197e-2
