Color,Name,Mean,MeanLB,MeanUB,Stddev,StddevLB,StddevUB
0xa6cee3,ocaml,7.222068362833284,7.220245642333225,7.223731097166649,2.5081523848444155e-3,9.113176519926877e-4,3.3936365922003445e-3
0x1f78b4,ocaml byte,52.51176870420836,51.366267596666674,53.52474381033338,1.6683062845986,1.008669931200359,2.339365800814694
0xb2df8a,haskell,13.029429544083323,11.53461851295834,14.02564947908335,1.6452787605139678,0.942328980130082,2.3006713905773495
0x33a02c,haskell strict,9.285122085250018,7.491264904000104,12.684090250500077,3.419895536432123,0.13472272749989633,4.017973846718935
0xfb9a99,juvix,10.601015766854252,10.480318227375108,10.681467770291723,0.13200773870709098,7.708627427908855e-2,0.18579594336587624
0xe31a1c,juvix wasm,17.076048471520796,16.962579250749968,17.170998084749954,0.14070636263299477,8.106870747466252e-2,0.18097723315243724
0xfdbf6f,c,3.9062666776250032,3.900155349624953,3.9118373827499227,7.548211446243041e-3,3.6104269995165085e-3,1.050308046422409e-2
0xff7f00,c wasm,5.09274502977082,5.081961875062433,5.100174500583345,1.2360406341459627e-2,7.685427965084028e-3,1.7157627894191327e-2
0xcab2d6,runtime,9.789379369562491,9.166913962374963,10.208790926812554,0.7274015198457177,0.6457650221106198,0.8202768806154767
0x6a3d9a,runtime wasm,15.098067387812458,15.046170188687483,15.12387687224994,4.893127962699205e-2,1.697485600000892e-2,6.024699638946224e-2
