Color,Name,Mean,MeanLB,MeanUB,Stddev,StddevLB,StddevUB
0xa6cee3,ocaml,11.742347552208306,11.600436432250035,11.827886542291633,0.16746612110909745,0.14073234926969522,0.19754383580326926
0x1f78b4,ocaml byte,69.83062536049992,69.35826179987498,70.11138719824987,0.46854527923074146,0.23226760071257838,0.6483916904124376
0xb2df8a,haskell,9.557749324770725,9.43958736983268,9.63471295189595,0.14360214984808847,5.0423837581762665e-2,0.19314840296426117
0x33a02c,haskell strict,9.773349957562345,9.609915168999578,9.891031279687581,0.20531805684578155,0.1056631046562696,0.263442542219839
0xfb9a99,juvix,13.611872360666743,13.51908223024975,13.65647476158362,8.794702482207918e-2,3.721416737753682e-2,0.11128479439411093
0xe31a1c,juvix wasm,32.837140032854485,32.446800519542116,33.047436194291926,0.37527578773554443,0.18348890881711827,0.48565818166180574
0xfdbf6f,c,5.980139143271003,5.9147638937918146,6.019379157833555,7.752369387324161e-2,6.577659045853454e-2,8.882950954885264e-2
0xff7f00,c wasm,8.311852768562403,8.195301514312177,8.39219346206255,0.13968789217865832,7.2421121500156e-2,0.18553888407676575
0xcab2d6,runtime,11.644339679124982,11.50585571037493,11.72553813175,0.1380728026997927,4.788685550010996e-2,0.18751979392333884
0x6a3d9a,runtime wasm,28.728469178312633,28.077066419625908,29.0785446977496,0.6389259522360978,0.11875678162490111,0.8207393759965204
