Color,Name,Mean,MeanLB,MeanUB,Stddev,StddevLB,StddevUB
0xa6cee3,ocaml,7.213137009541687,7.212413615749995,7.213647040250152,8.49251460344712e-4,7.389218065216583e-4,9.746443307904975e-4
0x1f78b4,ocaml byte,51.45338903477083,49.329199152083255,52.90352867970834,2.4286839098345205,1.283813927923716,3.348954057468874
0xb2df8a,haskell,8.594533942812518,8.23950386681247,9.116255716937644,0.6140650671320391,0.2166424682500292,0.7513204621131131
0x33a02c,haskell strict,8.515586724895845,8.221198534166586,8.758705980250056,0.347233154343337,0.28502630933345063,0.40994063909525413
0xfb9a99,juvix,12.124135336333447,11.993966276000037,12.305977854750097,0.20009998806586599,9.263109909891099e-3,0.24490578594690368
0xe31a1c,juvix wasm,16.62497860127085,16.512505361916702,16.726447631958347,0.16736248745764135,8.713425391562432e-2,0.2343326887273467
0xfdbf6f,c,3.9167546600833893,3.913196442916653,3.920312877250126,4.650005552906113e-3,2.605457563993349e-3,6.2434831315937404e-3
0xff7f00,c wasm,5.107681489291774,5.105704553083418,5.109658425500129,2.9103585084602453e-3,1.3665585782679603e-3,4.0354707279156195e-3
0xcab2d6,runtime,9.647733355750015,9.136383160750029,9.954736672750158,0.5770386092617809,0.2906118020050182,0.7937531508846293
0x6a3d9a,runtime wasm,15.23910073054168,15.187535953333395,15.279360708541617,6.842445400464106e-2,4.5543393987890556e-2,9.297643654332988e-2
