Color,Name,Mean,MeanLB,MeanUB,Stddev,StddevLB,StddevUB
0xa6cee3,ocaml,7.21490681716666,7.213624172541709,7.215807527291626,1.4808096090826654e-3,9.202861917919989e-4,2.0801009324449404e-3
0x1f78b4,ocaml byte,52.65603093381247,50.533109777374904,54.514640881499986,2.6675271339411686,1.5303160600204533,3.689602153743976
0xb2df8a,haskell,8.39361889747918,8.01710226306244,8.954031659250063,0.6696431365066561,0.2906061521249512,0.8331029455724641
0x33a02c,haskell strict,8.676492276437491,8.186479399500097,9.165493760499828,0.7037301553798767,0.35799372297469245,0.9772900971510957
0xfb9a99,juvix,10.63961891352082,10.636070376083126,10.643722373291723,5.208805585004956e-3,2.9524654780283036e-3,6.797816899433302e-3
0xe31a1c,juvix wasm,17.035486402770932,16.952935989416723,17.101665111687566,0.10422118126535915,6.494991550630817e-2,0.13726024863780248
0xfdbf6f,c,3.9106812736875725,3.906959415562568,3.914836707750112,5.132506230623713e-3,2.3139568668339105e-3,6.421652847147335e-3
0xff7f00,c wasm,5.085179108104124,5.055447774437454,5.099823245687418,2.806821128587698e-2,1.0718675624900698e-2,3.433841004410547e-2
0xcab2d6,runtime,9.409579196083286,8.94105092024995,9.668378866208286,0.543983012617705,0.47190820100007613,0.5976722368514218
0x6a3d9a,runtime wasm,15.174033613791627,15.108837988833368,15.239229238749886,0.10068074326045785,5.8194146808224385e-2,0.14207136558855304
