Color,Name,Mean,MeanLB,MeanUB,Stddev,StddevLB,StddevUB
0xa6cee3,ocaml,7.2125911206041495,7.209633577375001,7.218316566124997,5.76619753400914e-3,9.513794241740748e-5,6.747593151185644e-3
0x1f78b4,ocaml byte,50.59019714941664,49.60783944541669,52.02587594525002,1.5925589852197497,0.267974982333385,2.0405762230271236
0xb2df8a,haskell,8.992115297500021,8.59374049050004,9.441308564500048,0.5961977736181635,0.2824329520118145,0.7833350425236032
0x33a02c,haskell strict,7.889742055645911,7.600010204875161,8.35371759387499,0.5020953945923441,7.874890587481786e-2,0.6408251545793006
0xfb9a99,juvix,12.239501557770922,12.08267312337506,12.396329992166784,0.2174597162069053,9.95925420756013e-2,0.2945411739775236
0xe31a1c,juvix wasm,16.86626212091669,16.737681158499925,17.01450289975017,0.20479029248887917,0.10190813959260085,0.2867562122484105
0xfdbf6f,c,3.912063580583274,3.908423815666727,3.916839575749748,5.7017066776821074e-3,1.7880372329870265e-3,7.670479954481006e-3
0xff7f00,c wasm,5.105471603583425,5.1046083087500165,5.106576289375198,1.2378937332795763e-3,4.146025833620115e-4,1.5167664183245823e-3
0xcab2d6,runtime,9.383867923479206,9.038067492666718,9.786971118124995,0.5160575897140399,0.2668429801249772,0.652609108410873
0x6a3d9a,runtime wasm,15.17724571174989,15.118955395749936,15.271389046249737,0.10125145180954649,1.4502308750024895e-2,0.12850736134708782
