Color,Name,Mean,MeanLB,MeanUB,Stddev,StddevLB,StddevUB
0xa6cee3,ocaml,10.875446726604215,10.869620019874901,10.879496840541796,6.900288966465305e-3,2.661271961522522e-3,9.353337488443237e-3
0x1f78b4,ocaml byte,67.6090336055626,67.44050148362507,67.77756572750013,0.2665516136997173,0.1415449254964586,0.3747558754705614
0xb2df8a,haskell,11.815947720770737,11.71940225599974,11.899508952749784,0.11610982625349325,8.229291723256485e-2,0.14066928306572707
0x33a02c,haskell strict,11.880993277812573,11.819758918000236,11.917242123625025,7.190902278290115e-2,5.994160962488149e-2,8.371312355052889e-2
0xfb9a99,juvix,14.329630970708498,14.168210773750161,14.419180932916941,0.1880695271294546,0.16638763627437259,0.20680677914785953
0xe31a1c,juvix wasm,34.559070241041546,34.35110981087439,34.67161034458324,0.20400739427208783,7.3122790885217e-2,0.27620781190511035
0xfdbf6f,c,6.878025565687456,6.820301446187121,6.9067209825003975,5.575516994178213e-2,1.639520138984743e-2,7.407455843150955e-2
0xff7f00,c wasm,9.545252876437607,9.488100195250507,9.602405557624706,8.260262330842667e-2,3.338195745325457e-2,0.11188440295860524
0xcab2d6,runtime,13.495735873583044,13.389057386083095,13.56638161783303,0.11700397689155954,5.949593901217621e-2,0.16314935783932538
0x6a3d9a,runtime wasm,31.31504517114634,30.943173402750972,31.525368164458616,0.36200222661089543,0.1758414484610022,0.4857201472224388
