Color,Name,Mean,MeanLB,MeanUB,Stddev,StddevLB,StddevUB
0xa6cee3,ocaml,7.208950298687436,7.208496245999944,7.209270636812505,5.437254235295862e-4,4.1122438067582356e-4,6.631628501107197e-4
0x1f78b4,ocaml byte,53.958938304854115,52.21461504966669,54.91338203129152,1.6852619222687182,0.805819497333232,2.0775117910948913
0xb2df8a,haskell,7.924209887812415,7.612406076999832,8.142635558812469,0.3886644377763845,0.272666284515324,0.5044324797992213
0x33a02c,haskell strict,7.753273409520848,7.491799948999983,7.995341759312566,0.32356722553021244,0.17930248016663564,0.39680642088951
0xfb9a99,juvix,10.646345869895924,10.599385574124994,10.723613065187521,8.427496332842645e-2,1.6598065374978432e-2,0.10840756389063008
0xe31a1c,juvix wasm,17.016074581270953,16.91789084487516,17.090525906520934,0.1296439705712104,6.468764708212559e-2,0.17193797069840466
0xfdbf6f,c,3.90821287366659,3.90151272324988,3.920669748666645,1.2780589245258362e-2,1.2501229999770658e-3,1.5289526853218547e-2
0xff7f00,c wasm,5.073612353854003,5.062019211833103,5.08194016824973,1.3727116632100862e-2,1.1406105500100239e-2,1.641742101842034e-2
0xcab2d6,runtime,9.717433982895917,9.42304243016694,9.920804640875076,0.36945174096124045,0.208006193388636,0.4696644165181555
0x6a3d9a,runtime wasm,15.07813502472925,15.023269053646004,15.17083075581229,9.640039558884948e-2,1.827248982097192e-2,0.12670753269704763
