Color,Name,Mean,MeanLB,MeanUB,Stddev,StddevLB,StddevUB
0xa6cee3,ocaml,7.312480525770819,7.302999836041655,7.325980663437491,1.5382712992313695e-2,3.8837524592061252e-3,2.0279817483719296e-2
0x1f78b4,ocaml byte,53.20022535402088,51.32986605802082,54.684389999562654,2.2278140388100405,1.2029715482412666,3.1171187208580386
0xb2df8a,haskell,7.8725314353749996,7.695331817500005,7.990975712249981,0.2116901251774132,0.10232341380295709,0.2735353405509653
0x33a02c,haskell strict,7.714669859687423,7.365044312562333,7.990928047437507,0.43142337488809296,0.3043977038749781,0.5076736250504532
0xfb9a99,juvix,10.66373440187501,10.460759144000008,10.757457190250022,0.19328739936684416,7.796751808492652e-2,0.25230777070179655
0xe31a1c,juvix wasm,17.09651729739583,17.0220036194375,17.1540913666042,0.10659656770664405,7.433849871797256e-2,0.13296161742317095
0xfdbf6f,c,3.915653751520864,3.905437686500022,3.927073096333288,1.4766979697466043e-2,6.440640261894722e-3,1.9677112540626738e-2
0xff7f00,c wasm,5.102386251958279,5.0710034318748285,5.117692526916699,3.0971131311844837e-2,1.0450612499539602e-3,3.624053746233549e-2
0xcab2d6,runtime,9.09617599847914,8.98929428108329,9.203368496625046,0.2125804052722798,1.4746696665497439e-3,0.24598429919762568
0x6a3d9a,runtime wasm,15.334041718895747,15.292749367166607,15.396711765520848,7.181244410995091e-2,1.9754111858889638e-2,9.53606015451676e-2
