Color,Name,Mean,MeanLB,MeanUB,Stddev,StddevLB,StddevUB
0xa6cee3,ocaml,7.218823054062483,7.21283453481243,7.228505312250007,1.059018518298846e-2,3.06585912500168e-3,1.295682150978367e-2
0x1f78b4,ocaml byte,49.702529998604184,49.601960022416655,49.888472939562575,0.18361270157861453,2.855058800008692e-2,0.23225641129705685
0xb2df8a,haskell,8.207343224020795,7.745366581374981,8.551894248499934,0.5699314158288957,0.3394172733266144,0.7108004741373207
0x33a02c,haskell strict,8.163987592020817,7.482642096249947,8.572052359750046,0.8014992232794537,0.6802252916249927,0.9397982133204116
0xfb9a99,juvix,12.172895428000013,11.898188718624993,12.316273175750021,0.2609161408130229,0.11455056588271897,0.33111672503707906
0xe31a1c,juvix wasm,16.77242726041671,16.587635565500136,16.92049633124998,0.22144977749482556,0.15147971700002927,0.258432291195225
0xfdbf6f,c,3.916199841999903,3.911505011999793,3.9208946720000126,6.430827324875983e-3,3.8529203113707652e-3,8.879807643724518e-3
0xff7f00,c wasm,5.105699078916587,5.103994119999925,5.10688504837492,2.10839229773893e-3,1.0626914012751294e-3,2.7388791440783196e-3
0xcab2d6,runtime,9.943709543854217,9.452723937125143,10.194657397833378,0.47589137843838736,0.12014886659630492,0.6270157777246775
0x6a3d9a,runtime wasm,15.161448557416634,15.039087833833378,15.266992522499834,0.17247542515359543,0.10237822142059577,0.2401927658136726
