Color,Name,Mean,MeanLB,MeanUB,Stddev,StddevLB,StddevUB
0xa6cee3,ocaml,7.216799061999997,7.210155486,7.221520950000013,7.871478108750978e-3,6.175976999998056e-3,9.350378135091462e-3
0x1f78b4,ocaml byte,52.160594529541676,50.63760980500001,53.928663399791695,2.1563780439785067,0.916754989999987,2.6831525510250156
0xb2df8a,haskell,7.652323898020853,7.467332883708366,8.016330911937501,0.3660506203540932,4.439822666654436e-3,0.4246705875185159
0x33a02c,haskell strict,7.461423053437504,7.459244957500005,7.463514821062532,2.7463829708743322e-3,1.510107385521098e-3,3.3183892325323932e-3
0xfb9a99,juvix,10.628024838479158,10.622533998500046,10.634136337687494,7.789285396889663e-3,4.122463701464166e-3,9.991439150874146e-3
0xe31a1c,juvix wasm,17.05689314174997,17.014107489499963,17.088539930750045,5.080552450711209e-2,4.279978800002482e-2,6.125303341943173e-2
0xfdbf6f,c,3.906886295562392,3.900440707499873,3.910713005874963,6.618387528547801e-3,3.35806348678205e-3,9.29352400043053e-3
0xff7f00,c wasm,5.0984407743333024,5.0926404174999504,5.10300064095829,7.748531742367602e-3,3.8675173596761743e-3,1.0530560893620849e-2
0xcab2d6,runtime,9.774806622000085,9.37123677312502,10.229863843625083,0.6055558173709704,0.29243070090520396,0.7913622934790733
0x6a3d9a,runtime wasm,15.126880625937522,15.063156688500044,15.162475050187492,7.414428512209965e-2,6.62863898749606e-2,8.220180168947855e-2
