Color,Name,Mean,MeanLB,MeanUB,Stddev,StddevLB,StddevUB
0xa6cee3,ocaml,7.218803560395846,7.21555875243746,7.222573641437521,4.852441700369491e-3,2.4552529738577837e-3,6.312114826916393e-3
0x1f78b4,ocaml byte,53.083399116520845,51.385424360125,54.04080225258341,1.820685415852026,0.7559144477699218,2.4862339707446224
0xb2df8a,haskell,8.971760989479188,8.64431930931238,9.61661787487509,0.6484202495123433,1.9544357541614765e-2,0.755973948940605
0x33a02c,haskell strict,8.715358759520816,8.635462804333164,8.762053331145912,7.95180892225278e-2,2.7337842583354366e-2,0.10783649398977412
0xfb9a99,juvix,10.666550633416685,10.609482769500005,10.75803198875002,0.10117428113256596,2.2265303499921174e-2,0.13149308092156387
0xe31a1c,juvix wasm,17.032962440624942,16.965948384374883,17.104004856249958,0.11134583599182776,5.205583213035587e-2,0.15476233366184156
0xfdbf6f,c,3.9108143441666052,3.9063050236249524,3.915327295249881,6.023653130849008e-3,3.2015562613114893e-3,8.154181700762311e-3
0xff7f00,c wasm,5.08728427881249,5.071302549062352,5.097157879375118,1.6515688894591006e-2,7.210741481574337e-3,2.280210377081617e-2
0xcab2d6,runtime,9.913742929104236,9.649717795250126,10.177768062958346,0.43019941553804575,0.1848176860736244,0.5956067713152197
0x6a3d9a,runtime wasm,15.186015777562565,15.067343201750191,15.248728662000001,0.11631751611376079,1.8189273375052828e-2,0.1475328690608506
