Color,Name,Mean,MeanLB,MeanUB,Stddev,StddevLB,StddevUB
0xa6cee3,ocaml,10.111482879979198,9.835811511812608,10.255313852999961,0.2685513422927706,9.55097640768463e-2,0.3660727592761281
0x1f78b4,ocaml byte,57.519676245958294,57.43248797916658,57.60686451275001,0.14630018134634787,5.587511425005687e-2,0.2004794775549851
0xb2df8a,haskell,8.022908522291667,7.886627987500162,8.248515992166555,0.23444178013967443,5.548412841561054e-2,0.299364513866397
0x33a02c,haskell strict,7.992277750291635,7.916364964124909,8.074096803500083,0.11578166065779594,3.695190871648771e-2,0.1520011008624648
0xfb9a99,juvix,11.262171321666699,11.025734566000153,11.393068154999924,0.2334482430037889,8.975340268158458e-2,0.3187594229839405
0xe31a1c,juvix wasm,26.888964157437538,26.712185918750038,27.167743841749978,0.30098772641431365,2.9918033306871705e-2,0.3783338214655096
0xfdbf6f,c,4.970655833916624,4.941302375083296,4.999278990749929,4.165420099645563e-2,1.966940866726004e-2,5.7743358660618256e-2
0xff7f00,c wasm,6.94962381087502,6.90471249674988,6.994415985375213,6.322045299467546e-2,3.131957822255251e-2,8.708014905869274e-2
0xcab2d6,runtime,9.55940976347919,9.477595511374943,9.661941030625144,0.12939255098799757,5.427559576334268e-2,0.170520517571407
0x6a3d9a,runtime wasm,23.991741873625056,23.44478068675005,24.34730697125006,0.6609533090133277,0.4405726923485049,0.8211424193129254
