Color,Name,Mean,MeanLB,MeanUB,Stddev,StddevLB,StddevUB
0xa6cee3,ocaml,7.213229192624984,7.211764000499983,7.21427552562497,1.731702438145672e-3,1.5567909869942836e-3,1.9953014570111846e-3
0x1f78b4,ocaml byte,52.467442058979145,51.24856775762498,53.68631636033331,1.7732227410495474,0.9443452426352885,2.4564065354344597
0xb2df8a,haskell,7.728903413166696,7.542799286000047,8.018722708500036,0.3271872032449256,7.093751649995284e-2,0.4297890716678596
0x33a02c,haskell strict,7.885405146458386,7.467536587750033,8.188230831375108,0.49993830318523297,0.2656801366077886,0.6993459628168082
0xfb9a99,juvix,11.622706809625035,11.04541707487499,11.911676113375034,0.5463787284753692,0.14388088025009438,0.667346021230402
0xe31a1c,juvix wasm,16.81827181031254,16.580018981750072,16.944754739937515,0.27572361983845517,0.24431519712493355,0.2920998138674862
0xfdbf6f,c,3.9118200390832953,3.9082431896666776,3.915396888499913,5.234375997044754e-3,1.897419735855309e-3,7.000703797765436e-3
0xff7f00,c wasm,5.098676299479176,5.087738653000031,5.103848904041665,1.0378302960837403e-2,2.7654929226501226e-3,1.3313794009883142e-2
0xcab2d6,runtime,10.214915500062489,9.986158833687512,10.439629285500075,0.31478762481845934,0.22282308784388496,0.3868946829224803
0x6a3d9a,runtime wasm,15.097312370395818,15.019472724333204,15.216285292208303,0.12637237136640334,2.8382302708412688e-2,0.15602286856658595
