Color,Name,Mean,MeanLB,MeanUB,Stddev,StddevLB,StddevUB
0xa6cee3,ocaml,7.214678682354176,7.212618126979194,7.2162678922499595,2.875756024202874e-3,1.5705564481594176e-3,3.6640070289037548e-3
0x1f78b4,ocaml byte,53.390260739416675,51.9659099285,55.018067863499994,2.3223217250989325,0.7748565454711256,2.9844029796420526
0xb2df8a,haskell,8.365331554104293,7.787872139979205,9.191273880875315,0.9879642355614909,0.33231242826983987,1.333585392764811
0x33a02c,haskell strict,8.151408565000054,7.528530516750038,9.325576391750133,1.2048379936575804,0.13872825949999879,1.4365493605370299
0xfb9a99,juvix,10.545629205333332,10.465919473916625,10.587169221583357,9.220398356105472e-2,8.10630011980738e-2,9.593255825637297e-2
0xe31a1c,juvix wasm,17.08097449541674,16.971380502416707,17.19973098233345,0.1990152666816124,2.616361850004978e-2,0.25309648544053936
0xfdbf6f,c,3.901114174208317,3.895363221000025,3.9080584451249365,8.715855040238597e-3,3.3514230668629883e-3,1.1891501917762747e-2
0xff7f00,c wasm,5.097516628895818,5.089417966833253,5.10193514595835,7.730424117036071e-3,2.881872113802049e-3,1.0204128061888607e-2
0xcab2d6,runtime,9.091148011895854,8.91577907768746,9.391469090625094,0.3173758113989862,6.739621737500556e-2,0.3857994847934725
0x6a3d9a,runtime wasm,15.136408827958292,15.089601818083338,15.223767415833208,8.962092962612488e-2,1.792186938051471e-3,0.10720755578755298
