Color,Name,Mean,MeanLB,MeanUB,Stddev,StddevLB,StddevUB
0xa6cee3,ocaml,7.218965972687504,7.213352387562485,7.229255756625027,1.0253915212335594e-2,1.4203925000324524e-3,1.2964019532194329e-2
0x1f78b4,ocaml byte,52.96902105575,50.87067201199996,54.45352655637503,2.628894717721332,1.8388625520761754,3.428318601597373
0xb2df8a,haskell,8.013982073791729,7.607635698375077,8.222059905541718,0.38536856668013664,0.16412766058332817,0.4805351686929996
0x33a02c,haskell strict,7.775608604375094,7.466857501000021,8.387478433625063,0.6138359377989412,1.1231606999842825e-2,0.7130157771116107
0xfb9a99,juvix,11.957053508229185,11.63139502224999,12.10637766956242,0.3240216390874002,0.1458388836784064,0.44895747092715094
0xe31a1c,juvix wasm,16.53659626929174,16.469303441000136,16.58770488654172,8.584661466061191e-2,5.438653774396999e-2,0.11418702719463468
0xfdbf6f,c,3.9082760443749294,3.9055438057498577,3.9100970394999877,3.238718111374297e-3,2.686738310588344e-3,3.8261455559502632e-3
0xff7f00,c wasm,5.101837712499948,5.086349042874929,5.109436704749953,1.496415556937781e-2,2.4010285852411987e-3,1.908528944740858e-2
0xcab2d6,runtime,9.774794970979192,9.609042558624935,9.900496936750187,0.2064585086299262,0.14385391017589255,0.2680042288435872
0x6a3d9a,runtime wasm,15.139076562416761,14.936231110250134,15.247107665000044,0.22494055940953483,9.414180277537437e-2,0.3006967996496537
