Color,Name,Mean,MeanLB,MeanUB,Stddev,StddevLB,StddevUB
0xa6cee3,ocaml,7.2166184476249855,7.2156299642499935,7.217399783249978,1.2957613317733697e-3,7.899070121522127e-4,1.7542389557493657e-3
0x1f78b4,ocaml byte,53.7987186337083,52.56922677462495,54.40800787637497,1.2089137793069766,5.6184366750017034e-2,1.419806763849901
0xb2df8a,haskell,8.765171057395776,8.25063244493748,8.99555954281243,0.5044982422079636,0.2510626262614169,0.6826400216339521
0x33a02c,haskell strict,8.285808033645793,7.814934242812427,8.520418031291626,0.45897233556517747,0.17938799913000175,0.6255225785519039
0xfb9a99,juvix,11.916840303770831,11.531600971749981,12.129276431354167,0.3700486955221621,0.16221557135317413,0.4906002217833623
0xe31a1c,juvix wasm,17.026331390374935,16.735907051000027,17.316755729749843,0.46969161339961124,0.19845930818925278,0.6487038856422155
0xfdbf6f,c,3.9044587520208816,3.8964205251875796,3.90836039764586,7.636619168481406e-3,1.586039874950984e-3,9.553025096601787e-3
0xff7f00,c wasm,5.109202208291616,5.106854948666647,5.110514958833241,2.3146671522421896e-3,7.711450325604721e-4,3.1230521508317645e-3
0xcab2d6,runtime,9.426506232354123,9.009532996249959,9.725280177249942,0.49901580287017694,0.35487949500895694,0.6124929586538356
0x6a3d9a,runtime wasm,15.162473987541565,15.074658149249672,15.233201066750098,0.10463113952706149,5.533718714116052e-2,0.14651253611707493
