Color,Name,Mean,MeanLB,MeanUB,Stddev,StddevLB,StddevUB
0xa6cee3,ocaml,9.715564378624833,9.664947179749674,9.766181577499992,6.66849009661318e-2,4.3256742429055944e-2,8.995988242355475e-2
0x1f78b4,ocaml byte,60.65866846297909,60.554301350187586,60.72994899081226,0.1294524455608331,6.719508704340582e-2,0.16461532772984303
0xb2df8a,haskell,8.146467347124977,8.118510075999893,8.184857964249886,4.7804389418015326e-2,1.860268902298844e-2,6.388853636180432e-2
0x33a02c,haskell strict,8.747730136458395,8.6626776062501,8.81966983570832,0.11971200696399308,6.511828545217559e-2,0.16613761890945775
0xfb9a99,juvix,12.802703849270927,12.734518097312332,12.836689884291786,6.444958314002694e-2,2.7088605916787856e-2,7.873489772718063e-2
0xe31a1c,juvix wasm,25.47663905437497,25.353364065375104,25.548418483874855,0.12313633096411601,6.942183231683637e-2,0.16576749177614297
0xfdbf6f,c,5.300214192541698,5.288708766500122,5.305866542999979,1.0904835912420181e-2,2.5660112497689624e-3,1.3289364647455736e-2
0xff7f00,c wasm,7.6371094147497915,7.592637525250135,7.661736140624574,5.187904066870669e-2,4.5830442243733685e-2,5.687298725225826e-2
0xcab2d6,runtime,10.196060710041934,10.18088096016686,10.206994188916951,1.8386672504428044e-2,1.102579544895035e-2,2.5249787886681762e-2
0x6a3d9a,runtime wasm,24.01638582499993,23.90832608950052,24.07077525599948,0.10510603243429445,1.3283186999615282e-2,0.13244568634821194
