Color,Name,Mean,MeanLB,MeanUB,Stddev,StddevLB,StddevUB
0xa6cee3,ocaml,7.233475413333356,7.218595379000021,7.257915877250099,2.532547353699941e-2,3.8951561666444867e-3,3.067163894269443e-2
0x1f78b4,ocaml byte,51.362391459229165,50.28604191331257,51.89634943031248,1.0152094457515064,0.3307112831482113,1.2525996869446923
0xb2df8a,haskell,8.639129973270864,8.321402693916713,8.839580559645848,0.38354208783974497,0.2588806640662668,0.4629208000112617
0x33a02c,haskell strict,7.744431775062509,7.510907376374973,7.977956173750044,0.3561834417180419,0.20537394626168393,0.5012677325665315
0xfb9a99,juvix,10.63894504339575,10.60265809449993,10.672151408374873,4.850667693926401e-2,2.01553960591839e-2,6.6215662332478e-2
0xe31a1c,juvix wasm,17.146274170437568,17.008949994000126,17.239875841687496,0.17156092600949824,8.87724755692962e-2,0.21616380037097943
0xfdbf6f,c,3.918827692999988,3.911439925749922,3.9224673367500222,6.9702634699430775e-3,2.5501500000093547e-3,8.532497926825625e-3
0xff7f00,c wasm,5.1282784537499895,5.121684556374987,5.131370625624982,6.28503204135459e-3,2.8068838057205966e-3,8.086888640237955e-3
0xcab2d6,runtime,9.916885260291659,9.699221585124974,10.276854417166627,0.3826688080438148,5.407860824993804e-2,0.47477580203755515
0x6a3d9a,runtime wasm,15.201416943458355,15.080543758124975,15.280321881208408,0.13019958728827874,6.830098631234195e-2,0.18222314820153562
