Color,Name,Mean,MeanLB,MeanUB,Stddev,StddevLB,StddevUB
0xa6cee3,ocaml,7.2255045803749836,7.2152494279999555,7.232335281374986,1.2571192133336734e-2,7.793743655725135e-3,1.577482824442242e-2
0x1f78b4,ocaml byte,53.452134515645874,51.822369817520844,56.34919312133341,2.89376942919546,0.5777287229166923,3.76378034871294
0xb2df8a,haskell,8.244938051250017,7.696225430750019,8.596126961000095,0.6600677860853157,0.4878638304414951,0.7793336861721805
0x33a02c,haskell strict,8.531879052874984,7.742490941749963,9.321267164000005,1.0581988641193831,0.48918844787978766,1.397226228251908
0xfb9a99,juvix,11.744854287500155,10.755684727625294,12.233353817500092,0.9331447055508261,0.29255241475001004,1.142367518397614
0xe31a1c,juvix wasm,16.89707001727091,16.62344042879173,17.110897113625015,0.33106697481397324,0.23600737834225424,0.3959130879245434
0xfdbf6f,c,3.914824810500003,3.9047126369999505,3.93112128700011,1.654166173503579e-2,3.0637357615699023e-3,2.13506335025587e-2
0xff7f00,c wasm,5.121721043499974,5.1062664771249615,5.138445414749981,2.7461090662109274e-2,5.753925610304175e-3,3.569079222729019e-2
0xcab2d6,runtime,9.802251049041596,9.334564639499945,10.36189662516646,0.6955492903735806,0.2761277450235219,0.9200327013327558
0x6a3d9a,runtime wasm,15.14846940214585,15.094741253166717,15.189396754270888,6.41969476603448e-2,4.595093024448967e-2,7.853345736486549e-2
