Color,Name,Mean,MeanLB,MeanUB,Stddev,StddevLB,StddevUB
0xa6cee3,ocaml,7.217928174145854,7.2141877321666925,7.220298701750011,4.53553032852599e-3,3.1636817327024714e-3,5.474499001525448e-3
0x1f78b4,ocaml byte,52.49708907622917,51.25291397356247,54.23909139706254,1.9265475358337947,0.106276504676168,2.4050369570838304
0xb2df8a,haskell,8.559035444499955,7.771062795500029,9.353892964499892,1.0859512213233669,0.5126420641247852,1.4652457594831716
0x33a02c,haskell strict,7.8313177161250564,7.467933332250027,8.0604576825001,0.44396025417068186,0.268488834999971,0.5291760850749337
0xfb9a99,juvix,10.591835409083416,10.52587859200014,10.62509032500003,6.523940751033445e-2,2.957671833257791e-3,7.786798482494613e-2
0xe31a1c,juvix wasm,16.97510105337498,16.908032285125085,17.10601442712482,0.13122683065601742,3.007630883064105e-3,0.15339961316553866
0xfdbf6f,c,3.903057972979108,3.8942958454375116,3.911969924833177,1.2174142792309722e-2,4.78157895834852e-3,1.4888987526600183e-2
0xff7f00,c wasm,5.090261378020746,5.073955211833057,5.099765281770847,1.7286520992152436e-2,3.8246487916162586e-3,2.1948325553892464e-2
0xcab2d6,runtime,9.733628301541614,9.23218292262493,10.075528887083294,0.5805518703287504,0.3190895867500103,0.7895855803943183
0x6a3d9a,runtime wasm,15.170498391291696,15.134945449791624,15.223169425500174,6.248778777915824e-2,2.1137895939010276e-2,8.210600138219769e-2
