Color,Name,Mean,MeanLB,MeanUB,Stddev,StddevLB,StddevUB
0xa6cee3,ocaml,7.2114514281874875,7.209938302437521,7.212315518499963,1.5879943856423075e-3,6.971361605935824e-4,2.1960192987883318e-3
0x1f78b4,ocaml byte,50.819297651749956,49.91008318799993,51.67285982524997,1.3989307617539197,0.8124033136435331,1.9712174025612619
0xb2df8a,haskell,8.11396348189578,7.484235897624899,8.880999791687486,0.8890839824385943,0.32827923916670443,1.1012190681214604
0x33a02c,haskell strict,7.933843733354157,7.4523963525624595,8.412303830812448,0.6137824769342485,0.3233149297041836,0.7401734971135201
0xfb9a99,juvix,10.652156269750009,10.631081244500024,10.688604074750003,3.820846437919954e-2,3.8014969999835557e-3,4.568664643418426e-2
0xe31a1c,juvix wasm,16.96363336491667,16.933217967500013,17.018684913750008,5.597761142654305e-2,5.4469745000460534e-3,6.673359803808014e-2
0xfdbf6f,c,3.919136823479107,3.9107635158123912,3.931425413999932,1.4403712312859867e-2,4.517781718149625e-3,1.93373257415438e-2
0xff7f00,c wasm,5.07721926831249,5.071216641625028,5.0832218949999515,9.437622781815203e-3,4.890926711594252e-3,1.3270509097865826e-2
0xcab2d6,runtime,9.69516244154166,9.21952135458336,10.277817262916605,0.7014029677771246,0.24289353550302262,0.9338520055329284
0x6a3d9a,runtime wasm,15.179835556499967,15.08711439175002,15.244424448999922,0.11444664776196324,5.626454449998164e-2,0.1491616578860361
