Color,Name,Mean,MeanLB,MeanUB,Stddev,StddevLB,StddevUB
0xa6cee3,ocaml,7.186389807083344,7.174184052750036,7.193815633083318,1.2344806560947183e-2,6.6035556826404785e-3,1.7149210560160704e-2
0x1f78b4,ocaml byte,53.716895772520786,52.12325132187499,54.54233442399982,1.5173873763682673,0.2832027877499286,1.9271579738482727
0xb2df8a,haskell,8.316192957479169,7.702004097229188,9.425506652312464,1.1060454672912305,0.2092455723179032,1.418408415194386
0x33a02c,haskell strict,7.628524502166718,7.414992071375082,8.03285545624999,0.39935938309285934,4.441351275016814e-2,0.4931320255930636
0xfb9a99,juvix,10.634355804437385,10.608350058499884,10.663569390624787,3.815029353115313e-2,1.8330783290733593e-2,5.2305624698834145e-2
0xe31a1c,juvix wasm,16.9707134827084,16.919809041333405,17.065381871458424,9.572013181172538e-2,8.142999333339063e-3,0.11755877172320624
0xfdbf6f,c,3.9064644080207813,3.9015367093957707,3.909841042083258,5.62850823277674e-3,3.046402405992966e-3,7.798002339702827e-3
0xff7f00,c wasm,5.077888542666652,5.0706695082498925,5.086819340875053,1.1683956466359773e-2,5.241982422988069e-3,1.5564475966250886e-2
0xcab2d6,runtime,9.812431060458342,9.139048987375077,10.4106658098749,0.9329236961672083,0.5798193980991729,1.1781220317456655
0x6a3d9a,runtime wasm,15.199962799312374,15.156292467937504,15.253556912062407,7.230350071278276e-2,3.970032673740694e-2,9.708010701255625e-2
