Color,Name,Mean,MeanLB,MeanUB,Stddev,StddevLB,StddevUB
0xa6cee3,ocaml,7.21704152547925,7.212756920104245,7.223655038125116,7.524091378454446e-3,1.5560308749513752e-3,9.89487226652277e-3
0x1f78b4,ocaml byte,53.094689595541645,52.09595112049999,53.58847745749995,0.9533446632517542,0.36362101194049234,1.2578481877164494
0xb2df8a,haskell,7.552899873958476,7.465010662375107,7.706252617125017,0.15640603114630203,2.9316902698107716e-3,0.18620829799394462
0x33a02c,haskell strict,7.856618972020935,7.606150467500129,8.003700522000145,0.2550627754549504,0.12329462282304837,0.35703414355060836
0xfb9a99,juvix,12.088030560104093,11.746487124166569,12.257605968812527,0.3336031485934051,0.1318593816664136,0.455603072699334
0xe31a1c,juvix wasm,16.793555674708404,16.596812279250116,16.93973652025005,0.24600079990667995,0.1364821665740803,0.3178772427424161
0xfdbf6f,c,3.9009294352707307,3.8990351109374615,3.9019047876873856,1.8154098568931092e-3,9.309716862204911e-4,2.252479921242131e-3
0xff7f00,c wasm,5.096082544874927,5.0890919520001034,5.09979366612481,6.6332684014161775e-3,2.5730477389255737e-3,8.570467410461772e-3
0xcab2d6,runtime,9.491423179083293,8.868779525749915,10.001388516125019,0.7528934613886107,0.4907131799748496,0.8899387470415605
0x6a3d9a,runtime wasm,15.197784611812759,15.077794500500582,15.252827213312608,0.11454673217555054,4.829157180047443e-2,0.14998984909337268
