Color,Name,Mean,MeanLB,MeanUB,Stddev,StddevLB,StddevUB
0xa6cee3,ocaml,10.95916792210403,10.813587734749717,11.177233948062508,0.23342910877758474,4.0232596333680704e-2,0.28974644078385725
0x1f78b4,ocaml byte,64.88550310120816,64.08640039487477,65.27072740933313,0.7557368906939012,0.20117159349979374,0.9239099876982007
0xb2df8a,haskell,9.117689336333362,9.036971161250051,9.157037732458397,7.620793605685998e-2,2.717939474996456e-2,9.32637533442794e-2
0x33a02c,haskell strict,9.50724094329153,9.342822786874933,9.608501845583152,0.16840217714491562,0.10711624230337558,0.23385203678581196
0xfb9a99,juvix,12.901798982604305,12.720382969000184,13.025228924312614,0.21257103743098998,0.18397010822308565,0.23597825419649893
0xe31a1c,juvix wasm,30.32711407495799,30.15153676349928,30.5026913864167,0.22645997779803426,0.1161404757286688,0.2926047505571925
0xfdbf6f,c,5.985257279041396,5.945370137249483,6.0188962594997975,4.956095873002889e-2,2.9083861529945132e-2,6.277210587124935e-2
0xff7f00,c wasm,8.082405542208411,7.953469039749962,8.18993033337506,0.157626014237205,0.1055148121137269,0.200508908754806
0xcab2d6,runtime,10.625618055916751,10.464014189625232,10.705799871083325,0.15302902287435052,6.676020108322245e-2,0.18661506181024848
0x6a3d9a,runtime wasm,27.50937568779106,27.184356060832975,27.721784654290712,0.39268674586608376,0.2704381936982572,0.49053749594745666
