Color,Name,Mean,MeanLB,MeanUB,Stddev,StddevLB,StddevUB
0xa6cee3,ocaml,7.212193181437503,7.21157251462508,7.213169707874954,1.1001337534211051e-3,3.473396433180785e-4,1.3463448844602075e-3
0x1f78b4,ocaml byte,51.74710684383332,50.80821501437494,52.66241651841668,1.281725617384934,0.5712598498076487,1.7375649318033888
0xb2df8a,haskell,8.492729912166643,7.722490101500057,9.092536921875023,0.9551804133079559,0.5915012479136401,1.2288567690193997
0x33a02c,haskell strict,9.055439927270868,8.349602954041643,9.485429520083471,0.8232000389717622,0.7246063891553106,0.9237699663649043
0xfb9a99,juvix,11.754323999395845,11.453830459562539,11.919921759749968,0.29523619825145075,7.301212308326921e-2,0.38913362114123806
0xe31a1c,juvix wasm,17.07211637835414,16.868399402687572,17.254133672666626,0.268601518026187,0.13951771062494345,0.3648569814301093
0xfdbf6f,c,3.9139714603541242,3.9067643888124053,3.9222019687499596,1.0513581244690172e-2,5.2322534613908804e-3,1.3775291490221525e-2
0xff7f00,c wasm,5.105527878083393,5.098257890000042,5.117368189333547,1.2827260253624835e-2,2.6083585000264975e-3,1.5591204287394963e-2
0xcab2d6,runtime,9.496342309895937,9.050302191187626,9.703950557020931,0.4252791066833367,0.18621419047038773,0.5506348209680552
0x6a3d9a,runtime wasm,15.082279190062556,14.989340714749934,15.216018998750258,0.1498633278207953,2.8106171375081423e-2,0.1926443748314913
