Color,Name,Mean,MeanLB,MeanUB,Stddev,StddevLB,StddevUB
0xa6cee3,ocaml,7.221202965604192,7.213647995666747,7.227182392875051,9.117040835979839e-3,7.2834460329996775e-3,1.0546170905359902e-2
0x1f78b4,ocaml byte,50.868369250770805,49.49654297874997,52.122944836249985,1.98495462302424,1.2398267432266432,2.778753819057282
0xb2df8a,haskell,8.114154434187478,7.654633282750032,8.573675585624926,0.7333396602738395,0.36493825246297956,1.0270259363792322
0x33a02c,haskell strict,7.8516407862084066,7.469619957250018,8.373169284000085,0.6245429933598696,0.22167679714092742,0.8191766141038556
0xfb9a99,juvix,10.646407498770836,10.63847828743755,10.657578740500014,1.2125793615186828e-2,3.3216529999435807e-3,1.5158177501842016e-2
0xe31a1c,juvix wasm,17.04794291366672,16.979710845666734,17.167471575541658,0.12395456609753248,2.0594156916635242e-2,0.1552814272678853
0xfdbf6f,c,3.925293959375059,3.921277359250098,3.9293105595000197,5.5529324554655125e-3,2.9717044999795217e-3,7.664588672456713e-3
0xff7f00,c wasm,5.103124846041662,5.1000636293333255,5.105465969374961,3.900751680100639e-3,2.4930750468746187e-3,5.184319532799724e-3
0xcab2d6,runtime,9.557960670541624,8.90702157333332,10.076963290375033,0.780145050782728,0.6512987340797133,0.9031710126501168
0x6a3d9a,runtime wasm,15.194169788145805,15.111171097125009,15.254193887999861,9.773228007166106e-2,8.611518432574458e-2,0.11263148684627525
