Color,Name,Mean,MeanLB,MeanUB,Stddev,StddevLB,StddevUB
0xa6cee3,ocaml,7.21080289974995,7.209867162624931,7.2113830674999235,9.899334138043924e-4,5.684803958483484e-4,1.3978905753917706e-3
0x1f78b4,ocaml byte,51.89636864885415,49.78509618737496,53.257101433354194,2.606843976386232,1.5347992432959359,3.142477757704998
0xb2df8a,haskell,8.236704985145906,7.911548011166815,8.561861959124997,0.4410158999281871,0.1838431559692335,0.566208772695398
0x33a02c,haskell strict,7.943878218937471,7.457174449999911,8.24038864075004,0.5731465343064899,0.49379926961116966,0.6550163771423093
0xfb9a99,juvix,10.51161425037489,10.300857603749932,10.61702997724987,0.20816678723904122,8.125768000070366e-3,0.24344719315236016
0xe31a1c,juvix wasm,17.032187384208374,16.92288926641661,17.11407078737514,0.12990652747523018,0.1106707854286885,0.14997289072879932
0xfdbf6f,c,3.9069064200833545,3.905763151625024,3.90855547287498,1.9600751446795543e-3,6.286757989452509e-4,2.6402654086929104e-3
0xff7f00,c wasm,5.090290154645952,5.080162777666905,5.1004175316249984,1.6516681759217697e-2,3.5474665893813137e-3,2.1240742095365122e-2
0xcab2d6,runtime,9.593139496291599,8.951640664499791,10.098138962874998,0.7653143067262932,0.6221464960885824,0.8982899443257288
0x6a3d9a,runtime wasm,15.197855476770863,15.129124901083324,15.301059987312613,0.11929587248591558,3.3813042910063554e-2,0.1587264654990342
