Color,Name,Mean,MeanLB,MeanUB,Stddev,StddevLB,StddevUB
0xa6cee3,ocaml,10.715326998749996,10.674792222000026,10.755861775499966,5.835443454055934e-2,2.2112181157600296e-2,7.800121821455192e-2
0x1f78b4,ocaml byte,65.1332757837917,64.68701593116702,65.36631564216651,0.4220579222709813,4.577201555134486e-2,0.5163119342573976
0xb2df8a,haskell,11.204505412875164,11.1749281457503,11.218895416000123,2.7929049455716358e-2,8.211116750089786e-3,3.507348383439754e-2
0x33a02c,haskell strict,11.316945565000083,11.226640261250623,11.359690179999802,8.564605092336935e-2,2.5240717072303402e-2,0.10983670581002701
0xfb9a99,juvix,16.63606555191628,16.633371964749358,16.6380206192916,3.418732081506148e-3,2.0722150352224466e-3,4.515034701699754e-3
0xe31a1c,juvix wasm,34.64096515993731,32.97026511381239,37.52547956518754,3.1031095507576754,0.7266676114995789,3.8043042816385917
0xfdbf6f,c,6.271747147166631,6.237530328000503,6.3149851114999365,4.9230763108699074e-2,1.725848899968696e-2,6.069021544177595e-2
0xff7f00,c wasm,8.805417129625388,8.770600187000886,8.821388222500067,3.316141888073859e-2,1.1648847837932883e-2,4.35226257046706e-2
0xcab2d6,runtime,14.066602432500114,14.029151423500252,14.091503484749902,4.570272799216195e-2,2.8982883631891946e-2,5.750651687808093e-2
0x6a3d9a,runtime wasm,30.70778003420806,30.644459638666525,30.771100429749595,8.96467417989768e-2,3.0101719363698654e-2,0.12161481122759803
