Color,Name,Mean,MeanLB,MeanUB,Stddev,StddevLB,StddevUB
0xa6cee3,ocaml,7.212384759520845,7.210634910916667,7.213761410062531,2.203677819836021e-3,1.4232477033704236e-3,2.8999049728038982e-3
0x1f78b4,ocaml byte,51.846438872854186,51.21316918475003,52.25528666675001,0.7014534679248651,0.35302372921678327,0.9441935354533492
0xb2df8a,haskell,8.106358393187477,7.5243916041250145,8.709790604124947,0.8495817912943349,4.9572268391216645e-2,1.0401958585368716
0x33a02c,haskell strict,8.137803531729256,7.488460129166707,9.36039763091683,1.239352143229086,2.374274423915268e-2,1.4529865290473158
0xfb9a99,juvix,10.627913157145741,10.619212127249853,10.634963309187441,1.058071613535046e-2,5.865890916652461e-3,1.3320820410940785e-2
0xe31a1c,juvix wasm,17.030088964229133,16.925105075874967,17.13093007062497,0.1330159412202139,6.824996095834557e-2,0.16364163814443897
0xfdbf6f,c,3.9034839104166963,3.897172393333335,3.907941332750056,7.905980581173385e-3,4.281848412065573e-3,9.763315213483295e-3
0xff7f00,c wasm,5.086381866625004,5.079710264249968,5.094484327874966,9.857123843501294e-3,3.6059688888705095e-3,1.3070112262922342e-2
0xcab2d6,runtime,9.704722555895804,9.020585936999964,10.290455410999925,0.8546486876956401,0.4918778239801383,1.0880680203478352
0x6a3d9a,runtime wasm,15.261016376812478,15.172159542687524,15.30802011212495,8.522241529899753e-2,1.3411017245259851e-2,0.11006660870848453
