Color,Name,Mean,MeanLB,MeanUB,Stddev,StddevLB,StddevUB
0xa6cee3,ocaml,10.932332329999952,10.929957747374942,10.935089051999967,3.6924756870884154e-3,1.8342034692511338e-3,4.8024673777984994e-3
0x1f78b4,ocaml byte,63.39648184929168,63.35420865750007,63.42136204766674,5.019473375679489e-2,4.242286494206278e-2,5.7458356917324496e-2
0xb2df8a,haskell,8.46310652006243,8.457746332624918,8.473073362812386,1.0027079652742504e-2,8.15885131194731e-4,1.2378822639819122e-2
0x33a02c,haskell strict,9.338963261895989,9.336153072916812,9.341873372125292,4.055311732289206e-3,1.96001891823338e-3,5.6133662232218185e-3
0xfdbf6f,c,7.125935226124834,7.122090791999767,7.13256996137477,7.042724014804485e-3,1.0093430001916204e-3,8.843860949875978e-3
0xff7f00,c wasm,9.451111838145929,9.448214098312462,9.453560436562782,3.603594982012872e-3,2.336137688126505e-3,4.2897735551427705e-3
0xcab2d6,runtime,10.310391726104191,10.29500681616681,10.318559566854125,1.4878016617548983e-2,7.940259940277819e-3,1.8862820222689397e-2
0x6a3d9a,runtime wasm,23.663245838229177,23.65710217200001,23.668110457187538,8.725845009548337e-3,4.706580034485073e-3,1.1200131609740949e-2
