Color,Name,Mean,MeanLB,MeanUB,Stddev,StddevLB,StddevUB
0xa6cee3,ocaml,7.226971593958329,7.219501216458302,7.235644578333354,1.0317290739624767e-2,4.178513750019874e-3,1.2606268417250922e-2
0x1f78b4,ocaml byte,51.97215021375009,50.48022766625019,53.13760595150006,1.9194784761183132,1.5945251349171687,2.2572446766082583
0xb2df8a,haskell,8.505202229104194,8.17426410147912,8.96047033037513,0.5637478484075482,0.2090770662724617,0.7642688682777904
0x33a02c,haskell strict,8.604516800312572,8.242206601562458,8.922471596312704,0.4857918383389873,0.31305132599498714,0.6046333549649656
0xfb9a99,juvix,10.638714364020862,10.54987093958342,10.695188679958354,9.279109033278009e-2,4.7834516495137286e-2,0.13042184603524565
0xe31a1c,juvix wasm,17.014838147833405,16.97718704595845,17.078917613250013,6.557874855325763e-2,1.7136678883964584e-2,8.695149521116931e-2
0xfdbf6f,c,3.9131034292499294,3.909645896874906,3.9148072261249354,3.283546882227446e-3,7.168510001065442e-4,4.0500786520893985e-3
0xff7f00,c wasm,5.10592991204165,5.098026660249957,5.1118680713749995,9.866565698749795e-3,6.237705688378861e-3,1.28516837205912e-2
0xcab2d6,runtime,9.223933329729135,8.937450219624964,9.466297176750004,0.3608465886916699,0.19424548245333148,0.4673589204943672
0x6a3d9a,runtime wasm,15.638006853270818,15.109562287062545,16.541307002083197,0.9311418513493966,0.13743451633346648,1.1550561655047114
