Color,Name,Mean,MeanLB,MeanUB,Stddev,StddevLB,StddevUB
0xa6cee3,ocaml,9.334183196708182,9.0160257094999,9.683700666166487,0.46042219240624754,0.2115757998894724,0.5773370161141522
0x1f78b4,ocaml byte,59.267510888208314,58.07266202599999,60.184746411749984,1.54501407037993,0.8734163937500625,2.1182647057082784
0xb2df8a,haskell,10.25945104956232,10.199361434499679,10.303191971812378,7.646688961378136e-2,5.216566182274929e-2,0.10101533294269133
0x33a02c,haskell strict,10.126539375250047,9.983192057500048,10.34276878750029,0.23685161467860874,2.8003130328426662e-2,0.28971921489778607
0xfb9a99,juvix,12.57437127587493,12.449037899999933,12.750599692749745,0.2111062230716452,7.201555099725263e-2,0.28601232182957914
0xe31a1c,juvix wasm,30.645558324395854,30.025208530770858,31.804767158875052,1.1888576213533255,8.144761479585494e-2,1.4326364813644807
0xfdbf6f,c,5.690609518520755,5.60781699670819,5.834322068770784,0.14296546518721373,4.302191246143408e-2,0.19120113902148772
0xff7f00,c wasm,8.382276835437551,8.159181812187626,8.735445093500175,0.3800555913560726,6.201452562481791e-2,0.4752052690389911
0xcab2d6,runtime,11.315894692062443,11.175150990874727,11.536830082312804,0.24858305144791543,4.8368739625175294e-2,0.3250336550698893
0x6a3d9a,runtime wasm,27.110923845853563,26.702750652249733,27.295678617998874,0.39217776025153095,0.14472387211956964,0.524629061896404
