Color,Name,Mean,MeanLB,MeanUB,Stddev,StddevLB,StddevUB
0xa6cee3,ocaml,10.929576059708362,10.928216231666813,10.930614882624923,1.7343893911549043e-3,1.108116281899466e-3,2.3067906836379817e-3
0x1f78b4,ocaml byte,63.31356920654171,63.22004094199997,63.36472318587511,9.070018695197941e-2,4.66875226667689e-2,0.1181350549530309
0xb2df8a,haskell,8.455719690791815,8.455277263375137,8.45593114483351,4.2166953549135287e-4,1.973124505340746e-4,5.334101608872885e-4
0x33a02c,haskell strict,9.332394730645774,9.32960605131234,9.334500370645856,3.5250773867337376e-3,1.8229380432943528e-3,4.86276728345427e-3
0xfdbf6f,c,7.120253118708395,7.119600825083201,7.121120552125035,1.0336271009533421e-3,3.7325178790059493e-4,1.340612810118835e-3
0xff7f00,c wasm,9.45375635539576,9.451511618312281,9.455429878625068,2.7461996173651125e-3,1.2151706897948042e-3,3.8149123406928795e-3
0xcab2d6,runtime,10.32653746106242,10.308866479124845,10.334792893562433,1.683347051164263e-2,3.243908750088842e-3,2.174428000938029e-2
0x6a3d9a,runtime wasm,23.683995521604192,23.66564616802075,23.719097437687708,3.5706996590402426e-2,3.047225624982275e-3,4.237601692342198e-2
