Color,Name,Mean,MeanLB,MeanUB,Stddev,StddevLB,StddevUB
0xa6cee3,ocaml,7.21444896266668,7.21044663654169,7.222046581000015,7.524191886955869e-3,7.346672499579654e-4,9.242976262590508e-3
0x1f78b4,ocaml byte,52.82562779649998,51.40770576449995,53.55265495599999,1.3564678415492275,0.686270286737983,1.6789973049820013
0xb2df8a,haskell,7.805256172999985,7.5396247919998896,7.967689750375096,0.31590271898581307,0.2577068614936354,0.37512427849181773
0x33a02c,haskell strict,8.019229098104148,7.451593881208339,9.151649981416654,1.1331963297249938,2.0548645416624822e-3,1.3102856315853504
0xfb9a99,juvix,10.631957022291687,10.628564864625076,10.63369782691666,3.305369716611849e-3,2.1912183319727774e-4,3.919649101074432e-3
0xe31a1c,juvix wasm,17.065190678437546,17.003892773250072,17.13763226237495,0.10629386546587681,3.674317640736566e-2,0.1410703575679974
0xfdbf6f,c,3.9139418059791637,3.9032290926458586,3.935113354874943,2.116904952080551e-2,2.735804166604794e-4,2.4739951706940076e-2
0xff7f00,c wasm,5.080086994520845,5.073499510687583,5.0848230358541375,7.843590131712694e-3,4.952526659850309e-3,1.0937418954679312e-2
0xcab2d6,runtime,9.699997288645818,9.11271309456248,9.991465324583316,0.5681610720727115,0.12570081973454994,0.7409877849569304
0x6a3d9a,runtime wasm,15.233523863020727,15.07857115068748,15.347987457520636,0.1917780586918388,0.11151964042022271,0.2643423483877397
