Color,Name,Mean,MeanLB,MeanUB,Stddev,StddevLB,StddevUB
0xa6cee3,ocaml,7.102756227812496,7.060472692250016,7.138623307812509,5.154622936662386e-2,3.196108268764592e-2,6.141304128326705e-2
0x1f78b4,ocaml byte,52.04101572122914,51.078639312624944,52.7862798260625,1.1442447698303913,0.9100508777599667,1.3532092400279503
0xb2df8a,haskell,7.504392530562532,7.30771118149994,7.854382128500106,0.3572541820841563,2.891540012507221e-2,0.42300487806383247
0x33a02c,haskell strict,7.942395837729123,7.148936866333315,8.442557705249897,0.9368899850985651,0.7706955188250139,1.1107192344434194
0xfb9a99,juvix,10.545042050791713,10.216682284750021,10.693705085874967,0.32213213115577544,9.414251548034397e-2,0.4304445916032685
0xe31a1c,juvix wasm,16.816218040354148,16.80290026199998,16.831187228374972,1.9608623502248863e-2,9.866630771437153e-3,2.5817750777257245e-2
0xfdbf6f,c,3.8568051409791146,3.8349902446250326,3.877903062229033,3.46317615932549e-2,1.8514663792821504e-2,4.8723562051927356e-2
0xff7f00,c wasm,5.016267312770803,4.982551053833428,5.06054000931249,5.258508211978357e-2,1.8392325002086096e-2,6.855134112172849e-2
0xcab2d6,runtime,9.56649186125002,9.187610099124973,9.818557632375038,0.48095987336785695,0.24866589132810626,0.5821209632500791
0x6a3d9a,runtime wasm,15.046315785479218,15.025191240500135,15.065918963000058,2.962947429584453e-2,1.6138699108929535e-2,4.108148003254747e-2
