Color,Name,Mean,MeanLB,MeanUB,Stddev,StddevLB,StddevUB
0xa6cee3,ocaml,10.34395200522899,10.283049012249649,10.383615024791615,7.455737429808666e-2,4.2479946833434035e-2,9.159782008541839e-2
0x1f78b4,ocaml byte,62.93269276310423,62.5245492685209,63.71517199341679,0.7944319510253639,2.8702554541496283e-2,0.9425670258627159
0xb2df8a,haskell,10.828628189750171,10.762512612125002,10.89871554025035,0.11253271819704957,4.069581861672203e-2,0.15268738615807556
0x33a02c,haskell strict,10.653419162708323,10.583546745250032,10.705319633874865,8.312928522642772e-2,6.755486852810595e-2,9.718742261944041e-2
0xfb9a99,juvix,12.974334533270849,12.874629821249982,13.040965745187577,0.10885466811186528,6.604091198209716e-2,0.1538781925462173
0xe31a1c,juvix wasm,33.73067851452074,33.501566050916765,33.959790978124715,0.29320214701881453,0.14635622783301372,0.3601149550718809
0xfdbf6f,c,6.2337614879583425,6.2123397148751565,6.267734886624908,3.635494860723186e-2,4.300396000189721e-3,4.37379420572003e-2
0xff7f00,c wasm,8.52929001037493,8.465085322999887,8.621503972124893,0.10305379806001035,2.003764430496162e-2,0.1337695617747743
0xcab2d6,runtime,13.10992192247977,12.993973576375993,13.225870268583549,0.16718857205193208,7.982389460379005e-2,0.23110115707967918
0x6a3d9a,runtime wasm,30.700617618687147,30.409842139062448,30.84641674599925,0.2811248237415071,6.1185085065405875e-2,0.3663511454028281
