Color,Name,Mean,MeanLB,MeanUB,Stddev,StddevLB,StddevUB
0xa6cee3,ocaml,11.985995635104132,11.942969697916624,12.064516397437501,8.065609672731158e-2,1.0916033333160158e-2,9.702941664732774e-2
0x1f78b4,ocaml byte,67.04365833960428,64.86612337716672,68.95004252106276,2.5716366048975074,2.2162561789810136,2.872358761124444
0xb2df8a,haskell,9.473484852291714,9.261069523416873,9.571488965333021,0.20609125838564354,8.633958308144321e-2,0.27950219178542574
0x33a02c,haskell strict,9.350011382270964,9.141129014354533,9.68712152008311,0.37200008133931256,7.425158458318037e-2,0.4823931653820708
0xfdbf6f,c,6.086384698270497,6.061386078124997,6.103323465186804,2.7841403438911193e-2,1.6119706458388006e-2,3.911840655548024e-2
0xff7f00,c wasm,8.049067542708523,8.00000211312522,8.105209366625331,6.669718603056883e-2,2.7992690166532164e-2,8.14660483330132e-2
0xcab2d6,runtime,11.659378183395726,11.620525388999567,11.716227235749784,6.40176059326971e-2,1.4392834375030361e-2,8.184001168698568e-2
0x6a3d9a,runtime wasm,25.751043288583144,25.23025473641686,26.09776743249961,0.660688013404736,0.33498468108352064,0.8007251112988555
