Color,Name,Mean,MeanLB,MeanUB,Stddev,StddevLB,StddevUB
0xa6cee3,ocaml,7.215563465625006,7.21363916300002,7.217724261249998,2.742541588518065e-3,1.4646931769516048e-3,3.5254505660616393e-3
0x1f78b4,ocaml byte,51.41424056270828,50.92125758249995,52.35564188424996,0.9394114208319237,5.931313224994028e-2,1.1053124333202218
0xb2df8a,haskell,8.258217281854238,7.706271214333318,8.81016334937516,0.9311459391903752,0.27550956571057617,1.241437935656404
0x33a02c,haskell strict,8.657737771729236,8.002143071166719,9.045219541229264,0.6490748217502905,0.31067097320001524,0.8948508157076535
0xfb9a99,juvix,11.92774250585424,11.579879486250093,12.174549990437555,0.43635030020973864,0.20211107004166706,0.5699774706487638
0xe31a1c,juvix wasm,16.69471608391666,16.57840235833328,16.786980144250037,0.14000811853369508,9.509684916667993e-2,0.165348705754977
0xfdbf6f,c,3.9133553485833374,3.912257692124996,3.914712266125008,1.5494239140912158e-3,5.589302500084159e-4,1.9054087898615524e-3
0xff7f00,c wasm,5.104818781395807,5.103594626895813,5.106034458625061,1.5841416588860916e-3,9.989628932816077e-4,2.119783515640294e-3
0xcab2d6,runtime,9.77531658883341,9.481842144500092,9.92242104800016,0.2851945647904109,0.11567074121418569,0.3863797573039783
0x6a3d9a,runtime wasm,15.117144526458313,15.08143519437499,15.135408191500005,3.469625645571023e-2,1.139110510607199e-2,4.670117536193137e-2
