Color,Name,Mean,MeanLB,MeanUB,Stddev,StddevLB,StddevUB
0xa6cee3,ocaml,0.4866899754165767,0.486586317999695,0.48673936033329335,9.879107421600516e-5,1.7623833249075238e-5,1.2533697031965308e-4
0x1f78b4,ocaml byte,3.722960097937706,3.7224797853752234,3.7237499296876044,8.641380781393763e-4,1.330540001920344e-4,1.1092343489782059e-3
0xb2df8a,haskell,236.00035651441692,225.62710550500083,241.03022995283334,10.087482525245287,0.7262073968336153,12.340001915993891
0x33a02c,haskell strict,2.051584438041573,2.0495290334999936,2.052793226374888,2.047305995631998e-3,7.441959657031407e-4,2.7915770785311685e-3
0xfb9a99,juvix,2.337971961708073,2.336888375958021,2.338723981833065,1.2316415302042298e-3,6.743283816989758e-4,1.7367160864000324e-3
0xe31a1c,juvix wasm,2.436371776478874,2.428817609686689,2.4399857416040427,7.231514503746489e-3,1.221362410434093e-3,9.099505972452725e-3
0xfdbf6f,c,0.20539541275840947,0.20536041233344804,0.2054219964334657,5.069472299328769e-5,3.093618635258408e-5,7.15855054006788e-5
0xff7f00,c wasm,0.31659393160365046,0.31353616153404196,0.31984696156656967,5.07849146046377e-3,3.5247797297788077e-3,7.5173621535395505e-3
0xcab2d6,runtime,0.4907102766663911,0.4905651530415298,0.4909877333742543,2.757412841821563e-4,2.0610000092347036e-5,3.3514865551778004e-4
0x6a3d9a,runtime wasm,0.5893597243956114,0.5862084976667272,0.5925109511244955,4.384024675648619e-3,2.0317307588600193e-3,5.959552468142873e-3
