Color,Name,Mean,MeanLB,MeanUB,Stddev,StddevLB,StddevUB
0xa6cee3,ocaml,0.2794479634801428,0.278866959580173,0.2805642338800135,1.2300892741290749e-3,9.930128720690734e-5,1.5641354612733606e-3
0x1f78b4,ocaml byte,2.1525640427706967,2.1244654698957866,2.1668342651666235,2.7208354279911848e-2,6.889200333209236e-3,3.589003739295198e-2
0xb2df8a,haskell,17.90289760997901,17.846212819687025,17.963853301583335,8.14620086173945e-2,3.57037577127844e-2,0.10389417271330029
0x33a02c,haskell strict,0.5812130478333302,0.581165009499955,0.5812452662083842,5.880293396876563e-5,3.757776239233439e-5,7.440515004128238e-5
0xfb9a99,juvix,0.8079277944792125,0.8063252916250576,0.8091202013333714,2.0591349235908434e-3,1.3097049778024433e-3,2.753745672928759e-3
0xe31a1c,juvix wasm,0.8951168273749394,0.8940531412497421,0.8956263343750759,1.0180389142312853e-3,1.506175000637877e-4,1.2798218681323293e-3
0xfdbf6f,c,0.15501752762705445,0.15494280360812623,0.1551296309758397,1.5262064107059219e-4,8.618781435424015e-5,2.09347855892553e-4
0xff7f00,c wasm,0.19271156582492244,0.1924257727082982,0.1935060694858445,6.694112183235881e-4,5.2819848656771116e-5,9.148647072008826e-4
0xcab2d6,runtime,0.27851521970332216,0.2784485278399916,0.27856888381997125,8.732577793710186e-5,6.192030973133427e-5,1.1947850984698932e-4
0x6a3d9a,runtime wasm,0.3165167596830906,0.31634793098330194,0.316663111966227,2.2871461612063276e-4,1.9428508739853404e-4,2.755325170854929e-4
