Color,Name,Mean,MeanLB,MeanUB,Stddev,StddevLB,StddevUB
0xa6cee3,ocaml,0.41440777331251866,0.40843143224992673,0.41825614456286075,7.240754472949925e-3,4.688814520686629e-3,8.5918347116767e-3
0x1f78b4,ocaml byte,3.4344763335207062,3.411888900937356,3.4694671087499955,3.964039597171117e-2,1.0067708420246214e-2,5.216344112919897e-2
0xb2df8a,haskell,258.45748656166654,249.11059378591608,263.4616843473334,9.163926483881925,3.4675847120214023,12.45161503620811
0x33a02c,haskell strict,1.4190482964585651,1.4164237287500328,1.4206700381257633,3.156216258734173e-3,2.408347077172027e-3,3.6838994405661e-3
0xfdbf6f,c,0.19592706359139303,0.1937784071498552,0.19817980309668806,3.559249302944319e-3,2.942797353439255e-3,4.647209458235325e-3
0xff7f00,c wasm,0.25759164256335376,0.25617239541318365,0.2604144484801145,3.0042912152937057e-3,3.500926099881353e-4,3.8675623363232333e-3
0xcab2d6,runtime,0.5553856266874012,0.5494104451250527,0.5662036867496075,1.0966367606069359e-2,1.2772344731774212e-3,1.3799090733915302e-2
0x6a3d9a,runtime wasm,0.5670495695417609,0.5628697342915908,0.5691951544999938,4.027317630252342e-3,6.303050004135002e-4,5.190364775368258e-3
