Color,Name,Mean,MeanLB,MeanUB,Stddev,StddevLB,StddevUB
0xa6cee3,ocaml,0.4434129933748257,0.44044256562491074,0.449193081625026,5.78620891233652e-3,1.8463286292299923e-4,6.857898710530812e-3
0x1f78b4,ocaml byte,3.637506112937217,3.604870725124556,3.6875204066873266,5.550356871773281e-2,1.2528745749932568e-2,6.76804368483546e-2
0xb2df8a,haskell,295.19243291295794,286.49204365966636,302.93360391433254,11.601522837614565,6.353516739645132,15.750297813120273
0x33a02c,haskell strict,1.5078867190000362,1.50066254800034,1.5151108899997325,1.15092736851186e-2,3.9058080871805876e-3,1.5587658214896195e-2
0xfdbf6f,c,0.18765921784719872,0.1861645238471384,0.190465445736259,3.3707188733215175e-3,7.122958312338e-4,4.7237651651639515e-3
0xff7f00,c wasm,0.27710847760686497,0.2762134358800176,0.27795960406704884,1.4078131658187706e-3,9.205761988499414e-4,2.1497591689465276e-3
0xcab2d6,runtime,0.5132146922915505,0.5100348942496566,0.5147666818332557,3.0989902482966656e-3,1.1095431834724856e-3,4.226486102648374e-3
0x6a3d9a,runtime wasm,0.5762399930206735,0.5756861677500638,0.5766166422080611,6.362082436249258e-4,3.543521664444716e-4,8.698340389130384e-4
