Color,Name,Mean,MeanLB,MeanUB,Stddev,StddevLB,StddevUB
0xa6cee3,ocaml,0.27950527212998927,0.27914149124998555,0.2802482764400156,7.765486133209286e-4,8.274339304279778e-5,9.953660563939647e-4
0x1f78b4,ocaml byte,1.9983515009583166,1.818212941124898,2.0875999087083223,0.1711502955685542,3.791446131332865e-3,0.20802336851988767
0xb2df8a,haskell,17.33741558870821,17.267018889749806,17.390674965624953,8.489930662774631e-2,5.6883401458772714e-2,0.10507540976187069
0x33a02c,haskell strict,0.5745057696042105,0.5744411742500688,0.5745373053125036,6.105206182013377e-5,1.6512249885636265e-5,7.634798172032928e-5
0xfb9a99,juvix,0.8401575880000678,0.8345693825000353,0.8444629331251008,6.638820999331114e-3,5.434731777609606e-3,7.858176815960701e-3
0xe31a1c,juvix wasm,0.8679968420625149,0.8663708186250005,0.8689096490625161,1.880647948106301e-3,1.6688712378426377e-3,1.983497819484757e-3
0xfdbf6f,c,0.1550047439020759,0.1549939460667485,0.1550282948202874,2.7712382145701197e-5,6.517725192379697e-6,4.075478428182861e-5
0xff7f00,c wasm,0.19338757575551427,0.19305691251109036,0.19409457524981613,7.964576106861089e-4,5.574280508192334e-5,1.0815603771420674e-3
0xcab2d6,runtime,0.278524436116777,0.2784972896500676,0.27856467501665066,4.6260529371154857e-5,1.702093627064481e-5,6.339398335010125e-5
0x6a3d9a,runtime wasm,0.31690769732334956,0.3167866017000961,0.31699367093013275,1.539371590418435e-4,1.0243518925031432e-4,2.0866189180670852e-4
