Color,Name,Mean,MeanLB,MeanUB,Stddev,StddevLB,StddevUB
0xa6cee3,ocaml,0.2788702902365488,0.2787662433398873,0.27897433713321035,1.606222933994332e-4,1.1273686020298003e-4,2.0774600833385859e-4
0x1f78b4,ocaml byte,2.068503916041626,1.9417872754164214,2.1327312692917153,0.12348782747819105,4.01389120314305e-3,0.14634729815207262
0xb2df8a,haskell,17.393873341812707,17.33337227600032,17.447695130062755,8.881136284427019e-2,4.782253060257645e-2,0.12429609573772801
0x33a02c,haskell strict,0.5830264814167094,0.5829464280000138,0.583106534833405,1.278059276750704e-4,7.12074445807049e-5,1.8025770290616548e-4
0xfb9a99,juvix,0.8102371848540694,0.8073414261665827,0.8159408671874644,5.5561450874489085e-3,4.2312316660780835e-4,6.587606763141459e-3
0xe31a1c,juvix wasm,0.8639586599584277,0.8635387880003691,0.8645404407501474,6.759266972037331e-4,2.958411303696968e-4,8.688402750978953e-4
0xfdbf6f,c,0.1548870267105281,0.15484610412584848,0.15494828719043394,8.0548354641184e-5,5.275878622747467e-5,1.0089460075368807e-4
0xff7f00,c wasm,0.19311346787781328,0.19302309569444434,0.19330971263899402,1.9982673770886744e-4,7.80386800775327e-5,2.863685717961481e-4
0xcab2d6,runtime,0.2785314487499242,0.2784431538500364,0.2786972942496656,1.7699619602130854e-4,3.0402337266426793e-5,2.3251549750058823e-4
0x6a3d9a,runtime wasm,0.3171369375167372,0.31702039970012263,0.3173649007500808,2.483730804761959e-4,2.3073718286031213e-5,3.142829737286138e-4
