Color,Name,Mean,MeanLB,MeanUB,Stddev,StddevLB,StddevUB
0xa6cee3,ocaml,0.2792433774367752,0.27908058127345914,0.2795000882700242,3.0753195239743646e-4,1.1629854291844455e-4,4.177640976789823e-4
0x1f78b4,ocaml byte,2.157633529166693,2.114834969833434,2.220798467250006,7.145642007809297e-2,1.8028440379198457e-2,9.405695854185019e-2
0xb2df8a,haskell,17.809900435499895,17.788422936250036,17.823999111499973,2.6762448628625635e-2,1.513285924977481e-2,3.212623917077237e-2
0x33a02c,haskell strict,0.5812615613332355,0.5812066392501265,0.581287857999996,5.249295297810917e-5,1.9683556003250596e-5,6.950296459478085e-5
0xfb9a99,juvix,0.8171519112290943,0.8160800531459056,0.8189699859164724,1.9519760237616652e-3,2.865321665315723e-4,2.475350211448259e-3
0xe31a1c,juvix wasm,0.9002808282501368,0.899097569750514,0.9010078774999405,1.2092826176244701e-3,5.416799999693467e-4,1.6790483203531564e-3
0xfdbf6f,c,0.15504785207793612,0.1550347933462957,0.15506342579935958,2.450564199253351e-5,1.6447204298538383e-5,3.3900588320547204e-5
0xff7f00,c wasm,0.19296925162507758,0.19284703054173505,0.19313081708348567,2.2567542848807507e-4,1.282335180350467e-4,3.2131371883142943e-4
0xcab2d6,runtime,0.27857590531661425,0.278536714766736,0.27865195181628527,8.392080754419143e-5,3.597544132595504e-5,1.0519663450510093e-4
0x6a3d9a,runtime wasm,0.31767072638001687,0.31674620439998763,0.319282037140083,1.8367111931166587e-3,4.221743822195325e-4,2.4378906520978595e-3
