Color,Name,Mean,MeanLB,MeanUB,Stddev,StddevLB,StddevUB
0xa6cee3,ocaml,0.42447287106294124,0.4140350787508851,0.430081667812677,1.0011364829740322e-2,4.650530581587905e-3,1.295296125315929e-2
0x1f78b4,ocaml byte,3.4615938032087192,3.457364094751256,3.464372976542033,5.724469930977143e-3,4.884530006573796e-3,6.418225888453127e-3
0xb2df8a,haskell,235.00361232831244,225.54511094174995,243.94062213149982,11.855219438231297,6.61811490889341,14.244002525900745
0x33a02c,haskell strict,1.4528835670411127,1.449913848749702,1.4563913267486441,4.7449724805758e-3,2.2710669153134877e-3,6.624598394417897e-3
0xfdbf6f,c,0.1787082964935093,0.17707822828401268,0.18124085287751837,3.5131883207607574e-3,2.0326987708976724e-3,5.117098214340026e-3
0xff7f00,c wasm,0.27365047821987293,0.2694302329000493,0.2757426386400402,4.524772092380983e-3,8.094661158627864e-4,5.98788262632031e-3
0xcab2d6,runtime,0.4982210261037684,0.4928312298122819,0.5032165689376598,7.375221247804743e-3,3.6475313337784305e-3,9.88605348189039e-3
0x6a3d9a,runtime wasm,0.5710662578334601,0.5676031908332485,0.5772019810005986,6.524425078033459e-3,1.2628023334097516e-3,7.997610659175496e-3
