Color,Name,Mean,MeanLB,MeanUB,Stddev,StddevLB,StddevUB
0xa6cee3,ocaml,0.2811869563832913,0.278999795533288,0.28548355368333583,4.698779775852431e-3,2.9757356433403586e-4,5.9182558452848515e-3
0x1f78b4,ocaml byte,2.0924583096875247,1.9697692533749582,2.151976043562579,0.11596064602321969,3.4783485322370175e-2,0.14588792005744855
0xb2df8a,haskell,17.559448393874987,17.485346563375032,17.61051864362497,8.954879532349488e-2,4.606316149994427e-2,0.11794168976293763
0x33a02c,haskell strict,0.5829818969166544,0.5829145313333963,0.5830275239165607,8.337622037890078e-5,4.971896497495216e-5,1.0537104271284558e-4
0xfb9a99,juvix,0.8234008422708143,0.820845519499926,0.8248079921458498,2.4583871888677615e-3,1.1053233759808919e-3,3.2966598372728612e-3
0xe31a1c,juvix wasm,0.8643868693123977,0.8635535724374677,0.865254613749812,1.1144543706350625e-3,5.632432303371318e-4,1.3844497167599182e-3
0xfdbf6f,c,0.1549473248737889,0.15489016601669967,0.1550277013500465,1.1143759490906354e-4,8.027479626517169e-5,1.5515069490147556e-4
0xff7f00,c wasm,0.1932411164222736,0.19278422353344368,0.193740122222304,7.695518093609351e-4,5.783404666161434e-4,1.0052528828957098e-3
0xcab2d6,runtime,0.2784515732099711,0.27840712309992643,0.2784999637700366,6.635977301738634e-5,5.3616160641205236e-5,8.084604039147463e-5
0x6a3d9a,runtime wasm,0.3178178857733383,0.31689333366671235,0.319606805319936,1.9709847974161082e-3,1.8916743516972563e-4,2.494668314740833e-3
