Color,Name,Mean,MeanLB,MeanUB,Stddev,StddevLB,StddevUB
0xa6cee3,ocaml,0.2800506415733435,0.27896145783990506,0.2821845120000944,2.339921888624304e-3,1.599588156713811e-4,2.953410460149169e-3
0x1f78b4,ocaml byte,2.132594558854256,2.0820553385625544,2.183324002562813,7.146542092947698e-2,3.682255826015408e-2,9.519424778407846e-2
0xb2df8a,haskell,17.009546973999978,16.870807403374897,17.080255743374995,0.1341211004516599,1.7682251750082756e-2,0.1704115097030769
0x33a02c,haskell strict,0.5746178416041327,0.574559607916664,0.5747175726874048,1.0474647833573824e-4,2.06494583683825e-5,1.2954931744454628e-4
0xfb9a99,juvix,0.8184944961249224,0.8178591249998892,0.818920329624954,7.790458193237784e-4,4.885800621818405e-4,9.834203434927226e-4
0xe31a1c,juvix wasm,0.8679707243125657,0.8641439602500895,0.8697032421250507,3.662177745757204e-3,1.1625444963876768e-3,4.836454544727236e-3
0xfdbf6f,c,0.15500177959257339,0.15497213060953072,0.15503903757632673,5.515201336128691e-5,3.767722639810496e-5,8.542883583173348e-5
0xff7f00,c wasm,0.1932792552638413,0.19319574829161942,0.19338083449991295,1.5188161768487607e-4,1.2211758668377452e-4,1.8932545478059684e-4
0xcab2d6,runtime,0.2785915580167163,0.2785674697166193,0.27863718251686953,4.928247001901753e-5,6.914137461544428e-6,6.27536470709922e-5
0x6a3d9a,runtime wasm,0.31684923074663096,0.31676688277985704,0.31690422882669433,1.008567649245613e-4,4.6116279185502425e-5,1.3437740359495355e-4
