Color,Name,Mean,MeanLB,MeanUB,Stddev,StddevLB,StddevUB
0xa6cee3,ocaml,0.40634866935429653,0.40613559852092374,0.40670614143772355,3.8823566386945194e-4,1.062426250655335e-4,4.7479179191817634e-4
0x1f78b4,ocaml byte,3.1136676837707946,3.1118464030416435,3.1170988315208015,3.5075010618808014e-3,1.877075832605879e-4,4.206067676980826e-3
0xb2df8a,haskell,177.2651368095624,174.54398861456207,180.14212322999998,3.7147784905683614,1.842624496920463,4.6636302546386394
0x33a02c,haskell strict,1.3886971161045192,1.388152548062635,1.388998920292276,5.260215664619394e-4,2.4967610571655996e-4,6.969869161755846e-4
0xfb9a99,juvix,2.126575835437469,2.124758363875041,2.129829732499578,3.3901943199821324e-3,3.550019295552537e-4,4.1708441621822094e-3
0xe31a1c,juvix wasm,2.0312841778746056,2.0283421968741777,2.0331711773748866,3.457283528349298e-3,1.5111181751086044e-3,4.357838677792046e-3
0xfdbf6f,c,0.17132115101665318,0.17121392660019844,0.1715215391425828,2.500850314265446e-4,1.3952971908348592e-4,3.4635239494626506e-4
0xff7f00,c wasm,0.2606928551133084,0.25976523694678083,0.2625128562665243,1.971112642593876e-3,1.875726677989136e-4,2.514254576930205e-3
0xcab2d6,runtime,0.4088462146458672,0.4086580383125238,0.4091603770000347,3.4146088708076255e-4,4.9398233500484604e-5,4.3457462684373037e-4
0x6a3d9a,runtime wasm,0.46376348222944824,0.4636201021251054,0.46384126337534326,1.4058394040005596e-4,4.513112226362197e-5,1.895425057972496e-4
