Color,Name,Mean,MeanLB,MeanUB,Stddev,StddevLB,StddevUB
0xa6cee3,ocaml,0.4057341591452541,0.4055600931242225,0.4058301078741806,1.713380776473475e-4,6.086414982337989e-5,2.3222658873086005e-4
0x1f78b4,ocaml byte,3.1104857327705986,3.106643216687303,3.1123629705830353,3.76231730403634e-3,1.878207499430573e-4,4.5386157548519025e-3
0xb2df8a,haskell,180.24518218804175,170.88717057325016,186.5821234921667,10.387356028868643,6.44075702557352,14.634539071101557
0x33a02c,haskell strict,1.388428768312565,1.3880793406873408,1.3890625627500413,6.443360199307154e-4,6.333676299816789e-6,7.600647297784891e-4
0xfb9a99,juvix,2.113255269000168,2.112366615750261,2.114277223749923,1.304844652460671e-3,6.53434353329011e-4,1.7066690461538443e-3
0xe31a1c,juvix wasm,1.7939711688543412,1.792282137750135,1.7949520357919937,1.975653349449153e-3,1.7968841561483754e-3,2.2652151619715817e-3
0xfdbf6f,c,0.1711556137415588,0.17114086057138464,0.17118584303408743,3.600649839998746e-5,1.7535329146949904e-5,5.194172961053173e-5
0xff7f00,c wasm,0.27515559003297313,0.27487624603310906,0.2756730254325703,5.591818831913228e-4,9.201885050473741e-5,7.322148458009854e-4
0xcab2d6,runtime,0.4087581640000053,0.40873503450006865,0.40879302649989313,4.03357758632654e-5,1.025893687339474e-5,5.341529205860429e-5
0x6a3d9a,runtime wasm,0.45903507052116765,0.4588265783759198,0.4591763785833791,2.362659943717049e-4,1.077490045190177e-4,3.2633699102581446e-4
