Color,Name,Mean,MeanLB,MeanUB,Stddev,StddevLB,StddevUB
0xa6cee3,ocaml,0.2795493603567123,0.27908575828993437,0.2801628732400695,7.392437903219571e-4,4.2887293213076955e-4,9.8114297580757e-4
0x1f78b4,ocaml byte,2.1049247085832783,2.0102669082498608,2.1521902512083195,8.952931862146929e-2,2.4289815750023536e-2,0.109301608877368
0xb2df8a,haskell,17.433523775708398,17.259638719750058,17.558862078625026,0.2086874105571008,0.15029609660473187,0.2544922718627451
0x33a02c,haskell strict,0.5828808660209575,0.5828161678749666,0.5829382651460833,9.449047500905554e-5,5.7326078041319995e-5,1.325576013705466e-4
0xfb9a99,juvix,0.8099165889583636,0.8095583879998571,0.8101596136251032,4.0261276014569314e-4,2.1744054023529953e-4,5.612414270474745e-4
0xe31a1c,juvix wasm,0.8627904712083705,0.8625444104166036,0.8631303223752411,3.9114640728506894e-4,9.94046088917829e-5,5.173049753156045e-4
0xfdbf6f,c,0.1548669440363121,0.15483295106087006,0.15492755511407139,8.05439085733546e-5,3.868462098439084e-5,1.137554241010607e-4
0xff7f00,c wasm,0.19319584477785712,0.19302392902774146,0.19333979608355145,2.66079363071632e-4,1.9338773825580623e-4,3.487272420160004e-4
0xcab2d6,runtime,0.27852191599008014,0.27847438303006433,0.27861429455010694,1.026241380927603e-4,5.187656460236894e-6,1.2863723771781415e-4
0x6a3d9a,runtime wasm,0.31703723013658724,0.31692951868332486,0.3172157935599171,1.9885710937405147e-4,7.000065913517964e-5,2.729308307081102e-4
