Color,Name,Mean,MeanLB,MeanUB,Stddev,StddevLB,StddevUB
0xa6cee3,ocaml,0.3442095401460013,0.344174447937462,0.3442270154586898,3.319559124118653e-5,1.4250250160330324e-5,4.052165168978549e-5
0x1f78b4,ocaml byte,2.375756956749948,2.3702342129998897,2.378682012250086,5.439440623142582e-3,7.033720001647925e-4,6.7832071951588625e-3
0xb2df8a,haskell,186.2132865923127,179.72976050250034,197.07003672418762,10.928249072615545,4.170518461823098,14.973062133004508
0x33a02c,haskell strict,0.848579644728981,0.8483111722080896,0.8487771373123678,3.2139603801503643e-4,2.324235131498762e-4,3.875872156766123e-4
0xfdbf6f,c,0.20227479828043013,0.20223221063055866,0.20231160257196987,6.50968449116371e-5,5.0832221414536056e-5,8.692038818117804e-5
0xff7f00,c wasm,0.29844710214688047,0.29816205388022354,0.2990003744003843,6.007963359393011e-4,6.634458390581874e-5,7.728630424760721e-4
0xcab2d6,runtime,0.5642894924374863,0.5642280672501178,0.5643698635624332,1.0268529348732367e-4,4.296247887274212e-5,1.4185539384893773e-4
0x6a3d9a,runtime wasm,0.6303632250411889,0.6302105860830427,0.6305158639993351,2.2308309607328093e-4,1.0114549154209753e-4,3.077584855494623e-4
