Color,Name,Mean,MeanLB,MeanUB,Stddev,StddevLB,StddevUB
0xa6cee3,ocaml,0.41867740341683657,0.4109299978335912,0.42428426379160555,9.164011185945342e-3,7.837713293198906e-3,1.0518603007403456e-2
0x1f78b4,ocaml byte,3.4626776467500804,3.44746110899996,3.4754647300001125,2.1264869325510284e-2,1.2615709599515709e-2,2.953050382622471e-2
0xb2df8a,haskell,249.05419209672908,243.73857373162468,255.92154352025,8.285872703769751,3.123876535644646,10.768295636688302
0x33a02c,haskell strict,1.444842345437299,1.4332156964998526,1.4533481052499155,1.4019444351609872e-2,9.647846628831504e-3,1.7442194748399347e-2
0xfdbf6f,c,0.19744364536674966,0.1964511877335503,0.19838266100002025,1.6121780656087636e-3,1.0025715915070652e-3,2.261837336117993e-3
0xff7f00,c wasm,0.26716174624708094,0.2635881308934707,0.27334517916721474,6.717618579316423e-3,1.4005502346603072e-3,8.777531108749133e-3
0xcab2d6,runtime,0.5693408568959057,0.5624201576251835,0.5732910800625177,7.162794071239709e-3,4.401048292954542e-3,9.122649634410084e-3
0x6a3d9a,runtime wasm,0.5823955008957,0.5740389590414452,0.5935094245828623,1.277014590246951e-2,2.591671905571507e-3,1.6716152632493642e-2
