Color,Name,Mean,MeanLB,MeanUB,Stddev,StddevLB,StddevUB
0xa6cee3,ocaml,0.4222287150625637,0.4027915762502137,0.4454309229373621,2.963995771239088e-2,1.3035313086488285e-2,3.8813596550120476e-2
0x1f78b4,ocaml byte,3.523955282604144,3.445652807458221,3.602257757750067,0.11278288315434927,4.78013579046125e-2,0.1536383918917765
0xb2df8a,haskell,242.63690797810412,233.06817236862457,253.18022708895847,14.483403807815547,5.812084014760556,18.732071949603935
0x33a02c,haskell strict,2.0258802933331026,2.015828873874625,2.0429074467081136,1.787120934300279e-2,3.890122554977775e-3,2.219470487363192e-2
0xfb9a99,juvix,2.3967396790419193,2.390452343749871,2.400529727250614,6.652924756993068e-3,3.433967272820329e-3,9.318905810397873e-3
0xe31a1c,juvix wasm,2.2244852087709432,2.1819536677498945,2.2582893830211788,5.118252709773329e-2,3.5121836375537896e-2,6.0710193589483985e-2
0xfdbf6f,c,0.2126321820387299,0.2081889213555769,0.21608424888897085,6.30390541936116e-3,4.932057443699799e-3,7.4547050881505934e-3
0xff7f00,c wasm,0.33005355220657295,0.32193295530669275,0.33646812863307785,1.0326326695921175e-2,6.718452743980516e-3,1.5619038293446953e-2
0xcab2d6,runtime,0.556580496041685,0.551408539416722,0.5647680117499476,8.526274495157119e-3,4.140656347295906e-3,1.1944122198637962e-2
0x6a3d9a,runtime wasm,0.6514773433124598,0.6421216776251033,0.6574092993123486,1.118525198067636e-2,7.972757658554328e-3,1.3699265573427257e-2
