Color,Name,Mean,MeanLB,MeanUB,Stddev,StddevLB,StddevUB
0xa6cee3,ocaml,0.40628644460404456,0.4059962919375266,0.40648538364560716,3.3097449885393087e-4,1.805931392293092e-4,4.594300367939313e-4
0x1f78b4,ocaml byte,3.1091369101669293,3.107494835750458,3.111189233000232,2.394350263854147e-3,8.212173330928163e-4,3.012493615609235e-3
0xb2df8a,haskell,212.93476427164592,206.3993584578127,217.4880796291459,8.18796174259687,4.360271394415374,10.515431389431457
0x33a02c,haskell strict,1.389606295374885,1.3888050469998539,1.390220021999994,9.389022158726997e-4,8.182179246359518e-4,1.0658391151730678e-3
0xfdbf6f,c,0.17117176010723453,0.17114752629776667,0.17119993211907394,4.547608472739239e-5,3.141899809293954e-5,6.858483135945494e-5
0xff7f00,c wasm,0.27495634049346335,0.27460468993349424,0.27536961100022384,5.759847986664021e-4,4.598787875992534e-4,7.292241200331756e-4
0xcab2d6,runtime,0.4087376597499315,0.40829462649980997,0.4095948407502874,8.67243449788813e-4,2.687049982341705e-5,1.0231414648704488e-3
0x6a3d9a,runtime wasm,0.45931569835420305,0.4587590993332924,0.4601027818539478,9.166923346085234e-4,2.865824319298947e-4,1.2254222412943323e-3
