Color,Name,Mean,MeanLB,MeanUB,Stddev,StddevLB,StddevUB
0xa6cee3,ocaml,0.40536247956244625,0.40521801193739293,0.4055359892499837,2.1467926407724183e-4,9.005406080085437e-5,2.7676497631949875e-4
0x1f78b4,ocaml byte,3.0882553986249377,3.05385503962475,3.1035044555000013,3.3904613300664375e-2,7.848297000009552e-3,4.4253329443591755e-2
0xb2df8a,haskell,179.04152405343737,172.938285031,185.4408460551249,8.055737344108381,0.1542682895518812,9.753642886117158
0x33a02c,haskell strict,1.7118803699374137,1.7117456546251713,1.7121088298747509,2.350271581349758e-4,3.911937759707855e-5,2.9473269332857546e-4
0xfb9a99,juvix,2.003385570125033,2.0008198942500712,2.0049402732500994,3.0299344781509227e-3,2.3685011878510354e-3,3.590433071067751e-3
0xe31a1c,juvix wasm,2.0537935566669225,2.0521962190002796,2.0548593125004118,1.8657786039155554e-3,1.6474113301706303e-3,2.066452083674718e-3
0xfdbf6f,c,0.17117806196182736,0.17110436566185946,0.1712783714139732,1.6039365809684722e-4,1.2173195884930538e-4,2.0587992129465465e-4
0xff7f00,c wasm,0.2669316368102227,0.2644210809102515,0.27142077516029534,5.038266088389266e-3,1.2466473506707607e-3,6.601155096134642e-3
0xcab2d6,runtime,0.4088932358331097,0.40871667616617435,0.4090697955000451,2.9420672116922306e-4,9.117897813702575e-5,3.936591606094573e-4
0x6a3d9a,runtime wasm,0.4847795824998684,0.48044782174997636,0.4868673904998104,4.188183416551357e-3,6.522167097125324e-4,5.248842562890401e-3
