Color,Name,Mean,MeanLB,MeanUB,Stddev,StddevLB,StddevUB
0xa6cee3,ocaml,0.27999582689330965,0.279221405733324,0.28142313921325696,1.506801946776223e-3,3.668835093400822e-4,1.955739418436687e-3
0x1f78b4,ocaml byte,2.096631668166841,1.9759229685000719,2.174140020416947,0.1304674911391899,5.713748260625651e-2,0.1789978721441729
0xb2df8a,haskell,17.715386679395863,17.65120899383328,17.801962467687588,0.10996001219838333,4.462838641454088e-2,0.148212016142099
0x33a02c,haskell strict,0.5831377080001895,0.5829330727503361,0.5835330912499899,3.9783314891728903e-4,1.9201500094823132e-5,4.676876283656998e-4
0xfb9a99,juvix,0.8134840262292945,0.8108312114166741,0.8147718357294215,2.584427384252342e-3,1.7827609220027237e-4,3.152344738453323e-3
0xe31a1c,juvix wasm,0.864043123229294,0.8632668348126344,0.8643980592293019,7.399827266812919e-4,2.571088381484037e-4,9.730717247101031e-4
0xfdbf6f,c,0.15513453966870694,0.15499808112109428,0.15550844082306767,3.423755778665985e-4,7.734712645414746e-5,4.945566033162651e-4
0xff7f00,c wasm,0.19313945614437167,0.19297044176669764,0.19349906366647296,3.727546618061696e-4,1.2028502299947155e-4,5.288991567482354e-4
0xcab2d6,runtime,0.27845073446004787,0.27839299706010023,0.27855934289996187,1.1471194008995519e-4,1.880430124871142e-5,1.5249774024618214e-4
0x6a3d9a,runtime wasm,0.31665210982656694,0.31660158569975466,0.3166890141932951,6.718646235902496e-5,3.973072998978037e-5,1.0106677063732099e-4
