Color,Name,Mean,MeanLB,MeanUB,Stddev,StddevLB,StddevUB
0xa6cee3,ocaml,0.27894940935981744,0.2788219719598904,0.2790798224997161,1.8290150199930003e-4,1.4931253415696502e-4,2.044145495461142e-4
0x1f78b4,ocaml byte,2.1404874514376124,2.1212092976250387,2.153444733937647,2.3675424644231707e-2,1.474515894073339e-2,2.9923562157444232e-2
0xb2df8a,haskell,17.62983629797905,17.466249456937533,17.715096636562237,0.15802533825284465,8.572521041531626e-2,0.19690031772880698
0x33a02c,haskell strict,0.5811183961043677,0.5810872138334464,0.5811372024791505,3.633061531062955e-5,3.238837484786927e-5,4.064608446643312e-5
0xfb9a99,juvix,0.8139212282500617,0.8134869282499342,0.8144836576253738,7.06259047388743e-4,2.8429290785373924e-4,9.709931678372989e-4
0xe31a1c,juvix wasm,0.8954151337500397,0.8942709081250086,0.8974040556250884,1.9914536404903437e-3,5.430555501545473e-4,2.642475890501258e-3
0xfdbf6f,c,0.15492821466026244,0.15488309896096747,0.1550151155428856,1.085244112431157e-4,3.304106609843071e-5,1.5611366675510934e-4
0xff7f00,c wasm,0.19263989271386336,0.1922337645555419,0.1934607955555647,9.675569669999015e-4,7.918043865753823e-5,1.3078778533909803e-3
0xcab2d6,runtime,0.27865770140334156,0.2785315455066787,0.2789041379832876,2.672009398359299e-4,9.774324009933252e-5,3.4019484117006816e-4
0x6a3d9a,runtime wasm,0.3162261027265261,0.31603590355986855,0.31643058209961056,2.928422942807008e-4,2.0360021217290047e-4,4.177198778983592e-4
