Color,Name,Mean,MeanLB,MeanUB,Stddev,StddevLB,StddevUB
0xa6cee3,ocaml,0.27943722091666434,0.2790945880833685,0.27977795299993885,4.781571447729929e-4,4.031303451602745e-4,5.27124081307017e-4
0x1f78b4,ocaml byte,2.086310612396005,1.9173156700628624,2.1639712063958996,0.1614228826328035,3.157818298077858e-2,0.21092764238583975
0xb2df8a,haskell,16.698196571771025,16.64253329479167,16.743435222625294,6.877649463750916e-2,4.584784336376134e-2,8.874579260540882e-2
0x33a02c,haskell strict,0.5760324683542043,0.574455361812511,0.5790466187499987,3.0622817141343532e-3,1.0053270315552769e-4,3.634883941525262e-3
0xfb9a99,juvix,0.8286939646874695,0.8245479002500057,0.8360325558123805,7.719001133469109e-3,8.237942523806573e-4,9.57492567618902e-3
0xe31a1c,juvix wasm,0.8718059531041907,0.8675497482916702,0.8800070473542027,8.29214708423476e-3,5.299749166927659e-4,9.7760818357409e-3
0xfdbf6f,c,0.1549879840827921,0.15494034647957539,0.15507120989017195,1.0742585967111527e-4,4.5961864464418576e-5,1.5686550208976745e-4
0xff7f00,c wasm,0.1933012582332746,0.1932388833333031,0.19334772602759487,8.84793961978684e-5,4.639395597109574e-5,1.3205177688622373e-4
0xcab2d6,runtime,0.27867004059000466,0.2785330770800465,0.2789454923999074,2.9163960515062525e-4,2.2382435842872362e-5,3.7171308344614585e-4
0x6a3d9a,runtime wasm,0.3171405733264752,0.3170025765597893,0.3172462482664438,1.612206262324854e-4,1.086028121509663e-4,2.0107552318407234e-4
