Color,Name,Mean,MeanLB,MeanUB,Stddev,StddevLB,StddevUB
0xa6cee3,ocaml,0.2790529546900234,0.2790199509000558,0.27908994248005914,4.96934172796949e-5,3.227374114850295e-5,6.993743361892965e-5
0x1f78b4,ocaml byte,2.073460628999991,1.9386590675000357,2.140208130124942,0.1271173157239329,4.320850500986029e-2,0.1556700578230511
0xb2df8a,haskell,16.920227655229116,16.82199386620838,16.984839142562464,0.12073835316000535,6.724460337477467e-2,0.14921383841860042
0x33a02c,haskell strict,0.5744170285626637,0.5743382067500988,0.5744753381251257,1.0093991833932175e-4,6.409094028830545e-5,1.3466016633506005e-4
0xfb9a99,juvix,0.8039733469584197,0.8012839814167971,0.8056989966250967,3.325034278128007e-3,1.951910885746451e-3,3.98521719833185e-3
0xe31a1c,juvix wasm,0.8630302120207034,0.8623537965831929,0.8641362093123917,1.2115227242627425e-3,2.2209266671779915e-4,1.562114539722854e-3
0xfdbf6f,c,0.15489489000672427,0.15484808119047208,0.15498426499979837,1.0911334262536953e-4,3.774477075361764e-5,1.5687958832008328e-4
0xff7f00,c wasm,0.19381261261108496,0.19370971572224235,0.1939155094999276,1.6960699270229866e-4,1.2339325487726457e-4,2.2626494037448754e-4
0xcab2d6,runtime,0.2786981689400303,0.2785652146000757,0.27894458222001955,2.716703107523545e-4,2.9184967123361888e-5,3.4888323636057247e-4
0x6a3d9a,runtime wasm,0.31755051416003577,0.31728371555995183,0.3176924421601507,2.918738103415743e-4,8.796958589380789e-5,3.973219685759361e-4
