Color,Name,Mean,MeanLB,MeanUB,Stddev,StddevLB,StddevUB
0xa6cee3,ocaml,0.40526778062494867,0.40521157950001907,0.40534388199989735,8.841714055289258e-5,2.5830468772832063e-5,1.1737761896628835e-4
0x1f78b4,ocaml byte,3.10763453118769,3.103523102187637,3.1096829493128175,4.077536153029341e-3,9.0936875267289e-5,4.764319535916291e-3
0xb2df8a,haskell,193.70348500360424,189.73021519825033,195.9841732987707,4.005569371669095,2.4388728957582777,5.267024004607978
0x33a02c,haskell strict,1.3882986546043032,1.3880208497708204,1.3887586874378712,5.234820139207139e-4,1.9034112506233214e-4,6.415627815738381e-4
0xfdbf6f,c,0.17114619626420352,0.1711291246570488,0.1711654484998832,2.995980304384751e-5,2.5101536022860564e-5,3.6704716093173724e-5
0xff7f00,c wasm,0.27541776509974925,0.2748254953999033,0.27634749559940247,1.2309112977910849e-3,1.0502103424161816e-3,1.4065142820720636e-3
0xcab2d6,runtime,0.40824874956266893,0.40792097212503603,0.40880113368802995,5.813630086882237e-4,1.1821912479112462e-4,7.064993038695274e-4
0x6a3d9a,runtime wasm,0.45907197114619674,0.45872742662527344,0.4596057838126626,5.955964409672203e-4,1.3285137515595125e-4,7.100612787778262e-4
