Color,Name,Mean,MeanLB,MeanUB,Stddev,StddevLB,StddevUB
0xa6cee3,ocaml,0.4624596800420022,0.45700177533399255,0.4674110645416931,6.799742728827682e-3,4.4794774130081354e-3,8.855183942544606e-3
0x1f78b4,ocaml byte,3.9062308810209365,3.896298861000105,3.9138839685625726,1.188606931057933e-2,8.540259161772156e-3,1.4591068945417025e-2
0xb2df8a,haskell,337.30210574679177,329.72793686812497,342.297248108375,8.205416883179206,4.633198477520469,11.535787148402365
0x33a02c,haskell strict,1.646040202249954,1.6417033304990885,1.648916951500496,4.919364548742069e-3,1.647123737546303e-3,6.651130527690228e-3
0xfb9a99,juvix,2.44283826281306,2.434860767875307,2.4489369538755454,9.885802718984676e-3,6.109154471954527e-3,1.2696770588888451e-2
0xe31a1c,juvix wasm,2.1527127584583923,2.1482172541245745,2.1549087444586803,4.254588237271143e-3,2.3909768186764196e-4,5.193713777690227e-3
0xfdbf6f,c,0.22673237471981336,0.2236892412343271,0.2281132969946662,3.139240886282691e-3,1.9133125649240437e-3,4.231366556361189e-3
0xff7f00,c wasm,0.3270475724902402,0.32144711584951435,0.3328882157707994,8.007559952940509e-3,6.497677686416449e-3,9.194288298147503e-3
0xcab2d6,runtime,0.6418706178746257,0.6346569067504788,0.6461178436244002,8.53335234592558e-3,7.309776995110211e-3,9.808547719765574e-3
0x6a3d9a,runtime wasm,0.6579830325208604,0.6497845630419761,0.6629065763336257,9.743108094833308e-3,7.917975360110248e-3,1.1370437382667789e-2
