Color,Name,Mean,MeanLB,MeanUB,Stddev,StddevLB,StddevUB
0xa6cee3,ocaml,0.2799226759134581,0.2790235895134356,0.2816777454335352,1.9076549724094888e-3,1.3252243915070098e-4,2.4244987646796275e-3
0x1f78b4,ocaml byte,2.0922150153331436,2.006696880166525,2.150455925499841,0.10702922602515749,5.638838840066312e-2,0.13450162065036714
0xb2df8a,haskell,17.47017044397931,17.414285666875344,17.509273637187505,6.748111147143031e-2,4.504516966721293e-2,8.401519475109279e-2
0x33a02c,haskell strict,0.5831663707916542,0.5830490983333523,0.5833543595417533,2.0490489038733908e-4,3.675666645602815e-5,2.4391737816959215e-4
0xfb9a99,juvix,0.8176652688126751,0.8156272586252271,0.8197032790001231,2.787904916264603e-3,1.473797530460173e-3,3.8216182635146903e-3
0xe31a1c,juvix wasm,0.866175300000028,0.863889222250009,0.8702997088750711,4.185855078974661e-3,5.022696194621054e-4,5.24998311849386e-3
0xfdbf6f,c,0.15494353492654472,0.15492264809325323,0.15497657201694273,4.8280279325813664e-5,2.4407354053502653e-5,6.890047861909967e-5
0xff7f00,c wasm,0.19402428311937758,0.1934549042303868,0.19513039246661112,1.286970267726917e-3,2.054099356160763e-4,1.789596836444577e-3
0xcab2d6,runtime,0.2785809090201049,0.2784758530200149,0.27878788832029383,2.228100611920216e-4,2.2340561731715484e-5,2.834721780508916e-4
0x6a3d9a,runtime wasm,0.31739615250330344,0.31717429219334614,0.3175372095000057,2.604952197493296e-4,1.7640975189766426e-4,3.700311721067008e-4
