Color,Name,Mean,MeanLB,MeanUB,Stddev,StddevLB,StddevUB
0xa6cee3,ocaml,0.40589615512520066,0.4057987663752935,0.40606219475010147,1.7435855066851025e-4,3.415875009218916e-5,2.2490968389977825e-4
0x1f78b4,ocaml byte,3.1093364239375205,3.107661864874899,3.1103663294377384,1.9539324537527773e-3,1.6744724948586395e-3,2.200144611083669e-3
0xb2df8a,haskell,181.45014830491667,176.05295666124994,185.1611001955,6.320512260272071,5.506386237436032,7.110541487783251
0x33a02c,haskell strict,1.3891223791461773,1.3885160231252485,1.3894914650632018,7.034645131645402e-4,6.360081945013461e-4,7.600054194507397e-4
0xfb9a99,juvix,2.0266729343333054,2.0240214673754053,2.0280295214996613,2.6056375191319974e-3,1.5955520887157347e-3,3.132903862699068e-3
0xe31a1c,juvix wasm,1.902179071562614,1.9001337317499747,1.9042244113752531,2.7006153566665092e-3,1.4072286248847377e-3,3.6187645148850404e-3
0xfdbf6f,c,0.17137752211114846,0.17127161607795086,0.17165532838056866,2.6741549850231e-4,4.617999471641154e-5,3.950972425289136e-4
0xff7f00,c wasm,0.2614228507870151,0.26091428792027727,0.26193141365375294,7.476321888584884e-4,6.119404660697678e-4,9.089268154393671e-4
0xcab2d6,runtime,0.4088521142501804,0.4088245700004336,0.40889231487506095,4.7214327829785324e-5,1.514514270830873e-5,6.208045343433609e-5
0x6a3d9a,runtime wasm,0.4648767065418724,0.46453276837542035,0.46504283591684725,3.25958442901371e-4,2.697245704649543e-5,3.9760328617367423e-4
