Color,Name,Mean,MeanLB,MeanUB,Stddev,StddevLB,StddevUB
0xa6cee3,ocaml,0.27948128811337336,0.2793764857466855,0.279637584980137,2.0256856002627227e-4,1.0531035728477881e-4,2.707329427492542e-4
0x1f78b4,ocaml byte,2.177257028124975,2.1426112969999167,2.195486823875001,3.373685509279237e-2,1.7636916750007003e-2,4.209990993419822e-2
0xb2df8a,haskell,19.33483742327091,19.293371710812607,19.359947036666732,4.1950460590440844e-2,2.3067787563816926e-2,5.798816821330251e-2
0x33a02c,haskell strict,0.583330872937457,0.5832434234376933,0.5833824976248252,9.090817801048786e-5,4.990665294371381e-5,1.2802424642743436e-4
0xfb9a99,juvix,1.1391437411249778,1.1380886299999702,1.1397345642499963,1.0429677425888109e-3,2.60022250131442e-4,1.3724750393184944e-3
0xe31a1c,juvix wasm,0.9500281178959351,0.911309051750095,1.0264666977500383,7.664316316452853e-2,4.551888700258938e-4,8.896266417826078e-2
0xfdbf6f,c,0.1550977602220502,0.1550686807649471,0.15515761742837988,6.63433783360155e-5,2.2863925348631055e-5,9.642894167885259e-5
0xff7f00,c wasm,0.19606080635013667,0.19586444490562624,0.196326543600109,3.4603144489359647e-4,2.3370312458077157e-4,4.409932417389089e-4
0xcab2d6,runtime,0.2786890007867866,0.27865623070668033,0.27875389502021786,6.76938190163792e-5,1.3823872520531824e-5,8.795213956913743e-5
0x6a3d9a,runtime wasm,0.3198809559834141,0.3195671746500011,0.3202999014002671,5.420714244578577e-4,3.395334940346298e-4,7.475279126705919e-4
