Color,Name,Mean,MeanLB,MeanUB,Stddev,StddevLB,StddevUB
0xa6cee3,ocaml,0.28017527370990136,0.27911444101993765,0.2822492995198627,2.273083582406988e-3,1.2563370034296417e-4,2.862081040249685e-3
0x1f78b4,ocaml byte,2.1156895735626526,2.0346925506876232,2.1561589933752052,7.711626495045597e-2,1.620127175010566e-2,9.359449015092493e-2
0xb2df8a,haskell,17.532971745854184,17.37520963333327,17.638802403729073,0.19216772546095037,0.12304953578935478,0.23142916189197
0x33a02c,haskell strict,0.58124190639586,0.5812138549375163,0.5812808725625587,4.533843058823944e-5,1.2241333251949982e-5,5.842192940869031e-5
0xfb9a99,juvix,0.8094901191457969,0.8046026549791729,0.8180010049999282,8.65557407675382e-3,1.8437592317125861e-3,1.128711500902013e-2
0xe31a1c,juvix wasm,0.8940805833750195,0.8933910395000264,0.8951466214999376,1.1328914448013472e-3,7.945783074153785e-5,1.3658467251423233e-3
0xfdbf6f,c,0.15572379067081293,0.1549586833042194,0.15799162873808895,2.002220889684792e-3,7.980910368336649e-5,2.847567545334137e-3
0xff7f00,c wasm,0.1929219703473134,0.1925929622083307,0.19357247561131063,7.392807131664437e-4,1.3610059572604987e-4,1.0076078887311934e-3
0xcab2d6,runtime,0.2785394145299021,0.27846191469007564,0.2786903327995484,1.6102059294177332e-4,1.275632146703398e-5,2.0588775751418227e-4
0x6a3d9a,runtime wasm,0.3176892901733481,0.316424132233351,0.32021503085343284,2.808757230409894e-3,3.261758430889248e-5,3.4606137473490676e-3
