Color,Name,Mean,MeanLB,MeanUB,Stddev,StddevLB,StddevUB
0xa6cee3,ocaml,0.40625435931252696,0.4053980046873562,0.40789887175014883,1.6670339184408304e-3,7.139946613313099e-6,1.9669628529320627e-3
0x1f78b4,ocaml byte,3.1018416327290956,3.0982967100624137,3.104313128916677,3.991157118922662e-3,2.4891033963286564e-3,5.627680372289575e-3
0xb2df8a,haskell,179.95340029768764,174.48347807200025,183.2091283483751,5.925742913225891,3.058439207656795,8.30454613392019
0x33a02c,haskell strict,1.7119036688745837,1.7118097716247576,1.7120718079991093,1.687375725812067e-4,2.761250016192207e-5,2.1684640985308913e-4
0xfb9a99,juvix,1.99568199516663,1.9916080573332997,1.9985145117500451,5.051244652185056e-3,3.303270261359396e-3,6.5414168476752785e-3
0xe31a1c,juvix wasm,2.0604935884376423,2.057748037187366,2.063611923750462,4.257464579489876e-3,2.1943174844594993e-3,5.502712137168204e-3
0xfdbf6f,c,0.1715523307110038,0.1713023869287099,0.17193728663285732,5.224221288553838e-4,2.496322561008618e-4,7.499099947819363e-4
0xff7f00,c wasm,0.2648328907170435,0.2626433647335216,0.26716522971728407,3.4546763048753266e-3,2.2461097928365174e-3,4.991602523687882e-3
0xcab2d6,runtime,0.4088328395623648,0.4086879015624163,0.4091083054365754,2.7659327706593514e-4,1.1577460193625531e-5,3.256595431976067e-4
0x6a3d9a,runtime wasm,0.4904528075003327,0.48671049937524913,0.49384969875018214,5.001217220463842e-3,3.3781193882291027e-3,6.141378447748359e-3
