Color,Name,Mean,MeanLB,MeanUB,Stddev,StddevLB,StddevUB
0xa6cee3,ocaml,0.28081982676331485,0.27891634909662877,0.2846302748800008,4.235705427028486e-3,6.447938891459074e-5,5.219270069045331e-3
0x1f78b4,ocaml byte,2.1775423959375075,2.103082921187479,2.219351330375048,7.225574457947015e-2,3.468098672774104e-2,9.655359820818124e-2
0xb2df8a,haskell,17.04320319799997,16.96268720249998,17.11277572574994,0.11234813478197654,3.7273133521271165e-2,0.15064189131162808
0x33a02c,haskell strict,0.5745909784581613,0.5744192461247621,0.574873580083306,2.9645535204422195e-4,6.71583455298808e-5,3.721325595330268e-4
0xfb9a99,juvix,0.8296817482917808,0.8241996165002092,0.8394100336249721,9.772388353541684e-3,6.944707748722263e-4,1.1965970287515025e-2
0xe31a1c,juvix wasm,0.8644551721873768,0.8624071519998324,0.8659253139372822,2.572156283651682e-3,1.4397398096727039e-3,3.289960216665376e-3
0xfdbf6f,c,0.15577927540717504,0.15505162267148323,0.15666102116901112,1.3020962340118969e-3,7.865163324224174e-4,1.678042845355937e-3
0xff7f00,c wasm,0.19307252923879079,0.19301711963882753,0.1931038628110198,6.613390278542962e-5,3.730093169503188e-5,9.134172999653245e-5
0xcab2d6,runtime,0.2806597180701556,0.27915170411007234,0.28358464877007467,3.2148955496278373e-3,1.3037182187915922e-3,4.0633989411710154e-3
0x6a3d9a,runtime wasm,0.31745641550999915,0.317103498049831,0.31814185631010333,7.400147123634137e-4,8.826148317269778e-5,9.385893104002727e-4
