Color,Name,Mean,MeanLB,MeanUB,Stddev,StddevLB,StddevUB
0xa6cee3,ocaml,0.48397983777082726,0.4737724817500748,0.49051413593747384,1.116098528420587e-2,4.679336277822272e-3,1.5090315221914754e-2
0x1f78b4,ocaml byte,3.996786395041795,3.962863089083612,4.028698295125082,5.221575405034755e-2,3.165248004490562e-2,7.369737641375285e-2
0xb2df8a,haskell,338.5915942203961,324.38207424300026,350.4848786051879,18.106439479023845,9.249388120088224,23.847893211762468
0x33a02c,haskell strict,2.0359137130414333,2.019457047415623,2.0505467990836523,2.0537232641471084e-2,1.1635458417610378e-2,2.8411392025801892e-2
0xfb9a99,juvix,2.417356979457812,2.3979508781655268,2.4306204235829987,2.3869248528513874e-2,1.6082652678594052e-2,3.0630612144232294e-2
0xe31a1c,juvix wasm,2.228316480916419,2.2152151772497746,2.2399513855416444,1.6824288990363548e-2,8.679311575126466e-3,2.3102636284640533e-2
0xfdbf6f,c,0.20538096683909923,0.20324651122225787,0.20743820876137356,3.262627121787455e-3,2.7437738987230176e-3,4.1753533508885375e-3
0xff7f00,c wasm,0.3325467931253267,0.33071222475094453,0.33389871162489726,2.2183803969926938e-3,1.446766109446444e-3,2.7353695273693193e-3
0xcab2d6,runtime,0.5789415672907126,0.5744803295829115,0.582537304998823,5.44339021230294e-3,3.8904766934738278e-3,6.891079799287811e-3
0x6a3d9a,runtime wasm,0.6506534517504861,0.6448455453760289,0.6617300513746613,1.1122271836335781e-2,6.597678861899135e-4,1.3412785234883942e-2
