Color,Name,Mean,MeanLB,MeanUB,Stddev,StddevLB,StddevUB
0xa6cee3,ocaml,0.27888127207335855,0.27874534561336983,0.27907970650003333,2.551462793496076e-4,1.5463846451294687e-4,3.7224994148817204e-4
0x1f78b4,ocaml byte,2.167214631979391,2.1603895525001917,2.175061473583355,1.1403234559343046e-2,4.9598667737037975e-3,1.5761845898225234e-2
0xb2df8a,haskell,17.467437488770695,17.34445527737489,17.562445366187376,0.15148710483243458,9.324777861251907e-2,0.19076747280709128
0x33a02c,haskell strict,0.5811005848124182,0.5810142079999423,0.5812042484370181,1.2734691131053604e-4,5.578939931837686e-5,1.602575675920347e-4
0xfb9a99,juvix,0.8039926143335568,0.803560790750339,0.8042135962502925,4.986555548358506e-4,4.3255405980368905e-4,5.02834460628217e-4
0xe31a1c,juvix wasm,0.8928418222499394,0.8925561800000423,0.8929913002499272,3.302126018199172e-4,2.8824808258122377e-4,3.452046541236518e-4
0xfdbf6f,c,0.15487309816091424,0.15481847633368706,0.1550126319185178,1.3122073310817953e-4,4.177877045927379e-5,1.9033579987952446e-4
0xff7f00,c wasm,0.19173112706392256,0.19149438132223318,0.1919828306333582,3.991814832328618e-4,3.0470866928731843e-4,5.23484435334976e-4
0xcab2d6,runtime,0.27839484013667365,0.2783035427865919,0.278571795766796,1.8989806743357378e-4,2.1049100537346604e-5,2.4515073074714793e-4
0x6a3d9a,runtime wasm,0.31527483107662796,0.31493576768668086,0.31562099476004735,5.183353021723302e-4,4.378347653308026e-4,6.431887731419674e-4
