Color,Name,Mean,MeanLB,MeanUB,Stddev,StddevLB,StddevUB
0xa6cee3,ocaml,0.27987285212009433,0.2789184321999528,0.2817751476003347,2.1144228994561293e-3,3.0284410228982508e-5,2.6074207380581966e-3
0x1f78b4,ocaml byte,2.1476982932707642,2.0702020056040737,2.2713547043331346,0.13763421114740093,2.9587125818253887e-2,0.1789700101822417
0xb2df8a,haskell,17.832286374541713,17.67350931187491,17.91522142683349,0.15457303067272501,4.729881741484945e-2,0.20706006521272138
0x33a02c,haskell strict,0.5812310976874263,0.5811864718124298,0.5812607154999417,4.8382717975514665e-5,2.8592555429050602e-5,6.839940811435537e-5
0xfb9a99,juvix,0.8114287616665857,0.8110262059999513,0.8120712563750203,6.842293459568639e-4,5.8268787359673545e-5,8.627489411767241e-4
0xe31a1c,juvix wasm,0.8992298578334044,0.8979451597500088,0.8998475593336934,1.2514874899952006e-3,2.1748666631538072e-4,1.6090075538940276e-3
0xfdbf6f,c,0.15500114293405098,0.15497260986260292,0.15502353228236868,4.30609436785884e-5,3.624734555404914e-5,5.3943543121996414e-5
0xff7f00,c wasm,0.19299584889447488,0.19272221428337466,0.1935835716665982,6.333137459730206e-4,7.432047491185638e-5,8.603959703434637e-4
0xcab2d6,runtime,0.2793901656798971,0.27860872817987914,0.2809481081998001,1.6949758059421143e-3,2.3510551964956187e-4,2.1333027181794197e-3
0x6a3d9a,runtime wasm,0.3216518955099824,0.3166078400599569,0.3317014281600374,1.1191348720915146e-2,1.0151691357329282e-4,1.3778722822458189e-2
