Color,Name,Mean,MeanLB,MeanUB,Stddev,StddevLB,StddevUB
0xa6cee3,ocaml,0.2805304960832912,0.279512929333326,0.2825324178665748,2.2210803372832233e-3,8.99497308367199e-5,2.7701944160403087e-3
0x1f78b4,ocaml byte,2.129584047583402,2.076392362916711,2.1698207640001783,6.64154412154579e-2,3.894419799415165e-2,8.512730709491317e-2
0xb2df8a,haskell,19.32874943247927,19.225569829208382,19.424650665666945,0.12795260022750563,7.832160595910509e-2,0.16414304072828945
0x33a02c,haskell strict,0.5838008823958111,0.5837538011666463,0.5838730352707747,8.171963056832396e-5,2.0835833159538186e-5,1.0782588799810524e-4
0xfb9a99,juvix,1.154906803249882,1.1423245657498267,1.1788578592499448,2.4035464716845978e-2,1.3921641268545074e-3,2.905743283065886e-2
0xe31a1c,juvix wasm,0.9098305319376058,0.90857521775024,0.910591880625096,1.5113513663588766e-3,9.915867540711586e-4,1.758259478678602e-3
0xfdbf6f,c,0.15522971973368097,0.15521289058399498,0.1552561600885049,3.7624905088605846e-5,2.9203676148000065e-5,4.4130787268338776e-5
0xff7f00,c wasm,0.19695782734707387,0.196822967208224,0.197067173583087,1.968715493646293e-4,1.2883821422169186e-4,2.9816699011455566e-4
0xcab2d6,runtime,0.27890347990327125,0.27884330325331275,0.2790166860399404,1.2157285871518569e-4,2.872082567889644e-5,1.6204550727671712e-4
0x6a3d9a,runtime wasm,0.3207796926698029,0.3206040834699343,0.32101183831960955,3.1084118347849814e-4,1.8523757782521532e-4,4.505194673037025e-4
