Color,Name,Mean,MeanLB,MeanUB,Stddev,StddevLB,StddevUB
0xa6cee3,ocaml,0.2789511960466128,0.2788595359600367,0.27905644437991217,1.4930989449050885e-4,8.169307551251783e-5,1.964335735628865e-4
0x1f78b4,ocaml byte,2.174684734895967,2.137699509875347,2.213821651937451,5.615129752354867e-2,3.0139565203387172e-2,7.869189575005385e-2
0xb2df8a,haskell,17.54262139620846,17.47999395141676,17.657466881875166,0.11611494558588777,1.1955746665516007e-2,0.1389115036401891
0x33a02c,haskell strict,0.5811491568125765,0.5810482394376209,0.5811938684375377,9.803703286685363e-5,2.6544544727828242e-5,1.2980161955696655e-4
0xfb9a99,juvix,0.8242303461666628,0.813536062500134,0.8319851354999628,1.2719487637261922e-2,1.032436375107854e-2,1.5038555385436627e-2
0xe31a1c,juvix wasm,0.8954465376248967,0.8950659802497588,0.8956706291249551,3.755292278020991e-4,1.7106822430675304e-4,5.175171515273455e-4
0xfdbf6f,c,0.15485635265714665,0.1548162137617844,0.15493696971438742,9.959632985856436e-5,1.1212205443459323e-5,1.4308076073195537e-4
0xff7f00,c wasm,0.19227462395830722,0.19206640841669773,0.19257216916659872,3.87394979496652e-4,2.1913456810155232e-4,5.369777174634828e-4
0xcab2d6,runtime,0.27840128785015017,0.27834187475000965,0.27851345755028284,1.1988778381085652e-4,2.2506703024284544e-5,1.5882810028427488e-4
0x6a3d9a,runtime wasm,0.3159366193233836,0.31572282113356775,0.3161603759666832,3.424022103794178e-4,2.39481755559988e-4,4.342727280234503e-4
