Color,Name,Mean,MeanLB,MeanUB,Stddev,StddevLB,StddevUB
0xa6cee3,ocaml,0.27896289189000834,0.27889946083984496,0.2790318139800547,1.0652009619064272e-4,7.188387877969763e-5,1.4187876513214938e-4
0x1f78b4,ocaml byte,2.171193005479097,2.110977359562469,2.2126647665624546,6.792676476482776e-2,4.166396448194631e-2,9.577492970097767e-2
0xb2df8a,haskell,17.43656844125,17.398098189999928,17.457593191875013,4.461496735977803e-2,3.999286216407235e-2,4.855458173198293e-2
0x33a02c,haskell strict,0.5831796876874856,0.5830625112499016,0.583366225437544,2.006657423170666e-4,5.102962503161779e-5,2.45157911780241e-4
0xfb9a99,juvix,0.8151077192292178,0.8122769917499681,0.8179384467084674,4.007921175054837e-3,1.5983674169915457e-3,5.3568519525151815e-3
0xe31a1c,juvix wasm,0.8649552806248456,0.8637963346250407,0.8661791274996631,1.7452803515261178e-3,5.351362495957801e-4,2.2084311749765552e-3
0xfdbf6f,c,0.1549945192022894,0.15493893850002463,0.15507225792840956,1.0757675315916717e-4,8.378561607445301e-5,1.331579927021836e-4
0xff7f00,c wasm,0.19336113869443225,0.19324146691659885,0.19346369311113246,1.7409835428046708e-4,1.4696209316594723e-4,2.0582345440148633e-4
0xcab2d6,runtime,0.2785193234166309,0.27847470568330207,0.27860599474993253,9.120202811027208e-5,2.0006162682070016e-5,1.1996420617563335e-4
0x6a3d9a,runtime wasm,0.31727481259657303,0.3170955603465094,0.3175804745166564,3.423650671787121e-4,9.28955599328894e-5,4.652229342787433e-4
