Color,Name,Mean,MeanLB,MeanUB,Stddev,StddevLB,StddevUB
0xa6cee3,ocaml,0.2790473648034185,0.2789714323433873,0.2791578850001315,1.429072512506669e-4,5.611841169978732e-5,1.8277760494769696e-4
0x1f78b4,ocaml byte,2.0682264966666914,1.9724208450000447,2.1261422129583325,0.11516228066066048,7.636313801795767e-2,0.13375061756515608
0xb2df8a,haskell,16.88242384460409,16.797290644937448,16.946144182666558,0.10099044740982216,6.326421428447432e-2,0.14086982683594163
0x33a02c,haskell strict,0.5747353609375144,0.5746650556874708,0.5748401077499542,1.216461108598822e-4,3.721224581978565e-5,1.623630201525059e-4
0xfb9a99,juvix,0.8236401703748394,0.8200695649998124,0.8303032361249052,6.8080272241562104e-3,5.184260000229979e-4,8.056854999581567e-3
0xe31a1c,juvix wasm,0.865813519791781,0.8651134950834678,0.8662499956250826,8.336942591234784e-4,6.288334564032552e-4,1.007997759405812e-3
0xfdbf6f,c,0.15505168418603224,0.15501674899988283,0.15513083855947635,8.466982610270699e-5,3.427140306598216e-5,1.22404650383405e-4
0xff7f00,c wasm,0.19314045187215167,0.1930877040388749,0.1931925101776667,8.394529501379376e-5,6.103741032645e-5,1.2620173696349123e-4
0xcab2d6,runtime,0.2785908915032814,0.2785691578733167,0.27862556734015015,4.1371931086642574e-5,2.0920399765069683e-5,5.928211211710882e-5
0x6a3d9a,runtime wasm,0.3170589352200447,0.3168941188002615,0.3172328646600363,2.3890215438465945e-4,1.9487513590596243e-4,2.714784118236068e-4
