Color,Name,Mean,MeanLB,MeanUB,Stddev,StddevLB,StddevUB
0xa6cee3,ocaml,0.2789044054066608,0.27888284336665947,0.27892733110666085,3.100396512816123e-5,1.8139585208445407e-5,4.107840148419426e-5
0x1f78b4,ocaml byte,2.048732665937498,1.892729080999819,2.122095174875028,0.15814404252305628,5.632454595286554e-2,0.21413007394454642
0xb2df8a,haskell,17.713522529750037,17.619187947000057,17.872462846250073,0.17145910667754377,2.3534451999921657e-2,0.20517060027963555
0x33a02c,haskell strict,0.5812014156251356,0.5811241508750982,0.5812418806250814,7.322154901392663e-5,2.97122298168124e-5,9.34499144458238e-5
0xfb9a99,juvix,0.8090125320208396,0.8079587429374442,0.8107727692499793,1.908631431042988e-3,6.788599950037434e-5,2.3322866873444134e-3
0xe31a1c,juvix wasm,0.8958881006040732,0.8953591096247919,0.8965628519999882,7.942741487541329e-4,2.5544435951634894e-4,1.0470262529496963e-3
0xfdbf6f,c,0.15494632977451622,0.15490744312592142,0.15502238866333973,9.461887532536019e-5,2.3071598457357343e-5,1.3918212989922173e-4
0xff7f00,c wasm,0.1926103879166173,0.1924834626110573,0.1928690716111103,2.713147987009451e-4,9.166795977267955e-5,3.7300429787253737e-4
0xcab2d6,runtime,0.2784603323332976,0.2784329433332732,0.27850902053331084,5.312898102436881e-5,1.3028364227995113e-5,7.154712954775399e-5
0x6a3d9a,runtime wasm,0.31618412528686346,0.31606123409992504,0.31626802690691874,1.5407209469330747e-4,9.757973737394947e-5,2.2977404957746878e-4
