Color,Name,Mean,MeanLB,MeanUB,Stddev,StddevLB,StddevUB
0xa6cee3,ocaml,0.4613934467496013,0.4569580984995506,0.465828794999652,6.4512182048151465e-3,2.3530154726692674e-3,8.609996274110975e-3
0x1f78b4,ocaml byte,3.584740378208494,3.5494037567503938,3.605142991875141,3.520481991964296e-2,1.9887677780714434e-2,4.7117817970442524e-2
0xb2df8a,haskell,238.97302106118744,229.11291384224992,244.80778729362515,9.883230689139353,3.835112941911806,13.568132042983196
0x33a02c,haskell strict,1.5887282259162323,1.573786965332753,1.6050818546662715,2.408123491597462e-2,1.2969711779467057e-2,3.3943896493359146e-2
0xfdbf6f,c,0.1954724239999905,0.1940528307779358,0.19736521300005735,2.5933063756059106e-3,1.55546486166665e-3,3.5111505212592903e-3
0xff7f00,c wasm,0.3183988986868705,0.3152303800199843,0.3199836871668291,3.2820690200417862e-3,9.761849990519702e-4,4.467835934233373e-3
0xcab2d6,runtime,0.47407910837440187,0.4719514504992427,0.47579624712443547,2.5561796643501704e-3,1.8523440003264113e-3,3.0869559240354442e-3
0x6a3d9a,runtime wasm,0.5223349464166253,0.5187480993333036,0.5248082749999412,4.539548959995524e-3,2.435640935617599e-3,5.698696860930768e-3
