Color,Name,Mean,MeanLB,MeanUB,Stddev,StddevLB,StddevUB
0xa6cee3,ocaml,0.2790925841832844,0.27904381326667743,0.27917378824997285,9.619895745148973e-5,2.2081777461964566e-5,1.2728760823144447e-4
0x1f78b4,ocaml byte,2.0133600430417573,1.9483337847502753,2.067620643999817,7.752073971570059e-2,5.722232608458095e-2,9.343222147932807e-2
0xb2df8a,haskell,17.215893945375154,17.019973310124936,17.324283889000338,0.19669112353250615,0.11872500454467973,0.25031585251779354
0x33a02c,haskell strict,0.574160305083088,0.5740826583334145,0.5742721173326876,1.2418692039195138e-4,2.898749983160087e-5,1.5150889667694663e-4
0xfb9a99,juvix,0.8269830173541474,0.8210414307498013,0.8316757331875806,7.239471894005633e-3,4.555561409801168e-3,8.975873099375099e-3
0xe31a1c,juvix wasm,0.8633636745417258,0.8623392693749565,0.8650631320003868,1.8205661219977318e-3,3.255124164904255e-4,2.258030759463858e-3
0xfdbf6f,c,0.15487349980057072,0.15484428996741292,0.15490492827600627,4.941099120563726e-5,3.964246643802544e-5,6.072941501354647e-5
0xff7f00,c wasm,0.19276449657508135,0.19251983685274657,0.19302334163911736,4.263193174439451e-4,3.18854261281919e-4,5.788996250065673e-4
0xcab2d6,runtime,0.2786555469867714,0.27861806966663305,0.2786985522669662,6.215163473208117e-5,2.9510992337508993e-5,8.12729936983621e-5
0x6a3d9a,runtime wasm,0.31671490632995,0.31664157394998255,0.31681622583989033,1.3214248925203802e-4,7.177559832689897e-5,1.8340032482815538e-4
