Color,Name,Mean,MeanLB,MeanUB,Stddev,StddevLB,StddevUB
0xa6cee3,ocaml,0.27903754232012334,0.27898508371995073,0.2790989380003036,8.317659388880583e-5,4.01716761481802e-5,1.2188880895653306e-4
0x1f78b4,ocaml byte,2.1005358352708186,2.0768573043333163,2.145812787687589,4.3762490516780016e-2,2.0075729408777845e-3,5.230059019511307e-2
0xb2df8a,haskell,17.439477274000087,17.2702483475,17.594190566500117,0.23752740900821673,0.14810876556210795,0.3297399519137803
0x33a02c,haskell strict,0.5812774851667276,0.5812333630001376,0.5813082102500857,5.032827368183157e-5,2.9667277800210853e-5,7.095654059077214e-5
0xfb9a99,juvix,0.8085976126875494,0.8019846573749874,0.8125136719376087,7.661925374521177e-3,6.874122125054782e-3,8.189082524719102e-3
0xe31a1c,juvix wasm,0.8927743876667099,0.8924103133332817,0.8930012021667343,4.3672956487953975e-4,3.033524180457261e-4,5.238056505807329e-4
0xfdbf6f,c,0.15500770068261358,0.1549561849071129,0.15510749820392683,1.2391281413632222e-4,2.979369308729172e-5,1.8210896451797268e-4
0xff7f00,c wasm,0.1928521778555503,0.19255157396664294,0.1934155111111093,6.661106044123583e-4,1.568724430628522e-4,9.017100600857334e-4
0xcab2d6,runtime,0.27862206894657293,0.278539750613251,0.2787640477799232,1.571430333825946e-4,4.3271148649420924e-5,2.1147755216379833e-4
0x6a3d9a,runtime wasm,0.31629859964344786,0.31624567226010186,0.31638983900029416,1.012721352376224e-4,3.408571888165883e-5,1.3790950680889002e-4
