Color,Name,Mean,MeanLB,MeanUB,Stddev,StddevLB,StddevUB
0xa6cee3,ocaml,0.45456759627086285,0.44337406312524763,0.4626760908540746,1.4237788142480513e-2,7.21746832070879e-3,1.8725766121359642e-2
0x1f78b4,ocaml byte,3.6958201145211738,3.681143891875081,3.7060166586880996,1.7911744890293388e-2,8.455098537421001e-3,2.3547910078314416e-2
0xb2df8a,haskell,262.3255234194167,258.0190340712916,265.4876399417501,5.1687929227212575,4.449144746019281,5.875870023765935
0x33a02c,haskell strict,1.620865757103881,1.593621238374908,1.6481102758328539,4.054245274762585e-2,2.0624672734167373e-2,5.625320996545986e-2
0xfb9a99,juvix,2.4178164239167095,2.398816639916807,2.4479146259999425,3.374980051544568e-2,5.764977833147666e-3,4.38781216275534e-2
0xe31a1c,juvix wasm,2.033868680437346,2.0119332975623743,2.053627055187121,2.719089136185862e-2,1.618247812507434e-2,3.234424749822628e-2
0xfdbf6f,c,0.19567588103618114,0.1922854324027412,0.20011388448350165,6.3976848148139705e-3,2.7238210105725827e-3,8.805762637226293e-3
0xff7f00,c wasm,0.2828057263600749,0.28198549536004064,0.2834633920001579,1.1187016756096558e-3,8.573906399523184e-4,1.4553141716093106e-3
0xcab2d6,runtime,0.5207748355830972,0.5185818087497864,0.5224452734994429,2.910682752812888e-3,1.5312263330997666e-3,3.617966039242848e-3
0x6a3d9a,runtime wasm,0.591465638624868,0.5781747809996887,0.6003097897500993,1.5521793971134077e-2,1.3790698500088183e-2,1.759724302978972e-2
