Color,Name,Mean,MeanLB,MeanUB,Stddev,StddevLB,StddevUB
0xa6cee3,ocaml,0.4180879720830717,0.4149479126663209,0.419943022249754,3.6852124417730337e-3,3.1660068329983915e-3,4.284054852377153e-3
0x1f78b4,ocaml byte,3.5274345460001464,3.513600444000076,3.537087901750283,1.625299072793982e-2,1.385534498430578e-2,1.813103222092729e-2
0xb2df8a,haskell,279.75557893200005,265.6687506804998,287.3076471627503,13.76690992993305,4.215483011868768,18.37380967199779
0x33a02c,haskell strict,1.4448975885834063,1.4396423018336766,1.449202565125006,6.826625436187997e-3,3.992323644445944e-3,9.24118012556779e-3
0xfb9a99,juvix,2.1822367122086157,2.169517941625827,2.195716855166741,1.7605705271153932e-2,8.370577733224485e-3,2.2194874614653824e-2
0xe31a1c,juvix wasm,1.9179001145000711,1.9062372237499403,1.933463923750196,1.7464709733085414e-2,7.256033526589059e-3,2.303570069996539e-2
0xfdbf6f,c,0.19731800759445328,0.19633629333323674,0.1981264952557669,1.4220182398878172e-3,1.1215956476711727e-3,1.8918940394133462e-3
0xff7f00,c wasm,0.28883518177011863,0.2879283384500013,0.29024103787036437,1.6985107449908464e-3,7.280708358252407e-4,2.2992754198719045e-3
0xcab2d6,runtime,0.565566429166779,0.5643197886250846,0.5673224860418031,2.2357162009669714e-3,1.1087275315981777e-3,2.7625343393531156e-3
0x6a3d9a,runtime wasm,0.581710882937576,0.5780199014999805,0.5854018643751715,5.543266806141603e-3,1.8014939695796864e-3,7.361733238238659e-3
