Color,Name,Mean,MeanLB,MeanUB,Stddev,StddevLB,StddevUB
0xa6cee3,ocaml,0.27896139739015474,0.2788665699700838,0.27903294105015747,1.2857976705986712e-4,7.266909970785984e-5,1.676442707231417e-4
0x1f78b4,ocaml byte,2.0139583827083243,1.851425460375026,2.14746909433336,0.20055608857061433,0.10725940795202639,0.26119165328355387
0xb2df8a,haskell,17.515923489750055,17.397532911375038,17.596370305125028,0.13673762166216888,6.943725340773299e-2,0.18578396204875747
0x33a02c,haskell strict,0.5828455317085286,0.5827459605832814,0.5828940892087076,9.477080671354127e-5,4.496439774765629e-5,1.1781092066187425e-4
0xfb9a99,juvix,0.8119687842709974,0.8108406503752121,0.8138935253127215,2.0383545094997146e-3,4.731766358359241e-4,2.5209097875749788e-3
0xe31a1c,juvix wasm,0.8624770793333028,0.86202648949984,0.8628612576248997,5.487239918869821e-4,3.430910137644188e-4,6.463152399834486e-4
0xfdbf6f,c,0.15491095041107458,0.15483668340803103,0.1550157502284665,1.464640828317463e-4,9.384091440629456e-5,1.9588714672785388e-4
0xff7f00,c wasm,0.19257745779148838,0.19235864659711097,0.19285254472192215,3.8139020914992e-4,2.790404129554978e-4,4.667157888896356e-4
0xcab2d6,runtime,0.2784942680634837,0.2784551146901322,0.27856447105014015,8.094283372193213e-5,2.3155259778974473e-5,1.0774144949902296e-4
0x6a3d9a,runtime wasm,0.3163259987298352,0.3160373465299108,0.3167951050796182,5.311573298569721e-4,2.443094044728228e-4,7.388551345785813e-4
