Color,Name,Mean,MeanLB,MeanUB,Stddev,StddevLB,StddevUB
0xa6cee3,ocaml,0.47783360047905415,0.4719722507500137,0.4843666001249858,8.814736905395009e-3,3.8150784549089347e-3,1.1448896252752847e-2
0x1f78b4,ocaml byte,3.9147720335209137,3.896772815291645,3.9287689789374554,2.1501445420083667e-2,1.5201981426740492e-2,2.626160731998623e-2
0xb2df8a,haskell,346.7035473814792,337.6791212339999,352.6431892546459,10.968258685055492,7.124004124665208,13.717015337451052
0x33a02c,haskell strict,1.647575662479312,1.6392005906250233,1.6527115933336063,9.933165482062354e-3,7.864002333917597e-3,1.1860924245064247e-2
0xfb9a99,juvix,2.446676874000559,2.406017296750406,2.4680839287505023,3.8833271771717685e-2,1.8401052621978255e-2,4.9437475289747054e-2
0xe31a1c,juvix wasm,2.280725312187618,2.2663090074373335,2.289108031000372,1.6098518822303187e-2,1.1576308984797319e-2,1.9359059852338583e-2
0xfdbf6f,c,0.20996493074155498,0.20858487722480276,0.2109497772355806,1.9037604828763325e-3,1.2116408060467516e-3,2.9094577653996905e-3
0xff7f00,c wasm,0.3468553883131638,0.3459609419389835,0.3481273537508969,1.558582050330548e-3,6.46453624995047e-4,1.8995325951384348e-3
0xcab2d6,runtime,0.592615661541989,0.5877434551250644,0.5950585731671557,4.656114770527619e-3,3.144672973672772e-5,5.625983316176776e-3
0x6a3d9a,runtime wasm,0.6785304274373326,0.676089506499314,0.6802938021869522,2.948278306995764e-3,1.965426706808392e-3,3.6584032197270583e-3
