Color,Name,Mean,MeanLB,MeanUB,Stddev,StddevLB,StddevUB
0xa6cee3,ocaml,0.34422237266623296,0.3441165954995995,0.34433639129148713,1.525652309402754e-4,7.205379716344328e-5,2.028906032634784e-4
0x1f78b4,ocaml byte,2.367915993853785,2.367467481562471,2.368677830999104,8.039229674971257e-4,9.012495820570621e-5,9.642218495946298e-4
0xb2df8a,haskell,197.23032917066635,190.54196373074933,201.6857069409165,7.275741686859204,4.432586598739414,10.289254219981599
0x33a02c,haskell strict,0.8466545757292655,0.8463483439583495,0.8469863909175123,4.7763656606413494e-4,2.5632199550405647e-4,6.711537152049408e-4
0xfb9a99,juvix,1.827834800000005,1.8273282227501113,1.8284632395000244,8.430002244776756e-4,3.161824108821711e-4,1.135136447140068e-3
0xe31a1c,juvix wasm,1.6343552066253249,1.6326638848752282,1.6355898958755688,2.1262515238734668e-3,1.4142581870499812e-3,2.85139268397565e-3
0xfdbf6f,c,0.20223588468342213,0.2021858943778271,0.20230884652781042,9.343834243047785e-5,3.849030555846732e-5,1.286163036734493e-4
0xff7f00,c wasm,0.2959988008701597,0.2958577523198619,0.2961680428202817,2.360940120570618e-4,1.2633395771189938e-4,3.2049870845077657e-4
0xcab2d6,runtime,0.56455424120846,0.5644437076668207,0.5646457665836427,1.349356728003313e-4,8.708278019255222e-5,1.6467973424950445e-4
0x6a3d9a,runtime wasm,0.6260961057082947,0.6250353527500465,0.6267218336253109,1.0783071682163047e-3,8.06761749799989e-4,1.2982535830893933e-3
