Color,Name,Mean,MeanLB,MeanUB,Stddev,StddevLB,StddevUB
0xa6cee3,ocaml,0.2798711715233397,0.2788111245633657,0.2819350523833085,2.3052931878282633e-3,7.896748891104109e-5,2.878607922364151e-3
0x1f78b4,ocaml byte,1.9412004002502006,1.7117942560003787,2.043189073250081,0.22061417821255347,9.404096740893661e-2,0.2942580453024608
0xb2df8a,haskell,17.690421275708257,17.67151510712506,17.71099305924986,2.675716588023693e-2,1.333572374983305e-2,3.5523064179613026e-2
0x33a02c,haskell strict,0.5811753317293172,0.5811140429793417,0.5812110602500979,6.235028956048605e-5,2.5011140047512468e-5,8.565842820525802e-5
0xfb9a99,juvix,0.8114491668541935,0.8099500734374487,0.8122869275208966,1.4443095661299701e-3,6.128190849242978e-4,1.9347253857498737e-3
0xe31a1c,juvix wasm,0.8937049822082296,0.8933399028749136,0.8939504509582245,4.4382787791595217e-4,2.2471463587121516e-4,5.668857955487177e-4
0xfdbf6f,c,0.15484436383497635,0.1548100125969027,0.1548926568825107,7.001007206440493e-5,4.339987622364031e-5,9.898426335974482e-5
0xff7f00,c wasm,0.19214495781679689,0.19199555123330156,0.1923699389168405,2.898927973670775e-4,2.0775455578275238e-4,3.635465955908084e-4
0xcab2d6,runtime,0.27837821287993697,0.2783285700800904,0.2784668787996452,1.0084359127469541e-4,2.546525203824676e-5,1.3350023719456056e-4
0x6a3d9a,runtime wasm,0.31603439549019946,0.315738429150133,0.31644177129046513,5.035048906844315e-4,2.0518004289771057e-4,7.019862883470133e-4
