Color,Name,Mean,MeanLB,MeanUB,Stddev,StddevLB,StddevUB
0xa6cee3,ocaml,0.40594356783356034,0.40574956425041364,0.40603501491682437,1.8469085310549396e-4,8.175333237452154e-5,2.3684409125761374e-4
0x1f78b4,ocaml byte,3.1136878268331807,3.112762534833261,3.11546336020812,1.713778637047589e-3,1.7332199395670832e-4,2.136870340930962e-3
0xb2df8a,haskell,179.65803276314583,172.30369961643783,185.05104646952068,9.192547865322018,5.609197656214581,12.454631660475464
0x33a02c,haskell strict,1.3891960847706362,1.3887386887912876,1.3898360230835654,7.192912730347319e-4,1.227332644513498e-4,9.335775027611283e-4
0xfdbf6f,c,0.17118348265709266,0.17115280602849367,0.17122468480007896,6.12012307639756e-5,3.7612521487824045e-5,8.534350722219907e-5
0xff7f00,c wasm,0.2763437553166417,0.2761753132503145,0.27642535033325355,1.7694913887037397e-4,3.193380662859651e-5,2.3600909293553538e-4
0xcab2d6,runtime,0.4089367107292598,0.4087289876667152,0.4092821504376616,3.6141411259732096e-4,5.275416666941646e-5,4.346691305709938e-4
0x6a3d9a,runtime wasm,0.46251313081237794,0.46005893624957633,0.4641313989375628,2.6503191594908406e-3,1.5189282793309597e-3,3.737230150785835e-3
