Color,Name,Mean,MeanLB,MeanUB,Stddev,StddevLB,StddevUB
0xa6cee3,ocaml,0.28039168795985764,0.2794844284799728,0.28213639135967244,1.8780437962618278e-3,2.250845660516712e-4,2.398778196074233e-3
0x1f78b4,ocaml byte,2.0324494876041967,1.8107140998750992,2.1497861254791246,0.2583794702507899,0.12544576403131033,0.3441102556836956
0xb2df8a,haskell,19.3341246263959,19.307739093624946,19.35936053343795,3.2987988536494615e-2,1.8469154785480765e-2,4.0568723615746656e-2
0x33a02c,haskell strict,0.583335035854096,0.5832444233749356,0.583405225999968,1.1311672330447306e-4,7.184022112312874e-5,1.4739146144172703e-4
0xfb9a99,juvix,1.1461669659789777,1.1443419574995914,1.1482365424375303,2.63576658174615e-3,1.0681001596568747e-3,3.5705599531761513e-3
0xe31a1c,juvix wasm,0.9092920710623767,0.9083940199999461,0.9097257578122822,8.548346178905269e-4,3.998555676508158e-4,1.072403443354292e-3
0xfdbf6f,c,0.15514554689623078,0.15510787307484303,0.15525588048795466,9.77019279752923e-5,5.633538115462893e-6,1.3969352664376962e-4
0xff7f00,c wasm,0.1960670090276532,0.1959480740277084,0.19624249658302992,2.282496731752788e-4,9.06518870366307e-5,3.3657673019282114e-4
0xcab2d6,runtime,0.2786955553598546,0.27864198295997084,0.2787953586597268,1.1020684716749381e-4,1.641609282229442e-5,1.4398076479443084e-4
0x6a3d9a,runtime wasm,0.32220011645341096,0.31992612545337273,0.3266267156201502,4.885818581613034e-3,2.6888498267161904e-4,6.133847901494257e-3
