Color,Name,Mean,MeanLB,MeanUB,Stddev,StddevLB,StddevUB
0xa6cee3,ocaml,0.40610183187516213,0.405991402500149,0.4062143182500222,1.5172384989783528e-4,7.081624484521555e-5,2.0504883476856346e-4
0x1f78b4,ocaml byte,3.1080946626038894,3.105580057374709,3.1094540256042364,2.40928847732569e-3,7.775207610925686e-4,3.1913712593390113e-3
0xb2df8a,haskell,179.77386837502078,175.0778269020002,183.3088391732499,5.559464309049017,4.409466566565278,6.534005113982954
0x33a02c,haskell strict,1.3905207324997946,1.388952759874769,1.3913163199995324,1.5243466840644355e-3,5.316674157805307e-4,2.0614045986343315e-3
0xfb9a99,juvix,2.123438559187548,2.122862646250269,2.1237213773749772,5.440459570583678e-4,1.5200387520053482e-4,6.652186876467099e-4
0xe31a1c,juvix wasm,2.02643402283339,2.0238688409169,2.0290495693332864,3.456535296978332e-3,1.3348690406659348e-3,4.58916483935782e-3
0xfdbf6f,c,0.17150108510877235,0.1712516211325033,0.1720186833232145,5.914235992590769e-4,1.5576077075912922e-4,8.484806632797783e-4
0xff7f00,c wasm,0.2588761508767796,0.258405658616933,0.2591543557767303,5.323544754384257e-4,1.6683722441606784e-4,7.25834084720738e-4
0xcab2d6,runtime,0.40880429583304095,0.4087418541238321,0.4089151075003201,1.1359907530963641e-4,2.6763063061266754e-6,1.347219566907954e-4
0x6a3d9a,runtime wasm,0.4630048051039921,0.462793901770965,0.46330953866618074,3.6567403379011266e-4,1.2474074403173388e-4,4.8706038438471973e-4
