Color,Name,Mean,MeanLB,MeanUB,Stddev,StddevLB,StddevUB
0xa6cee3,ocaml,0.40627694981268786,0.40600442518768887,0.40640646812516934,2.623148236525531e-4,8.736829138217679e-5,3.504039820792704e-4
0x1f78b4,ocaml byte,3.102931344833413,3.1023907456666775,3.103303061958362,6.441921393516671e-4,4.820386173244381e-4,7.78213988306785e-4
0xb2df8a,haskell,208.25373763472888,205.10167056683287,210.75632571749975,3.6943840862590793,3.283026708038376,4.259506483014855
0x33a02c,haskell strict,1.3889574238330245,1.3886470617081461,1.3890985665830915,2.9721653762653237e-4,1.3012362308280107e-4,3.9079540639759693e-4
0xfb9a99,juvix,2.0068242738748645,2.0058455940000686,2.007859202249771,1.39428912446552e-3,6.369035602300622e-4,1.9108094202107218e-3
0xe31a1c,juvix wasm,2.0710725043332254,2.06778971024994,2.0727983017500264,3.1768133650641336e-3,1.2192188555087435e-3,4.295748696910113e-3
0xfdbf6f,c,0.1714614063360306,0.17139341100540142,0.17155154079593596,1.352341161469824e-4,1.0164140859200074e-4,1.733507211905362e-4
0xff7f00,c wasm,0.2671899283066038,0.2633479877332623,0.27333339447992333,7.45073404408735e-3,3.386762339478196e-3,1.0380623149585315e-2
0xcab2d6,runtime,0.40891162472879233,0.40884359979107404,0.4090027746872238,1.0510884560278697e-4,3.120959809907235e-5,1.3721090028563e-4
0x6a3d9a,runtime wasm,0.48947751685420826,0.48656049724991135,0.4907955729792093,2.904349070753118e-3,1.258763668839237e-3,4.023072323528941e-3
