Color,Name,Mean,MeanLB,MeanUB,Stddev,StddevLB,StddevUB
0xa6cee3,ocaml,0.40567696704169975,0.4054068298752327,0.4057996187915478,2.606478802287286e-4,4.96673335419473e-5,3.406029799461408e-4
0x1f78b4,ocaml byte,3.1126859105207245,3.112354423499937,3.112872309249724,3.270253291102304e-4,8.543512501546502e-5,4.320942337947985e-4
0xb2df8a,haskell,217.84346752431244,208.71107921099974,221.96045634012498,8.735740833203037,2.2879342857224625,11.58256899990093
0x33a02c,haskell strict,1.390149093479181,1.3890339031252097,1.3909414978958239,1.4054485726394009e-3,8.226099190712094e-4,1.8299796130234608e-3
0xfb9a99,juvix,2.022666820937578,2.0199896815629472,2.0275371547503105,5.004329918089942e-3,3.9285687535084435e-4,5.934752833858847e-3
0xe31a1c,juvix wasm,1.8972690035207431,1.8924026625831327,1.9062429450626723,9.255235117991475e-3,6.894516247939464e-4,1.1238333001191448e-2
0xfdbf6f,c,0.17110631340410937,0.1710813853184827,0.17113050805098476,4.3561888490439965e-5,3.1862905433603264e-5,6.2495051957941e-5
0xff7f00,c wasm,0.2606385783734489,0.25999666985351116,0.2618440678400293,1.3400362303491204e-3,1.6863777205726438e-4,1.723057784735483e-3
0xcab2d6,runtime,0.4088427329792997,0.4087265769381929,0.40898866856207405,1.7937209876060534e-4,7.167481329081428e-5,2.3362810573405085e-4
0x6a3d9a,runtime wasm,0.464097541603716,0.4639158424993184,0.4642418152289262,2.2460517018148705e-4,1.464963469241202e-4,2.897176368793768e-4
