Color,Name,Mean,MeanLB,MeanUB,Stddev,StddevLB,StddevUB
0xa6cee3,ocaml,0.40499361804167694,0.4036186731669507,0.40556588437488017,1.3690055833452017e-3,4.628360737695029e-4,1.8545775246762112e-3
0x1f78b4,ocaml byte,3.113144137124948,3.112396431874913,3.1146066013749873,1.456446555693212e-3,5.440325003291946e-5,1.7267513095285125e-3
0xb2df8a,haskell,191.52012023091672,187.93365066674983,195.1065897950836,6.1265569782380025,0.6186049857499256,7.670928124879574
0x33a02c,haskell strict,1.3885762909166033,1.3879758161249356,1.389629737374662,1.1047543226439347e-3,9.833541685111413e-5,1.3618113794606275e-3
0xfdbf6f,c,0.17127187419305331,0.17114170787137395,0.17151261428633152,2.919239415137774e-4,1.3781109042500567e-4,4.1386003013099275e-4
0xff7f00,c wasm,0.2740837308332448,0.27370971816653766,0.27465230149982744,7.036356509341799e-4,3.5529143178084126e-4,9.615073308313094e-4
0xcab2d6,runtime,0.4093412369790788,0.4089872950625022,0.40958101489563126,3.953825491277094e-4,2.181016407651277e-4,5.537433786691513e-4
0x6a3d9a,runtime wasm,0.45856882291646645,0.4582073297494844,0.4589972686252395,5.732262301345205e-4,2.788154999961989e-4,7.985170880119632e-4
