Color,Name,Mean,MeanLB,MeanUB,Stddev,StddevLB,StddevUB
0xa6cee3,ocaml,0.2799656174302254,0.2797327143001894,0.28040233264015113,4.7913546762316404e-4,5.561537655804241e-5,6.141526460675701e-4
0x1f78b4,ocaml byte,2.0496157082707973,1.984996514249815,2.1053783194792386,9.234595495216502e-2,5.114013079582717e-2,0.1287782343676398
0xb2df8a,haskell,19.72727184818776,19.407661740625485,19.884250001250127,0.30227639789063954,7.885501887494684e-2,0.37558241083742067
0x33a02c,haskell strict,0.5838438358333633,0.5837861579168475,0.5838954980831659,7.246788182854954e-5,4.993751763871763e-5,9.48993521522722e-5
0xfb9a99,juvix,1.1564120918126453,1.1508619478750384,1.1610408565002217,6.479580570644849e-3,5.822410940846102e-3,7.357170583276161e-3
0xe31a1c,juvix wasm,0.919232632854289,0.9183377851875889,0.9203337649378796,1.35640033556012e-3,6.141651067700208e-4,1.7580155485378698e-3
0xfdbf6f,c,0.15534208349233025,0.1553061599011332,0.15539930574075783,7.397514049964428e-5,3.471667928005403e-5,1.0447947846862431e-4
0xff7f00,c wasm,0.19732787362506518,0.19724878283344272,0.19743003733333353,1.4186483420985135e-4,8.553407929656711e-5,1.9485525137814605e-4
0xcab2d6,runtime,0.27947075007987826,0.2790266881998529,0.28035099883990067,9.569398098062693e-4,6.1025575582420626e-5,1.2090315509637561e-3
0x6a3d9a,runtime wasm,0.32152773633330073,0.32138920219991635,0.3216585611332448,1.9355207332667776e-4,1.4750632377372118e-4,2.5122554854539416e-4
