Color,Name,Mean,MeanLB,MeanUB,Stddev,StddevLB,StddevUB
0xa6cee3,ocaml,0.4382117070000078,0.42938605062498425,0.44799584987504204,1.2838576440073399e-2,7.773515967249587e-3,1.6668187719382915e-2
0x1f78b4,ocaml byte,2.653237129354172,2.5159958619166978,2.72790684468751,0.13400448739155435,6.0998104262790454e-2,0.1824733938916938
0xb2df8a,haskell,358.71860582066665,335.479110726375,370.8771234375,22.79523463631783,8.812247172409302,31.188418741204806
0x33a02c,haskell strict,1.619674962312672,1.6132405806250745,1.623968507750078,7.723278683660332e-3,5.395840393604165e-3,9.52982033076825e-3
0xfb9a99,juvix,0.31934837520341414,0.31466194682012427,0.3275773225700141,9.11319689624788e-3,2.798429385500508e-3,1.2267873297211969e-2
0xe31a1c,juvix wasm,0.41976028675020416,0.41830134687552345,0.4205880496250529,1.4366540971110242e-3,6.376744231553359e-4,1.9116364744764373e-3
0xfdbf6f,c,0.22008268310845677,0.21636672537498372,0.224078777333615,6.026975190679149e-3,4.753730771711243e-3,7.251620358202692e-3
0xff7f00,c wasm,0.2830730250100866,0.2798352461598976,0.2847774975202507,3.5527239199461746e-3,1.4592663581624206e-3,4.512592989885391e-3
0xcab2d6,runtime,0.3098550480966029,0.307556034549998,0.31178497826646584,3.2573994715186503e-3,2.1444396587038876e-3,4.896323217152218e-3
0x6a3d9a,runtime wasm,0.4054079936249953,0.4022917667502573,0.4077728503748972,4.001754159463381e-3,2.580098413970685e-3,5.360475835365921e-3
