Color,Name,Mean,MeanLB,MeanUB,Stddev,StddevLB,StddevUB
0xa6cee3,ocaml,0.4032122494791395,0.40297484204168654,0.403668943249869,4.538150973345954e-4,3.0075375036631158e-5,5.482689916842735e-4
0x1f78b4,ocaml byte,2.1476148706875193,2.1474296046250174,2.147733922562523,2.0048387905033068e-4,9.968233139666185e-5,2.74938528323447e-4
0xb2df8a,haskell,169.874725237375,162.543384626125,177.82030397875005,10.113016267522465,4.822762637998201,12.728300569856932
0x33a02c,haskell strict,1.7125377730415796,1.7118794031248399,1.7138397774999703,1.2486550715365829e-3,1.1343297032285517e-5,1.5034466451299626e-3
0xfb9a99,juvix,0.3098281439067523,0.3097483352534619,0.30994572204001997,1.4895725411641006e-4,6.911930186888269e-5,2.1118164360583712e-4
0xe31a1c,juvix wasm,0.38107897108339256,0.37739660275025244,0.38281382708326345,3.5206190298931305e-3,7.950217360037674e-4,4.4975870794523925e-3
0xfdbf6f,c,0.19131327149724356,0.19057422256955506,0.19194892083881113,1.1372094773097299e-3,9.29393456305957e-4,1.2583761442080687e-3
0xff7f00,c wasm,0.25363232846016215,0.2508705247600119,0.25611107470017486,3.845030631970681e-3,3.2854531528345317e-3,4.677224198810065e-3
0xcab2d6,runtime,0.3097607326033691,0.3097187338866509,0.30979922795337794,6.054558658417091e-5,4.853102926692998e-5,7.538100167357967e-5
0x6a3d9a,runtime wasm,0.38104450418743835,0.3789335198749768,0.38276900462494723,2.570733225025297e-3,1.7254397787172073e-3,3.250281530630652e-3
