Color,Name,Mean,MeanLB,MeanUB,Stddev,StddevLB,StddevUB
0xa6cee3,ocaml,0.48884857402084,0.4838855518124632,0.4951123105625328,7.0656390398549235e-3,2.441538583373898e-3,8.664423517190083e-3
0x1f78b4,ocaml byte,2.581022364708351,2.5786543401666604,2.5847375771250256,4.053660824315111e-3,6.79799166656947e-4,5.20618763642778e-3
0xb2df8a,haskell,214.56456302037498,210.942623724,216.50571753574997,4.1935832088069915,3.6799774879999636,4.482904327961632
0x33a02c,haskell strict,2.0536553797707975,2.0525696654998455,2.0545101895000926,1.4839492899635827e-3,1.0894183944275093e-3,1.8350173791307032e-3
0xfb9a99,juvix,0.3716986545416603,0.37169042916661965,0.3717118552917782,1.3869616467023212e-5,6.134072361750961e-6,1.8995689975591978e-5
0xe31a1c,juvix wasm,0.45740246839566606,0.4547059271250191,0.4598911121039654,4.078115110489962e-3,2.4621253852622487e-3,5.7472764596146935e-3
0xfdbf6f,c,0.2362943384277186,0.23554072294440528,0.23770503031119508,1.635897225050413e-3,5.169504654401178e-4,2.2631934306895393e-3
0xff7f00,c wasm,0.3005162474033417,0.29801827063323194,0.3019371054533925,2.770354194195521e-3,1.4564059321043952e-3,3.8911800251281666e-3
0xcab2d6,runtime,0.3716594240625379,0.3716012214999864,0.37168568756271725,5.720771888522622e-5,1.9764905492876273e-5,7.731080944504351e-5
0x6a3d9a,runtime wasm,0.4582495596459353,0.45404692466672714,0.4624521946251434,5.667516399327606e-3,2.5923585394862e-3,7.5111496111985405e-3
