Color,Name,Mean,MeanLB,MeanUB,Stddev,StddevLB,StddevUB
0xa6cee3,ocaml,0.4032526833749728,0.4031937037499915,0.4032940462499539,7.393504142413999e-5,4.339330226062127e-5,9.552346801925436e-5
0x1f78b4,ocaml byte,2.158691139187534,2.1582573575000574,2.158928230437534,4.1451310885156094e-4,1.6254852739473616e-4,5.475387880396066e-4
0xb2df8a,haskell,182.0497669890625,174.119641441375,186.3936026780625,7.679852141690327,3.906511124008911,10.031658817438618
0x33a02c,haskell strict,1.388393682000223,1.3880882365000768,1.3889433985004302,5.734929330625746e-4,4.688500018801278e-5,6.794064488031077e-4
0xfb9a99,juvix,0.3137473351732388,0.3137051404532758,0.31377079899984894,4.680597701751009e-5,1.857674215630736e-5,6.491961675055219e-5
0xe31a1c,juvix wasm,0.35553375181245883,0.3551760886250577,0.35589141499986,4.5944683321337e-4,2.2037661841639325e-4,6.056111316847198e-4
0xfdbf6f,c,0.19259618309723567,0.19257519233340445,0.19262216949995895,3.849277896691662e-5,2.8736779868137435e-5,5.1398593389198914e-5
0xff7f00,c wasm,0.2483819047432947,0.24739946265342344,0.25030098553309776,2.0858172462219385e-3,9.059157656791678e-5,2.628524350582818e-3
0xcab2d6,runtime,0.31014825679002567,0.3097742964799909,0.310532340500049,5.286051876243476e-4,4.324527656782814e-4,5.726859715245181e-4
0x6a3d9a,runtime wasm,0.35551812433340046,0.3553482625832771,0.3556041052504497,1.6492605128536376e-4,6.11812039138795e-5,2.2356388047708892e-4
