Color,Name,Mean,MeanLB,MeanUB,Stddev,StddevLB,StddevUB
0xa6cee3,ocaml,0.2793774866966381,0.27931138737664546,0.27949234814665336,1.3320755384496096e-4,2.9429494377407615e-5,1.754576908654525e-4
0x1f78b4,ocaml byte,0.9952496203958342,0.9924584640416658,0.999724407395855,4.962299188770507e-3,9.453680833454992e-4,5.950368674034486e-3
0xb2df8a,haskell,19.418246637437523,19.333038891937548,19.48081536806248,9.751042039340607e-2,5.7668948499932426e-2,0.1373423936009277
0x33a02c,haskell strict,0.5837284517291437,0.5836731262916715,0.5838088729166202,8.621587308557347e-5,2.0153124978605774e-5,1.0532042848069114e-4
0xfb9a99,juvix,0.2788475443066924,0.27879059237335085,0.2789536582399933,1.1587648358259251e-4,2.022113670433929e-5,1.505343776092565e-4
0xe31a1c,juvix wasm,0.3205444065533902,0.32042584918677675,0.3206633368533494,2.0353292314032728e-4,1.2918126389407274e-4,3.14912171506673e-4
0xfdbf6f,c,0.15526902766693104,0.1552370569952191,0.15531424873558342,6.192639212700134e-5,3.850890751460003e-5,8.860734817166297e-5
0xff7f00,c wasm,0.19712200719437,0.19696922133330316,0.19740861124997888,3.4074174712799265e-4,1.0066269286985102e-4,4.7555663983583305e-4
0xcab2d6,runtime,0.27882777903333134,0.2787978891333114,0.2788868206666848,6.548789037975063e-5,1.3973002267662996e-6,8.117796634268037e-5
0x6a3d9a,runtime wasm,0.3205633010900738,0.3204458287001216,0.3206821987200419,1.7555664910865685e-4,1.1524168442909886e-4,2.504040742234111e-4
