Color,Name,Mean,MeanLB,MeanUB,Stddev,StddevLB,StddevUB
0xa6cee3,ocaml,0.2786369094066841,0.27855480267335264,0.2787952244400139,1.6577834493394992e-4,3.856747687223491e-5,2.198040480812364e-4
0x1f78b4,ocaml byte,0.9941738299583088,0.9921412166666432,0.997578176374958,3.8093659636268553e-3,1.2710120000178904e-3,4.6941193244061106e-3
0xb2df8a,haskell,17.071667463604133,17.047133263666712,17.099628439916632,3.334212012607558e-2,1.4516436541631705e-2,4.092444037454418e-2
0x33a02c,haskell strict,0.5744108025832778,0.5742773824166345,0.5745357236249049,1.6893528688810764e-4,9.041129008307182e-5,2.1180296694385555e-4
0xfb9a99,juvix,0.2784024937966433,0.278301975249974,0.2785035848099733,1.4002665253543757e-4,1.2127888358002607e-4,1.5103490596520938e-4
0xe31a1c,juvix wasm,0.3159319742099812,0.3156603957999778,0.3160731022599839,2.9346492283695194e-4,1.3250257129416445e-4,3.92801364459757e-4
0xfdbf6f,c,0.15483158876053693,0.1548112071496406,0.15485013956190088,3.535610962402371e-5,2.4762472030263378e-5,5.2337139043742635e-5
0xff7f00,c wasm,0.19238588086109934,0.19218637263885008,0.19257154741661806,3.125806646725699e-4,2.481034905505072e-4,4.01254177324992e-4
0xcab2d6,runtime,0.278405742019986,0.27831355923995943,0.27850401064002656,1.4403557298123035e-4,8.650195372146777e-5,1.819276906675814e-4
0x6a3d9a,runtime wasm,0.3164985314499904,0.31584124764998933,0.3177089588500098,1.3439630268531112e-3,1.8869312760893555e-4,1.7441131799810282e-3
