Color,Name,Mean,MeanLB,MeanUB,Stddev,StddevLB,StddevUB
0xa6cee3,ocaml,0.2787679542600017,0.27867247432000114,0.278911037700027,1.6751488033708565e-4,6.895493597898387e-5,2.2671277330119503e-4
0x1f78b4,ocaml byte,0.9897769411875288,0.9867452110624697,0.9912490115625303,2.9421842129406465e-3,2.4044262499955948e-4,3.601879906159833e-3
0xb2df8a,haskell,17.72073214958331,17.58574572549996,17.788133588916658,0.12850704592385484,2.700100366666014e-2,0.15608083655435462
0x33a02c,haskell strict,0.582456267270833,0.5812139029375061,0.5849200772083426,2.4684299977700184e-3,3.0395333358967935e-5,2.8647134531727624e-3
0xfb9a99,juvix,0.2784906524699765,0.2783965273199874,0.27866817731995525,1.905564234375192e-4,4.6442731082779114e-5,2.448265264648232e-4
0xe31a1c,juvix wasm,0.31572951056667764,0.31570379963336564,0.31574828939999405,3.537048826036378e-5,2.0556761556787983e-5,5.0196033719031024e-5
0xfdbf6f,c,0.15486034838843005,0.15482667493334118,0.15489766919046946,6.11002430936351e-5,4.547753197166345e-5,7.918260997280853e-5
0xff7f00,c wasm,0.19242836483610215,0.1922460249499737,0.19269112288890888,3.588384056099645e-4,1.770721564123027e-4,4.963928129307273e-4
0xcab2d6,runtime,0.27843388625334303,0.27836913140001796,0.27854344752001,1.2581763056408133e-4,4.4985749144590156e-5,1.6586550877008068e-4
0x6a3d9a,runtime wasm,0.31596981045334205,0.31578980451999544,0.31622962281998757,3.3067403052563696e-4,1.3709210001051875e-4,4.542247531446557e-4
