Color,Name,Mean,MeanLB,MeanUB,Stddev,StddevLB,StddevUB
0xa6cee3,ocaml,0.2789494928766563,0.2788247440266635,0.27918816913330985,2.5599550585180436e-4,3.696600856523802e-5,3.28403242093532e-4
0x1f78b4,ocaml byte,1.0122581886666377,0.9830574222499422,1.0329348279999877,3.4299493064892446e-2,3.021753930711385e-2,3.9509992548161524e-2
0xb2df8a,haskell,17.65657309479168,17.52011007816669,17.7214123375,0.1308922755623826,5.337470781211531e-2,0.1741862569397973
0x33a02c,haskell strict,0.5830679039999941,0.5830319099999695,0.5830902870000614,4.2294841831028855e-5,3.688711824276548e-5,4.847432867916572e-5
0xfb9a99,juvix,0.2785550046600095,0.2785121494600041,0.27862820470002136,8.05955672741783e-5,2.5634258692215915e-5,1.1016252617093199e-4
0xe31a1c,juvix wasm,0.3170473984766818,0.31691941082000086,0.31714438473336487,1.746237141484135e-4,1.2027473254498503e-4,2.3702485545155366e-4
0xfdbf6f,c,0.15495000268263964,0.15492496356359245,0.15498617405950468,4.989999192115346e-5,3.273619513826252e-5,7.175665524793413e-5
0xff7f00,c wasm,0.19331716253052933,0.1932056646138632,0.193470975155521,2.1658093839648036e-4,1.110469730181072e-4,3.035135347595432e-4
0xcab2d6,runtime,0.27858892005332414,0.27853308040000685,0.2786344832399755,7.582722269425001e-5,6.173481517495697e-5,9.24950036783137e-5
0x6a3d9a,runtime wasm,0.31696502197003157,0.31684571485000107,0.3171179212400602,2.0414662375252722e-4,1.2949364373188589e-4,2.8378710701114807e-4
