Color,Name,Mean,MeanLB,MeanUB,Stddev,StddevLB,StddevUB
0xa6cee3,ocaml,0.27860444364669545,0.27853209290668934,0.27874050193336186,1.4289715059318035e-4,4.402109331235252e-5,1.914543701642243e-4
0x1f78b4,ocaml byte,0.9886246641666597,0.9847679992500105,0.9905191881666534,3.7577417313785573e-3,1.561545801461589e-4,4.454661734131447e-3
0xb2df8a,haskell,17.572180271229144,17.531050012437476,17.59920268179164,4.442069122597358e-2,2.3379653379845263e-2,6.240558404963577e-2
0x33a02c,haskell strict,0.5827288566041299,0.582644292312466,0.5828035993124558,1.2356122050490617e-4,8.745420980483723e-5,1.5861125364422088e-4
0xfb9a99,juvix,0.2783749793199786,0.2783148006400006,0.2784895607999715,1.281160017080284e-4,1.2118916256237652e-5,1.6314867795780614e-4
0xe31a1c,juvix wasm,0.31529667494997893,0.31497942169997867,0.3159200595999846,6.610295464423027e-4,1.077851525196744e-4,8.589810517235584e-4
0xfdbf6f,c,0.15486056454726624,0.15484336350952746,0.1548957048401224,4.109205028625199e-5,1.263111584246375e-5,5.956987833798119e-5
0xff7f00,c wasm,0.1915481756194323,0.19136104563888998,0.1919225530416213,4.0660126283748835e-4,1.0364678185087337e-4,5.580788330313587e-4
0xcab2d6,runtime,0.2784343534133359,0.278410425713314,0.27845996590001504,3.509632427501535e-5,2.846384864407461e-5,4.2108143395884695e-5
0x6a3d9a,runtime wasm,0.31519031529999364,0.3150134797999741,0.31553795480002467,3.8290139480179873e-4,2.4273302252340726e-5,4.7995048751761995e-4
