Color,Name,Mean,MeanLB,MeanUB,Stddev,StddevLB,StddevUB
0xa6cee3,ocaml,0.46878073506249507,0.46497468024995214,0.4742059719999929,6.140914222778468e-3,7.454163551427143e-4,7.497510497395493e-3
0x1f78b4,ocaml byte,2.7358284770208314,2.7327995262916716,2.7410123900625223,5.472439977732425e-3,1.330103880203346e-3,6.995062075370266e-3
0xb2df8a,haskell,266.94970061066664,257.29347723775,273.3840296499583,11.785698924874165,7.440646243275732,14.85944641155865
0x33a02c,haskell strict,1.600340268854211,1.593386817458395,1.6048501441666758,8.653114702518151e-3,4.95209316681259e-3,1.0415110902652866e-2
0xfb9a99,juvix,0.3447776494582702,0.3383933907497294,0.3479389173333705,6.107662650430062e-3,1.0351622501048041e-3,7.443178501130353e-3
0xe31a1c,juvix wasm,0.41035542491666394,0.4047320165000201,0.4141785856666805,6.504009734511049e-3,3.3042100211587997e-3,8.829211552709047e-3
0xfdbf6f,c,0.2374403246833001,0.23604675922786608,0.23925919683316957,2.52645050156157e-3,1.423196144681477e-3,3.419217502906615e-3
0xff7f00,c wasm,0.2802192424933673,0.2783818338668425,0.2815357978800603,2.4937523608354905e-3,1.4696457442024303e-3,3.2808554537624222e-3
0xcab2d6,runtime,0.3539730008335103,0.3487927422501116,0.35676294187499025,6.139802501257897e-3,2.5046277397907843e-3,8.21857752146356e-3
0x6a3d9a,runtime wasm,0.41699161241670407,0.4127585173334486,0.4200921815002516,5.384607146430993e-3,3.4565906271566446e-3,7.146678345834516e-3
