Color,Name,Mean,MeanLB,MeanUB,Stddev,StddevLB,StddevUB
0xa6cee3,ocaml,0.4499403297917439,0.43846884483338044,0.4573773466667319,1.382028657380359e-2,9.92309461769978e-3,1.717505477896842e-2
0x1f78b4,ocaml byte,2.5856375997499534,2.577354550499952,2.5991866899999345,1.451810339675569e-2,2.0341594999233603e-3,1.8372285536207594e-2
0xb2df8a,haskell,259.57500533068753,257.89238184275007,260.8248984284375,2.0929022730970943,1.2131117537476512,2.672740741074305
0x33a02c,haskell strict,1.5903092338959748,1.5712137598752633,1.6001648992292608,1.8799802608316943e-2,1.1538166086711417e-2,2.2760684132861937e-2
0xfb9a99,juvix,0.3098582149735345,0.30541083428015553,0.3136017385336951,6.299165686519379e-3,4.178715793231267e-3,9.309425054955712e-3
0xe31a1c,juvix wasm,0.4119436867291408,0.40842567749996306,0.41396540999994613,4.080215343429185e-3,3.5755306902991234e-3,4.42550393622343e-3
0xfdbf6f,c,0.21919485394162921,0.21593270316362678,0.22333218177510994,5.794529696008617e-3,3.8363845451088708e-3,8.433938468151249e-3
0xff7f00,c wasm,0.2854323286634341,0.27466789981338174,0.29060236491343555,1.1252964665330089e-2,3.3239316955339087e-3,1.4958593706057836e-2
0xcab2d6,runtime,0.3133878481768019,0.3051357459933812,0.3204431236670037,1.1414529152745842e-2,7.331218889902378e-3,1.4888844517220534e-2
0x6a3d9a,runtime wasm,0.3988966663334092,0.3867466190004052,0.40486592316650183,1.180536272949288e-2,4.5035370722484825e-3,1.6030472207375548e-2
