Color,Name,Mean,MeanLB,MeanUB,Stddev,StddevLB,StddevUB
0xa6cee3,ocaml,0.4028670863542345,0.40283709183336214,0.4028875869376236,3.690779937403565e-5,2.4298283177317136e-5,4.7344069352950384e-5
0x1f78b4,ocaml byte,2.1637818240624207,2.1626071171249635,2.16465367462492,1.5072037540092755e-3,9.533440900565763e-4,2.0134526278083363e-3
0xb2df8a,haskell,205.46028028158332,199.5655158382083,215.5158302115,10.965601019550984,3.1094324609166932,13.613375352767987
0x33a02c,haskell strict,1.3921694176249844,1.3879167483749484,1.4006146026248416,8.449948959887963e-3,2.1801034802643518e-5,9.778458416213769e-3
0xfb9a99,juvix,0.314755363546786,0.3138991827800237,0.3155614537669256,1.2479646070429552e-3,8.083670170428875e-4,1.5616542871455803e-3
0xe31a1c,juvix wasm,0.35499893335444693,0.3546996438126371,0.3555355881673374,5.675900577835579e-4,1.165148748896172e-4,6.890625429343529e-4
0xfdbf6f,c,0.1911248413723039,0.1902573460278821,0.19206516781130933,1.3609031680166786e-3,9.728924880651474e-4,1.5694157181765206e-3
0xff7f00,c wasm,0.24694728095343027,0.2460948332532674,0.248376920633685,1.6856166329069881e-3,6.412323085573011e-4,2.2326264283384885e-3
0xcab2d6,runtime,0.3097171408298921,0.30966586879988733,0.3097604317299586,6.549034079811385e-5,5.3414547154983316e-5,7.589184744692357e-5
0x6a3d9a,runtime wasm,0.3550758923957649,0.35489095708336055,0.35531326216657055,3.454670800788951e-4,1.0735654169971576e-4,4.22785995881074e-4
