Color,Name,Mean,MeanLB,MeanUB,Stddev,StddevLB,StddevUB
0xa6cee3,ocaml,0.2788097898067129,0.278770444973358,0.2788525543067984,6.0152811060458076e-5,3.988796826233939e-5,7.560729215257256e-5
0x1f78b4,ocaml byte,0.9861959973332878,0.9830275291666719,0.9889610448331799,3.937426725698247e-3,2.271200456440718e-3,4.914218814648442e-3
0xb2df8a,haskell,17.202607666416643,16.97881225599997,17.337896340583306,0.2661464744755466,0.21502947658663568,0.3124358097937239
0x33a02c,haskell strict,0.5746769742500012,0.5745958070000086,0.5747240872499997,9.532314987117531e-5,8.28210172494373e-5,1.0880281292576912e-4
0xfb9a99,juvix,0.27866972473333135,0.27863351913333645,0.27873690949998947,7.304984921250137e-5,1.596967653480326e-5,9.72627709514212e-5
0xe31a1c,juvix wasm,0.31666714537003526,0.3165929232701001,0.31677963425004235,1.3159281378707636e-4,5.405088754093106e-5,1.7361163626554467e-4
0xfdbf6f,c,0.15504997091974657,0.15499866659320122,0.15512423428571137,1.1048931379043816e-4,7.499240259504694e-5,1.290060276633662e-4
0xff7f00,c wasm,0.1929372118694649,0.1929084988555638,0.19296694193337519,4.8396708837449886e-5,3.1131123149158525e-5,7.471896893468651e-5
0xcab2d6,runtime,0.2785441061033513,0.27852547285001494,0.2785615158600149,2.6173422580114552e-5,1.8101637183309647e-5,3.290261899998403e-5
0x6a3d9a,runtime wasm,0.3165046784833135,0.31643142250000433,0.3165603105666605,1.0118268769880351e-4,7.252529898496416e-5,1.3351694236754224e-4
