Color,Name,Mean,MeanLB,MeanUB,Stddev,StddevLB,StddevUB
0xa6cee3,ocaml,0.27884193864001194,0.27877133093999873,0.27897938400001293,1.505350208134879e-4,1.0627423172256248e-5,1.9037087882280184e-4
0x1f78b4,ocaml byte,0.9915157248124871,0.9906643939999924,0.9930014354374777,1.5718394244977655e-3,2.1372194483992618e-4,1.966064295052873e-3
0xb2df8a,haskell,17.84946104091672,17.763356283874998,17.965568572375133,0.1390046871968864,6.646170606092915e-2,0.17809186658123619
0x33a02c,haskell strict,0.5812900405833356,0.5812331221666416,0.5813742900833555,9.622846018165633e-5,2.57964988699592e-5,1.274949128463605e-4
0xfb9a99,juvix,0.2786141342533248,0.2785294418533332,0.2787810346533085,1.803547236106133e-4,2.3200255353129966e-5,2.2857998020510404e-4
0xe31a1c,juvix wasm,0.31611850737331526,0.31603591584000246,0.316235287133289,1.5389897349307854e-4,7.664374753152963e-5,2.0766170019790429e-4
0xfdbf6f,c,0.15505330724080116,0.15500977889319384,0.15513662780946497,1.0018534941398261e-4,5.236592593135011e-5,1.4291634679207464e-4
0xff7f00,c wasm,0.19271279220276624,0.19264545051667406,0.1928058068471772,1.318194599036119e-4,6.366095500265614e-5,1.892916848417454e-4
0xcab2d6,runtime,0.2785852748899712,0.2785333006899509,0.27867547463998105,9.970654457259963e-5,2.0954879178901003e-5,1.300490099078026e-4
0x6a3d9a,runtime wasm,0.316260888256633,0.3161602977566501,0.3164253113165879,1.8479293941561762e-4,8.412554624111268e-5,2.754784295567866e-4
