Color,Name,Mean,MeanLB,MeanUB,Stddev,StddevLB,StddevUB
0xa6cee3,ocaml,0.28008954756993865,0.27888223705995185,0.2823260350200144,2.513116960047906e-3,2.733794368587317e-4,3.2246818063552925e-3
0x1f78b4,ocaml byte,0.9925986597708724,0.9898486872916881,0.9962209473124801,4.456899397556507e-3,1.7017200782923148e-3,6.088215601919446e-3
0xb2df8a,haskell,17.573914078145833,17.382048290583384,17.679553583291636,0.18848705415153463,5.6854864422062085e-2,0.2526652095524515
0x33a02c,haskell strict,0.5831828362916364,0.583132119083378,0.583220047249938,6.360957422602031e-5,3.728612571908394e-5,8.222362714334849e-5
0xfb9a99,juvix,0.27860220709674194,0.2785320917933859,0.2787316061668207,1.430059032691512e-4,4.5362928496437834e-5,1.8425674477428529e-4
0xe31a1c,juvix wasm,0.31709609286995144,0.31696429554990574,0.3172401876499862,2.0952316624006764e-4,1.2036644948065083e-4,3.030190152964618e-4
0xfdbf6f,c,0.1550240516829954,0.1549813307136075,0.15506541916666028,6.93147089245487e-5,4.9655428742569115e-5,1.019941368802623e-4
0xff7f00,c wasm,0.19367239351386792,0.193494942138889,0.19393692080548894,3.372822801647299e-4,1.8217050804810258e-4,4.86306888030573e-4
0xcab2d6,runtime,0.27856197488665657,0.2785091641532972,0.27866153752004263,1.0776346065960903e-4,1.4628035458079882e-5,1.3964595172586604e-4
0x6a3d9a,runtime wasm,0.3173269216166197,0.3171556471165938,0.317574720949915,3.022786394105816e-4,1.8209526986731492e-4,4.0046638940389534e-4
