Color,Name,Mean,MeanLB,MeanUB,Stddev,StddevLB,StddevUB
0xa6cee3,ocaml,0.27886196273663927,0.27881989175333277,0.27893470998656994,8.259259209894794e-5,3.596817354985474e-5,1.0671163248422214e-4
0x1f78b4,ocaml byte,0.9877974556041759,0.9848670467500256,0.9899287272500032,3.5394208543914917e-3,2.221670913033496e-3,4.921961033738558e-3
0xb2df8a,haskell,17.632838820479154,17.530157356604153,17.711715085312463,0.1441904794311526,0.11536216006090162,0.1690157794760108
0x33a02c,haskell strict,0.5812436662916886,0.5811955138333171,0.5812934756667877,7.527845963745714e-5,4.3049813127642435e-5,1.0615469981106259e-4
0xfb9a99,juvix,0.27850508522001294,0.2784162008400017,0.27863896242004105,1.6529895014296515e-4,4.3453519984092885e-5,2.2095378819910396e-4
0xe31a1c,juvix wasm,0.31629153137001287,0.3161765543400149,0.3164782684200099,2.1677729459651648e-4,7.31173845546901e-5,2.8914696620714034e-4
0xfdbf6f,c,0.15507311807518076,0.15501884857041157,0.15518914961906138,1.3232480859976054e-4,3.849115150361171e-5,1.9216559120054875e-4
0xff7f00,c wasm,0.19238742578330062,0.1923318914333215,0.19245753849995773,1.0167307580655029e-4,6.657864236266737e-5,1.3360864057016577e-4
0xcab2d6,runtime,0.2795264759299804,0.27848220525999295,0.28159021584995114,2.29116631026094e-3,6.177457381494576e-5,2.8377646124260096e-3
0x6a3d9a,runtime wasm,0.31603126319331826,0.3159473562333195,0.31610914073331364,1.2513138291929602e-4,8.757367748822425e-5,1.7382057519332793e-4
