Color,Name,Mean,MeanLB,MeanUB,Stddev,StddevLB,StddevUB
0xa6cee3,ocaml,0.27889876057668517,0.27884980121671105,0.2789416576266649,6.778238818807391e-5,4.658050392234592e-5,9.351814943033636e-5
0x1f78b4,ocaml byte,0.9991055344166853,0.989793816583358,1.0150022191666608,1.7014144648839172e-2,2.6775030577435126e-3,2.1504491190757407e-2
0xb2df8a,haskell,17.74379247541665,17.64515795729164,17.809747144166675,0.11318708219472687,5.438278861159776e-2,0.1523157830285555
0x33a02c,haskell strict,0.5840603165417045,0.5828861352500212,0.586225157625023,2.189598422430462e-3,1.2234766669888542e-4,2.5725144480616942e-3
0xfb9a99,juvix,0.27844302828001144,0.2783618586800011,0.27860390248002204,1.667603280056399e-4,4.708013955215449e-5,2.20301293420395e-4
0xe31a1c,juvix wasm,0.3165102109733372,0.3162655542400125,0.31694221923999294,4.69748043886622e-4,1.9342207492119154e-4,6.529386914617899e-4
0xfdbf6f,c,0.15489466625920953,0.15486064736396804,0.1549378661095418,6.854433422224312e-5,5.401474756746084e-5,8.802599732733518e-5
0xff7f00,c wasm,0.192347519880578,0.19212091400000494,0.19267852209731018,4.442354504546901e-4,1.991758926015466e-4,6.24618244078892e-4
0xcab2d6,runtime,0.27852556259330413,0.2784857488000171,0.2785554791199547,5.067823685185187e-5,3.9560496406352575e-5,6.561250666830929e-5
0x6a3d9a,runtime wasm,0.3162440262666814,0.3161483481666664,0.31630108926667166,1.0358215669428996e-4,4.354716410745841e-5,1.3456656426450578e-4
