Color,Name,Mean,MeanLB,MeanUB,Stddev,StddevLB,StddevUB
0xa6cee3,ocaml,0.2793923824533446,0.2793242292933352,0.27950247460003086,1.3420030305328408e-4,3.805237725952544e-5,1.7808673970485183e-4
0x1f78b4,ocaml byte,0.9906444420416705,0.9870228961249836,0.9922836816250111,3.4611299035055007e-3,1.1973968473375346e-3,4.577940380694852e-3
0xb2df8a,haskell,19.255027379520836,19.184799798583324,19.368941319062515,0.12601984392294097,1.921295535206953e-2,0.16218365103523597
0x33a02c,haskell strict,0.5836807426875671,0.5836353630000228,0.5837387360001571,7.442772346569493e-5,3.145523293971197e-5,1.0293231549910438e-4
0xfb9a99,juvix,0.27885574417331704,0.2787746565733111,0.2789454801999227,1.2062372202281663e-4,6.141168862172972e-5,1.6008100563215814e-4
0xe31a1c,juvix wasm,0.32042602754667315,0.32029961908000587,0.3205876926800238,2.0868015342117557e-4,1.1275043832133127e-4,2.9398515324828274e-4
0xfdbf6f,c,0.15532312398093814,0.15521953261428995,0.15549935043331323,2.2908986768076722e-4,1.2468393745685414e-4,3.153578763371163e-4
0xff7f00,c wasm,0.196779403705555,0.19668832488887725,0.19688712413333934,1.6844571633834715e-4,1.0094599763766224e-4,2.2999705325484965e-4
0xcab2d6,runtime,0.2788165653633155,0.27872615423332264,0.2789689231599732,1.7664750783921596e-4,3.6497893295477085e-5,2.2907527509676478e-4
0x6a3d9a,runtime wasm,0.3206585468999932,0.32031574769998467,0.3212570352000133,6.727431885684425e-4,1.544354493402039e-4,8.919266875940289e-4
