Color,Name,Mean,MeanLB,MeanUB,Stddev,StddevLB,StddevUB
0xa6cee3,ocaml,0.2789053984633438,0.27887546190999274,0.27894408923336866,5.1532139879183764e-5,3.2144759035217033e-5,7.353646379448038e-5
0x1f78b4,ocaml byte,0.996807044666653,0.9837049091666472,1.0065271406666483,1.6720599692104023e-2,1.0350519086211367e-2,2.244760016858502e-2
0xb2df8a,haskell,17.98394629495831,17.857603456999982,18.10738068387498,0.1814030064105855,9.511044993773236e-2,0.2524623253481624
0x33a02c,haskell strict,0.5812337378958574,0.58119803031245,0.5812514443125707,3.524232628433068e-5,6.806959231887526e-7,4.123437510784694e-5
0xfb9a99,juvix,0.2786023338166615,0.27854423959997804,0.2787083968166826,1.1409917557865221e-4,2.7045000314403325e-5,1.4927263286136427e-4
0xe31a1c,juvix wasm,0.316164969336675,0.31601573907000785,0.3162642705500275,1.8209624239968203e-4,1.0961088652579254e-4,2.4999663244696735e-4
0xfdbf6f,c,0.15500861015817977,0.1549918881020363,0.15503567671432197,3.518537739766574e-5,1.4536450810300017e-5,5.3191785545329996e-5
0xff7f00,c wasm,0.19290357044718262,0.19281978972498195,0.1930228501166198,1.6478745917471667e-4,8.195990830139332e-5,2.311631393577488e-4
0xcab2d6,runtime,0.2786257791466877,0.2785295998266891,0.27881276726669363,1.99758634532457e-4,2.882418578599414e-5,2.587276745659699e-4
0x6a3d9a,runtime wasm,0.31609274139333593,0.31600978256000417,0.31613801040002726,9.458464921231276e-5,5.8448034608444786e-5,1.2916804141792227e-4
