Color,Name,Mean,MeanLB,MeanUB,Stddev,StddevLB,StddevUB
0xa6cee3,ocaml,0.27871966446665813,0.27827184119999854,0.27892668569999157,4.777076504879145e-4,9.615748214119983e-5,6.295406813193406e-4
0x1f78b4,ocaml byte,0.9844326337500201,0.9822770930000289,0.9854806233750134,2.0750487519638912e-3,2.5118624999720396e-4,2.490903736782712e-3
0xb2df8a,haskell,16.925913180666726,16.79980330012515,16.990719211791685,0.11907394455247543,8.087942208248544e-3,0.14966311806042634
0x33a02c,haskell strict,0.5729056291041653,0.5719573020625148,0.5733396083749653,9.303791502022414e-4,1.9319875002565823e-4,1.2065770958878978e-3
0xfb9a99,juvix,0.2774856732933313,0.27717616336000905,0.2778414014999953,5.203740538101739e-4,3.19442770884426e-4,7.057136926653785e-4
0xe31a1c,juvix wasm,0.31332486550999794,0.31150543655998264,0.3142552404600019,1.9243814068496258e-3,8.961458548301974e-4,2.5116327015679723e-3
0xfdbf6f,c,0.15374372800511216,0.15306763715986663,0.15431094738437115,1.1325394520246858e-3,7.265902973019634e-4,1.5586320518089062e-3
0xff7f00,c wasm,0.19217490333332798,0.19193528680553665,0.19237263499999813,3.4403400449635555e-4,2.5865369064837456e-4,4.468558555967155e-4
0xcab2d6,runtime,0.2784219849633496,0.27836672452334144,0.2784821432800436,8.194085850644189e-5,7.12763330653591e-5,9.94868647949786e-5
0x6a3d9a,runtime wasm,0.31459142956998754,0.3138272603200343,0.31525018685998935,1.0258501888983792e-3,8.359070507646345e-4,1.1193556693603602e-3
