Color,Name,Mean,MeanLB,MeanUB,Stddev,StddevLB,StddevUB
0xa6cee3,ocaml,0.2792779626533714,0.2792267615866483,0.279334122300088,8.603190171499545e-5,5.370855033231156e-5,1.1628281356483437e-4
0x1f78b4,ocaml byte,0.9902064470624765,0.9883439316249962,0.9914258608124698,2.2512539734170487e-3,1.576914955238259e-3,2.816115427248505e-3
0xb2df8a,haskell,19.635077842750004,19.478914632000027,19.84887351549996,0.24322584175219542,4.9539485576935605e-2,0.31782080502166354
0x33a02c,haskell strict,0.5837850561666423,0.5837190164999981,0.583831636166631,8.243615806404123e-5,5.4497596166707564e-5,1.0757190212930098e-4
0xfb9a99,juvix,0.2789008787800018,0.2788186344800184,0.2790599171999929,1.694936160972553e-4,2.127365127652396e-5,2.182010675365304e-4
0xe31a1c,juvix wasm,0.32046885601002184,0.32036473045002367,0.3205526186500265,1.4409654172249642e-4,9.72429887486431e-5,1.8626271234759871e-4
0xfdbf6f,c,0.15524079270545288,0.15521896215374203,0.15526487801498026,4.180134152362069e-5,3.371517475503279e-5,5.286568301914842e-5
0xff7f00,c wasm,0.19723618625001474,0.19708902061111644,0.19735881466667451,2.1563348788306442e-4,1.5235937795873755e-4,2.880533902771147e-4
0xcab2d6,runtime,0.27887618878002435,0.27879224897997873,0.2790436327001089,1.8528223526324903e-4,3.271436354277069e-6,2.2868545094968963e-4
0x6a3d9a,runtime wasm,0.32064068149999153,0.3205345847999888,0.3207341521999933,1.5818868846601786e-4,1.204843480592436e-4,1.9800160621416833e-4
