Color,Name,Mean,MeanLB,MeanUB,Stddev,StddevLB,StddevUB
0xa6cee3,ocaml,0.48525846312495463,0.4827106943749726,0.488011509374914,3.7684244377903884e-3,1.6935178732597634e-3,4.9547614090905585e-3
0x1f78b4,ocaml byte,2.823814628770838,2.7808039998958285,2.844073321666694,4.123787420495519e-2,8.46694504340794e-3,5.389786883970775e-2
0xb2df8a,haskell,339.4102401250833,325.856103372,346.8957446555833,15.786075581281166,14.208888385427269,17.287032222817373
0x33a02c,haskell strict,1.686135834999978,1.6725973456250358,1.6949167608749651,1.4367811658592765e-2,7.98342921531225e-3,2.0278679670631884e-2
0xfb9a99,juvix,0.36125334508333634,0.35019735412498676,0.3678436972501231,1.1310979305883716e-2,5.556080794064668e-3,1.5854408281100883e-2
0xe31a1c,juvix wasm,0.4026692777293685,0.3952114575001815,0.40769799925021744,9.43284685137621e-3,4.752430250391626e-3,1.1613334894967216e-2
0xfdbf6f,c,0.21816600901382166,0.21334160763886859,0.22205839499990057,6.798890687891969e-3,5.512707109264644e-3,8.382139118004185e-3
0xff7f00,c wasm,0.28952312788000806,0.2857953499999591,0.2929702655601068,5.266872037979938e-3,4.207485007381528e-3,6.719900704457086e-3
0xcab2d6,runtime,0.3706657376458982,0.3680217928751972,0.3722763175834037,3.1717744318622595e-3,2.17331374983587e-3,3.7194750418807587e-3
0x6a3d9a,runtime wasm,0.4224288172291608,0.4177839044374423,0.42708344258335273,6.059747245429337e-3,3.640084264866779e-3,8.164265652601229e-3
