Color,Name,Mean,MeanLB,MeanUB,Stddev,StddevLB,StddevUB
0xa6cee3,ocaml,0.2788596504500121,0.2787661842999948,0.27902765160003584,1.822972527535426e-4,5.543117762130782e-5,2.487479392507617e-4
0x1f78b4,ocaml byte,1.0072183307916542,0.9914275466666519,1.037819822374999,3.0753723040230125e-2,9.151848546713748e-5,3.5789114402830384e-2
0xb2df8a,haskell,17.223226299979263,17.149903781062534,17.271838069062625,8.253016299027255e-2,4.5477524762612465e-2,0.112264071864249
0x33a02c,haskell strict,0.5744226188542333,0.5743388260625011,0.5744615096876373,7.981169342894003e-5,1.622287516056531e-5,1.0369663091147357e-4
0xfb9a99,juvix,0.2784861853200573,0.27841401632002544,0.27863141044010264,1.5769284374002446e-4,6.267589259584825e-6,1.9699026421783353e-4
0xe31a1c,juvix wasm,0.3170728051066286,0.3169442399200307,0.3171597448665958,1.562467332741267e-4,1.0854885540384557e-4,2.3809433839062314e-4
0xfdbf6f,c,0.15488258440133432,0.15483857388095917,0.15493585461900433,8.52089510313747e-5,5.4927369966311355e-5,1.1938267030829177e-4
0xff7f00,c wasm,0.19324791593329563,0.19305044042222208,0.19352393618329414,3.753668044467806e-4,2.1504038259828856e-4,5.187322406576662e-4
0xcab2d6,runtime,0.2784806593999125,0.2784235169999617,0.2785472086998652,8.860706507515421e-5,5.808476363721771e-5,1.1222506555058439e-4
0x6a3d9a,runtime wasm,0.3174292563066941,0.3172898921666577,0.3176034765401391,2.1248338939837348e-4,1.7419128140786514e-4,2.5130102491191704e-4
