Color,Name,Mean,MeanLB,MeanUB,Stddev,StddevLB,StddevUB
0xa6cee3,ocaml,0.2788113155300175,0.27873221036000356,0.27893960625004866,1.540721680567231e-4,6.190741398426508e-5,2.0942963548653112e-4
0x1f78b4,ocaml byte,0.9863555461458494,0.9789479540626189,0.9899916027291435,7.05895206543282e-3,3.435732812290419e-3,8.709988144585954e-3
0xb2df8a,haskell,17.872114030041676,17.734177106000004,17.95978158220833,0.1663613486971281,0.11476012575065622,0.20245953937045377
0x33a02c,haskell strict,0.5812411899999953,0.5812326728749705,0.5812450977500323,8.144544798519952e-6,1.6220656242219327e-6,1.0645761663701894e-5
0xfb9a99,juvix,0.2785560008066909,0.2785335016799763,0.2785732954667083,2.9932508158204755e-5,2.219822920308566e-5,3.724565018079435e-5
0xe31a1c,juvix wasm,0.31618252560663523,0.31610092169996734,0.31633055841997243,1.5958971555260097e-4,3.6123990193378755e-5,2.0448687876410454e-4
0xfdbf6f,c,0.1550209298856809,0.15501177459998577,0.15503489876183388,2.0136819536209463e-5,1.3840584309685573e-5,2.849155913617202e-5
0xff7f00,c wasm,0.19263327344723014,0.19256403750278347,0.19268713058335152,9.910530222934769e-5,6.366767566695304e-5,1.4332689981134573e-4
0xcab2d6,runtime,0.2785582194833387,0.27851545343334694,0.2785979629499934,6.624893932802048e-5,4.403486387344751e-5,1.0139604295386636e-4
0x6a3d9a,runtime wasm,0.31630003039998805,0.316176510000023,0.3164685935999652,2.1575658225956275e-4,8.31730125037456e-5,2.862859288429586e-4
