Color,Name,Mean,MeanLB,MeanUB,Stddev,StddevLB,StddevUB
0xa6cee3,ocaml,0.4885635408124358,0.4839240578749866,0.4977698300623672,9.230776328952476e-3,7.157249103810666e-5,1.071442689134789e-2
0x1f78b4,ocaml byte,2.580602877666626,2.579540647499954,2.5814980437083035,1.4970547016962287e-3,7.582951577088841e-4,2.06729742052766e-3
0xb2df8a,haskell,198.76849237466666,192.3056441565,207.54991082,9.975585156360388,4.228259179777129,13.055759437992567
0x33a02c,haskell strict,1.6647790861458514,1.6640144983333964,1.665216217520803,7.444033298843816e-4,3.3812141699414455e-4,1.009511667998161e-3
0xfb9a99,juvix,0.3696790042708358,0.36835868502083713,0.37031511345833223,1.2603807149869873e-3,5.732248332606105e-4,1.52659547589601e-3
0xe31a1c,juvix wasm,0.4534996588333608,0.44967024391651955,0.45955233545826485,6.157373254209421e-3,1.6235861124060504e-3,8.10548220571522e-3
0xfdbf6f,c,0.23013904642499608,0.22996286334168115,0.2302525492083305,2.237260502395236e-4,1.3158515461058262e-4,2.9798361426111906e-4
0xff7f00,c wasm,0.29893971768984556,0.29570076759973746,0.30233313798000383,5.126180555531345e-3,3.5627452719729337e-3,6.585464530594704e-3
0xcab2d6,runtime,0.370187772145736,0.36941279537484206,0.3706877831875204,9.046081535396089e-4,8.18110727356819e-4,1.0271831090832423e-3
0x6a3d9a,runtime wasm,0.4586648840627087,0.45467042643756866,0.4609478795002057,3.907542707644591e-3,1.9329493516695032e-3,5.272352121590306e-3
