Color,Name,Mean,MeanLB,MeanUB,Stddev,StddevLB,StddevUB
0xa6cee3,ocaml,0.279024265240007,0.2789319214400098,0.27919387064002193,1.8993667682207352e-4,2.600975857260641e-5,2.476012440092537e-4
0x1f78b4,ocaml byte,0.9888167143958478,0.9864584983750149,0.9906671440833558,3.159521106721131e-3,1.693437083342075e-3,4.273384312796705e-3
0xb2df8a,haskell,17.40435755022911,17.28489463593749,17.460791366041565,0.1131856372141012,3.484126576201818e-2,0.14555946789490662
0x33a02c,haskell strict,0.5747137706458384,0.574603179895855,0.5748749316250041,1.707448605155979e-4,5.2488800197016467e-5,2.230628849267154e-4
0xfb9a99,juvix,0.27861370110332095,0.2785622224366686,0.278709641469959,1.0452256805680849e-4,2.3899474685961066e-5,1.3784178352107155e-4
0xe31a1c,juvix wasm,0.316900929929969,0.31674131259988675,0.3170364976600149,2.3533826916999446e-4,1.7175487996845594e-4,3.088717047476493e-4
0xfdbf6f,c,0.1550873889731345,0.15504744887787275,0.15516561738984674,9.326195314472015e-5,3.163510434270454e-5,1.3382783152429234e-4
0xff7f00,c wasm,0.1935123880388864,0.19346011308331554,0.19362425073335696,1.1987987380636026e-4,3.892181644063319e-5,1.611454569259454e-4
0xcab2d6,runtime,0.2786658444033613,0.27865219660333274,0.27868703498339376,2.4184287963218897e-5,8.309991874955468e-6,3.252317530409338e-5
0x6a3d9a,runtime wasm,0.31683847316667274,0.31667997613333376,0.3169592087666918,2.2395429012334747e-4,1.4261354906985733e-4,3.231794046024921e-4
