Color,Name,Mean,MeanLB,MeanUB,Stddev,StddevLB,StddevUB
0xa6cee3,ocaml,0.4033047689374456,0.40327632606245345,0.40334964074992286,4.729175725000675e-5,9.799999986626062e-6,6.0209694481577496e-5
0x1f78b4,ocaml byte,2.153274471562559,2.153182135937598,2.153421254875061,1.6521641858433002e-4,5.67228749919213e-5,2.0230620702953075e-4
0xb2df8a,haskell,205.660883965875,198.92229223725002,212.39947569449998,9.588890612352763,4.265909375538674,13.090062977323113
0x33a02c,haskell strict,1.3898448942083708,1.3896101687499822,1.3902527976251804,4.437316118999854e-4,1.2282281537069172e-4,5.419573506429809e-4
0xfb9a99,juvix,0.9558749714375759,0.9556830350000685,0.9559931386875556,2.2787972877523835e-4,1.9113820705397985e-4,2.728955743407241e-4
0xe31a1c,juvix wasm,0.24138519971008465,0.2409998921000806,0.24175042800015945,5.598843082081736e-4,4.2128141750046694e-4,7.165686068953353e-4
0xfdbf6f,c,0.19274590143607437,0.19271477853335453,0.19280743623331142,7.109945620630733e-5,1.2248536669016324e-5,9.790740057163068e-5
0xff7f00,c wasm,0.24689483586992536,0.24659578483984662,0.247336338719997,5.512100877020903e-4,2.1003393218348398e-4,7.488807872777342e-4
0xcab2d6,runtime,0.27421978436664174,0.2741306959999747,0.274284644633326,1.1731250790834364e-4,8.456110925289129e-5,1.53035873533328e-4
0x6a3d9a,runtime wasm,0.35278633464567594,0.35230665458296545,0.3530293769166898,4.688023501539552e-4,5.734170718923499e-5,5.825576802562086e-4
