Color,Name,Mean,MeanLB,MeanUB,Stddev,StddevLB,StddevUB
0xa6cee3,ocaml,0.2790932852800324,0.2790386151999883,0.2791565009600617,9.002851265178894e-5,4.85150437983922e-5,1.2279657327481452e-4
0x1f78b4,ocaml byte,1.0069902893749354,0.9936958652499565,1.0172189798750821,1.7504190552039292e-2,1.5504968218466277e-2,2.0540453746904833e-2
0xb2df8a,haskell,16.984883937333347,16.905616230125077,17.025699097499967,7.84482155603174e-2,5.443642226212672e-3,9.46103461767681e-2
0x33a02c,haskell strict,0.5747391478125602,0.5745976861250028,0.5748507056251052,1.8895370376176607e-4,1.249759107815744e-4,2.576317324122823e-4
0xfb9a99,juvix,0.2787734404533634,0.2786828498000432,0.2788304797599994,1.114144199359264e-4,6.69369183900198e-5,1.4269779273682132e-4
0xe31a1c,juvix wasm,0.3172262968532626,0.317164966266652,0.31730393237324583,1.0157899702449046e-4,6.46796032887223e-5,1.294731776283891e-4
0xfdbf6f,c,0.15516356658874406,0.15496744884043695,0.15555088541869447,4.915483752120656e-4,5.930761299531237e-5,7.14519160976368e-4
0xff7f00,c wasm,0.19361889420557266,0.19344166752222614,0.1937849825833761,2.846228379082968e-4,1.979365284888998e-4,4.0821316810555117e-4
0xcab2d6,runtime,0.27862156578662356,0.2785585638532727,0.27869026679998116,9.921900372788736e-5,6.790400935618508e-5,1.2733711733760067e-4
0x6a3d9a,runtime wasm,0.31735662646665486,0.31729592366671266,0.3174000020665759,7.375622731450896e-5,5.643250598172863e-5,9.50101455902714e-5
