Color,Name,Mean,MeanLB,MeanUB,Stddev,StddevLB,StddevUB
0xa6cee3,ocaml,0.2789731369533183,0.27888900038662545,0.27911764030000086,1.57989263211836e-4,4.839201421990731e-5,2.1471600288122778e-4
0x1f78b4,ocaml byte,0.9922303274583063,0.9918428913749722,0.9927195517499854,6.007903471472599e-4,2.3874039516045035e-4,7.832593559373185e-4
0xb2df8a,haskell,17.086421541979217,16.926808922958365,17.200191083166754,0.19427108890451886,0.1216458556171728,0.23822907211899244
0x33a02c,haskell strict,0.5744250857291414,0.5742880684999818,0.5746560976249384,2.408584865155318e-4,4.327212502630573e-5,2.9197586879213815e-4
0xfb9a99,juvix,0.2784261225399981,0.27832960847999255,0.27852263660000365,1.446365844590862e-4,1.1522927861576051e-4,1.7684701619555124e-4
0xe31a1c,juvix wasm,0.3162846057666684,0.3160894699666642,0.31648273526666343,3.165964736948459e-4,2.1232664484558447e-4,4.042233553525659e-4
0xfdbf6f,c,0.1549705414458848,0.15494090521971796,0.1550306161155255,7.210339908351038e-5,3.399562844491654e-5,1.0826141006203545e-4
0xff7f00,c wasm,0.19331319889445808,0.19324362145554297,0.19337378266668756,1.0639064002506648e-4,7.208208277674553e-5,1.610543437687815e-4
0xcab2d6,runtime,0.2784185487833497,0.278364102583339,0.27845750548334536,7.079230325369789e-5,5.632392820323498e-5,8.681402536332544e-5
0x6a3d9a,runtime wasm,0.31614084421331806,0.3159493963999921,0.31630730327999346,2.7201781122414395e-4,2.1296518444674362e-4,3.400491680407903e-4
