Color,Name,Mean,MeanLB,MeanUB,Stddev,StddevLB,StddevUB
0xa6cee3,ocaml,0.27881416437000556,0.2787549814900012,0.2789241625000159,1.2072832239474287e-4,3.8508300245004956e-5,1.5915606379808452e-4
0x1f78b4,ocaml byte,0.9985073261250127,0.9913305568749944,1.0124781048750435,1.3958735250912022e-2,4.614862500223471e-4,1.6574038633639668e-2
0xb2df8a,haskell,17.118200788812505,16.93966793675,17.260539355125008,0.24117718366704327,0.12814968624999779,0.32871683830635645
0x33a02c,haskell strict,0.5744563769999994,0.5742904197499854,0.5746500489999846,2.4347292188960665e-4,1.1448472639741112e-4,3.233392447684865e-4
0xfb9a99,juvix,0.27915409407999503,0.2787987976800014,0.27981847679998284,6.922595491983634e-4,2.3444442491661838e-4,9.356024641881696e-4
0xe31a1c,juvix wasm,0.3165051049033192,0.31640611924999007,0.3166279698199878,1.6444030418202055e-4,7.961754820939482e-5,2.201007872358958e-4
0xfdbf6f,c,0.15498432230681594,0.15494648213741538,0.15508483950685617,9.167047871207955e-5,2.0211308954292624e-5,1.3384250146374882e-4
0xff7f00,c wasm,0.19332750159165957,0.19323733576665444,0.1934237331333242,1.4436271096873252e-4,1.0563305139837886e-4,1.6270427275542668e-4
0xcab2d6,runtime,0.2791837371233316,0.27888012253333727,0.2794274474400072,3.764917613798875e-4,2.9023520349125034e-4,4.570386166715419e-4
0x6a3d9a,runtime wasm,0.31757036523668225,0.31687697496671113,0.3183087825400116,1.003599117027738e-3,8.406560368733857e-4,1.1803752030065328e-3
