Color,Name,Mean,MeanLB,MeanUB,Stddev,StddevLB,StddevUB
0xa6cee3,ocaml,0.27885727322333953,0.27878433073994985,0.2789572367200435,1.2510973547019704e-4,5.287391468297763e-5,1.6599356633327535e-4
0x1f78b4,ocaml byte,0.9944516072708371,0.990114570749995,1.0013201768125128,7.674228504559918e-3,1.539133125021408e-3,1.0015956811173973e-2
0xb2df8a,haskell,17.80352787827083,17.732484975874968,17.846643195687506,8.379050787228234e-2,7.190765393920474e-2,9.582874105544191e-2
0x33a02c,haskell strict,0.5812621251458315,0.5812444605833965,0.5812857417499799,2.6424250569786006e-5,8.640624940881025e-6,3.232312688323031e-5
0xfb9a99,juvix,0.27848644794331145,0.27844407357999446,0.27853591595998295,6.979641112341837e-5,5.5408183412847256e-5,8.816680882964438e-5
0xe31a1c,juvix wasm,0.31624953135000167,0.3161798071499902,0.31637251875002903,1.3433502259935297e-4,3.8112589489998214e-5,1.9094758575144338e-4
0xfdbf6f,c,0.1549588170945407,0.15490592493266767,0.15504529277545015,1.1581842850951415e-4,5.619442887050629e-5,1.6922619611801364e-4
0xff7f00,c wasm,0.19246609450832844,0.19236452524999473,0.19262512834999748,2.121405274864008e-4,9.91596985909515e-5,2.9891675820190684e-4
0xcab2d6,runtime,0.27868558070664523,0.2785624838400326,0.27882910566657604,2.0067372290874841e-4,1.0698894386267885e-4,2.642689876763098e-4
0x6a3d9a,runtime wasm,0.3163740432000107,0.31627018900001985,0.3164686151999922,1.442618973271744e-4,9.725134138917365e-5,1.8514213824012717e-4
