Color,Name,Mean,MeanLB,MeanUB,Stddev,StddevLB,StddevUB
0xa6cee3,ocaml,0.2785900506266629,0.2785681705999991,0.27862255417999676,3.959012443339759e-5,1.8393224369440587e-5,5.276681049538072e-5
0x1f78b4,ocaml byte,0.9895702818541731,0.9865123041666758,0.991274703958344,3.0114785188557485e-3,9.151003358915965e-4,4.039842953466268e-3
0xb2df8a,haskell,16.803733102437494,16.755503249437496,16.8360713949375,5.4659045322571445e-2,3.120904856782825e-2,7.468208752004266e-2
0x33a02c,haskell strict,0.574165799062475,0.5740952516249915,0.5742610570624151,1.0902786987952499e-4,2.0132203929215463e-5,1.4279012415772802e-4
0xfb9a99,juvix,0.27841989303994374,0.27830814995999387,0.2785823923998654,1.779977926335226e-4,7.31429784749456e-5,2.2426003272371867e-4
0xe31a1c,juvix wasm,0.31542099833666876,0.31525720951666847,0.3156027501500148,2.500399290777509e-4,1.4588657725001032e-4,3.4984116936920116e-4
0xfdbf6f,c,0.15484753050036404,0.15481377048877754,0.15491838532659122,8.177820146563117e-5,1.7778378999551975e-5,1.1815665085821061e-4
0xff7f00,c wasm,0.19214439469720712,0.1919501579499777,0.19245341909997934,3.795952515439655e-4,2.015686130089654e-4,5.052585371476228e-4
0xcab2d6,runtime,0.27838703663670233,0.2783333348699967,0.27849040722009705,1.1060581235656131e-4,2.9252059746015166e-5,1.4106645883758907e-4
0x6a3d9a,runtime wasm,0.3157292468033256,0.315518188936644,0.3161328585700312,4.401394155101374e-4,4.1280803829627194e-5,5.625182903736516e-4
