Color,Name,Mean,MeanLB,MeanUB,Stddev,StddevLB,StddevUB
0xa6cee3,ocaml,0.4030185412083351,0.40295038345835604,0.40313867749995325,1.27868978557846e-4,2.9411116982251895e-5,1.5611926551247897e-4
0x1f78b4,ocaml byte,2.1545334336874853,2.154050450749992,2.1548517444374795,5.353788588527918e-4,2.902630133927004e-4,7.351071887802059e-4
0xb2df8a,haskell,163.6732908727293,157.2494981430002,168.94138705979174,8.811311954850115,5.013089370159587,12.166147006869364
0x33a02c,haskell strict,1.38831696806263,1.3878399173748903,1.389231082250338,9.245280090204035e-4,1.2999474446195522e-5,1.0822411971694063e-3
0xfb9a99,juvix,0.2728328221334232,0.2727120679333893,0.2729073655333923,1.413590157534409e-4,6.732073268599793e-5,1.9426891010417363e-4
0xe31a1c,juvix wasm,0.35473978616658997,0.3543754236665677,0.3551845289166522,5.402211140138856e-4,2.171789883837376e-4,6.928389905774731e-4
0xfdbf6f,c,0.19024290563599053,0.19020672601928557,0.19031507081653118,8.391921479160543e-5,1.1954455398019033e-5,1.1487576134526408e-4
0xff7f00,c wasm,0.24773564088325656,0.24691007074998197,0.2484762292666892,1.2579502618038584e-3,7.225088325113285e-4,1.6792726838620383e-3
0xcab2d6,runtime,0.2741647086333493,0.274024416066671,0.2743050012000276,2.192235591488699e-4,1.62206503083735e-4,2.851215415797565e-4
0x6a3d9a,runtime wasm,0.35452880162506517,0.35429876000011973,0.3547101556249572,2.8402546758040287e-4,1.9860418317499713e-4,3.653821800291602e-4
