Color,Name,Mean,MeanLB,MeanUB,Stddev,StddevLB,StddevUB
0xa6cee3,ocaml,0.27901111294663905,0.2789952222266311,0.2790330727666287,2.678761634532375e-5,1.2498371902851501e-5,3.899762698391822e-5
0x1f78b4,ocaml byte,0.9937534898749428,0.9874654528749526,1.0029030069998726,1.0789794914391861e-2,3.490338036131111e-3,1.45215994184748e-2
0xb2df8a,haskell,18.550595927812513,18.447204070687505,18.62126722637503,0.11585811010018669,7.057303320445535e-2,0.16320837299619603
0x33a02c,haskell strict,0.5832137301666668,0.5831082049999452,0.58329233016669,1.30859419146135e-4,7.599426605264289e-5,1.815189246868967e-4
0xfb9a99,juvix,0.2785881369800366,0.27854137238002297,0.2786618514800951,8.780221027802618e-5,3.0919288794328295e-5,1.1842054033180338e-4
0xe31a1c,juvix wasm,0.3163303602666755,0.3162443696666772,0.31646928296665544,1.6585913249104965e-4,5.404560461095805e-5,2.2435562727471132e-4
0xfdbf6f,c,0.15500750321324921,0.1549624689180121,0.15510658235948108,1.0573502103210808e-4,3.904103218174198e-5,1.5109540483270107e-4
0xff7f00,c wasm,0.1930815294277958,0.19300231282778355,0.19318383944448983,1.392431316415256e-4,8.45896914472371e-5,1.887684561703e-4
0xcab2d6,runtime,0.27857551774332706,0.2785348395099686,0.27865168493335657,8.27983057723087e-5,9.71065550860016e-6,1.0575110805124128e-4
0x6a3d9a,runtime wasm,0.31645945410003756,0.3163769486000122,0.3165226320000708,1.0689123128732306e-4,7.634077199870114e-5,1.426203813949911e-4
