Color,Name,Mean,MeanLB,MeanUB,Stddev,StddevLB,StddevUB
0xa6cee3,ocaml,0.27898841345997577,0.27895226871999207,0.2790138481999444,4.812517779779982e-5,3.796857335645566e-5,6.280378545680516e-5
0x1f78b4,ocaml byte,0.9919837032083431,0.9913117862500229,0.9928523151666486,1.129303806077032e-3,5.469846163601945e-4,1.4269923968007823e-3
0xb2df8a,haskell,17.546031666416653,17.466781988500003,17.60414612699998,0.10067561688395801,5.9957794016011506e-2,0.13280193571385937
0x33a02c,haskell strict,0.5745721448750581,0.5745452740000208,0.5745883046251095,3.1695463412213226e-5,2.473628357613334e-5,3.731934416858971e-5
0xfb9a99,juvix,0.27861331688997326,0.2785423298800015,0.2787348220399872,1.338285872177331e-4,4.21883299273516e-5,1.729934543313789e-4
0xe31a1c,juvix wasm,0.3170069167533014,0.31691229917333963,0.31713823183329926,1.7091405614689042e-4,7.576235339423149e-5,2.347825840547065e-4
0xfdbf6f,c,0.15506267900955395,0.15502737662859545,0.15513331066670025,8.911111125973497e-5,1.112916762389638e-5,1.2730496292429768e-4
0xff7f00,c wasm,0.1936336815610452,0.19352058317772644,0.1938366312499132,2.4195743868364938e-4,1.2714148572655866e-4,3.3005907409894915e-4
0xcab2d6,runtime,0.2785693156700214,0.2785147714000232,0.2786532314000699,9.639989472209976e-5,3.583916825937901e-5,1.316859256718565e-4
0x6a3d9a,runtime wasm,0.3171574005666556,0.31702938183336,0.3173940769666236,2.5634074477185424e-4,1.0040548677278432e-4,3.424859856458409e-4
