Color,Name,Mean,MeanLB,MeanUB,Stddev,StddevLB,StddevUB
0xa6cee3,ocaml,0.27858852939333206,0.27850866532666524,0.2787407438999992,1.658206597683696e-4,1.6125922961983613e-5,2.1294016083050522e-4
0x1f78b4,ocaml byte,0.9956169457708224,0.9905937351874812,1.0045931452499985,9.170094943191603e-3,1.5500021642216033e-4,1.0931751107209349e-2
0xb2df8a,haskell,16.709952319916674,16.645410907750005,16.754871001166677,9.126606703629021e-2,7.6295707035859e-2,0.10373525084532911
0x33a02c,haskell strict,0.5740965407083275,0.5736801282500039,0.574309139124999,4.077780118729631e-4,2.4426054057804375e-5,4.930447168429978e-4
0xfb9a99,juvix,0.2783424014433816,0.27827460520334474,0.27845801858344055,1.2977000054078283e-4,3.562999593099197e-5,1.7312214382687231e-4
0xe31a1c,juvix wasm,0.3156057838700235,0.3154459502699865,0.31568648582006065,1.6873235763657413e-4,4.985668724440901e-5,2.295363857834998e-4
0xfdbf6f,c,0.154892065987771,0.15483715739457918,0.154979806875509,1.2690688879078726e-4,1.001811521917582e-4,1.5457207360929448e-4
0xff7f00,c wasm,0.19226368634720456,0.19207077476388956,0.19247082779160488,3.35586070151827e-4,2.3573452643533486e-4,4.8332074920587597e-4
0xcab2d6,runtime,0.2782404943466827,0.2778054790333499,0.2784653682466979,4.4685007474725227e-4,1.8170730977400216e-4,6.158425381623072e-4
0x6a3d9a,runtime wasm,0.3161446957766452,0.3160424947499337,0.3162056587966913,1.1528658422514701e-4,8.63403494156762e-5,1.6622001192034106e-4
