Color,Name,Mean,MeanLB,MeanUB,Stddev,StddevLB,StddevUB
0xa6cee3,ocaml,0.40318601975001894,0.40315610687504017,0.40324473712497877,5.909833501278999e-5,7.917499734444444e-7,6.908082568492992e-5
0x1f78b4,ocaml byte,2.158967542145826,2.1572078117083984,2.1602573981666255,2.0723890356394393e-3,1.0454275062833918e-3,2.906726799140274e-3
0xb2df8a,haskell,181.34689046600005,174.42188153075006,189.96723735875005,9.899843842822754,3.486447318499998,12.275058738514812
0x33a02c,haskell strict,1.3881465018750987,1.3877748066250888,1.3885783142500259,5.088591203557997e-4,2.0771875006175833e-4,6.255053230321097e-4
0xfb9a99,juvix,0.27283048645662344,0.2726878397501423,0.2729199640799197,1.627155314340402e-4,1.0415285108169794e-4,2.3151283077167594e-4
0xe31a1c,juvix wasm,0.3547691689373285,0.3544933601249719,0.3549920078122,3.4340800152833677e-4,2.0301637759060015e-4,4.3890456121771504e-4
0xfdbf6f,c,0.19257457048613305,0.19255631011110885,0.1925924267361299,2.8713224083263925e-5,2.6024379729183912e-5,3.3940723701795936e-5
0xff7f00,c wasm,0.24677357621001042,0.24606279036999087,0.24803322159999275,1.3982862480049932e-3,3.4177637095401383e-4,1.8834396289290484e-3
0xcab2d6,runtime,0.2742451049233447,0.27412329024018617,0.27434694273997595,1.6371700216313224e-4,1.2099775422728694e-4,2.0665832245941792e-4
0x6a3d9a,runtime wasm,0.35531646985411197,0.354795340687474,0.35593752487500296,8.036728958620243e-4,3.618368734920708e-4,1.0559820141257895e-3
