Color,Name,Mean,MeanLB,MeanUB,Stddev,StddevLB,StddevUB
0xa6cee3,ocaml,0.4838233142291794,0.48373341631247513,0.4838667635001457,8.639947150503034e-5,3.719352365540202e-5,1.1496136012854637e-4
0x1f78b4,ocaml byte,2.5842379489375085,2.579331967124972,2.5939673163126145,9.730504044972494e-3,4.529112493401044e-5,1.1260701873928896e-2
0xb2df8a,haskell,240.99647329404166,235.53858256824992,245.78475327125005,6.4437868322644745,5.266015924583371,7.6270712070175914
0x33a02c,haskell strict,2.0547465893958474,2.052062944895681,2.0601048863127858,5.35905559379381e-3,1.1206541671526793e-5,6.193700906835827e-3
0xfb9a99,juvix,0.37206204389597514,0.37185133479166177,0.37216975583366246,2.4336517549946002e-4,2.1236925715335106e-4,2.4762423167884207e-4
0xe31a1c,juvix wasm,0.45551747870856235,0.44901630537555093,0.4586393780417476,6.143758320880089e-3,2.1346308341213434e-3,7.8040990138605985e-3
0xfdbf6f,c,0.2316778171194048,0.23123481643047702,0.232585375691671,1.030609392777752e-3,1.408067454817944e-4,1.4123498829635896e-3
0xff7f00,c wasm,0.3025315282133215,0.29905334776001835,0.30634723893331284,5.599464839412385e-3,3.0755582327786617e-3,8.231917214696962e-3
0xcab2d6,runtime,0.37399332872913266,0.37227820799989786,0.377339928187439,3.343850822217211e-3,6.729363782493215e-5,3.918945229727565e-3
0x6a3d9a,runtime wasm,0.4662545025000213,0.45819233475003784,0.47333531487498703,9.956394863568715e-3,6.058516794233626e-3,1.2144649803609766e-2
