Color,Name,Mean,MeanLB,MeanUB,Stddev,StddevLB,StddevUB
0xa6cee3,ocaml,0.27910787155001493,0.2790542287999885,0.27920007220007087,1.068702223058361e-4,2.067221868383212e-5,1.3985062165775396e-4
0x1f78b4,ocaml byte,0.9967491056041572,0.9917915741666169,1.0063456943125146,9.707876063487515e-3,2.5908150007580844e-4,1.1448928439919692e-2
0xb2df8a,haskell,19.0342529207709,18.89910509543762,19.123533423354196,0.15185338380487023,7.095921238946708e-2,0.20618448879940693
0x33a02c,haskell strict,0.5835353923958356,0.5834886498124945,0.5835988777500347,7.904311258148845e-5,3.24074583107839e-5,1.0794737229844254e-4
0xfb9a99,juvix,0.2787373194033247,0.2786706368566562,0.2788370413199891,1.2028127447467974e-4,4.9524660296918144e-5,1.6178086719443528e-4
0xe31a1c,juvix wasm,0.3199811038233156,0.3197514214800049,0.3202443341832577,3.806835762717235e-4,2.8163456564216354e-4,5.431171966187812e-4
0xfdbf6f,c,0.1550682632697326,0.15495662969999233,0.15512512874423282,1.3252387373628735e-4,4.1099553370263736e-5,1.9088010310248747e-4
0xff7f00,c wasm,0.1964942370416957,0.19639609691667045,0.1966527236667275,1.9673146973217008e-4,1.032599987913285e-4,2.8552319722656395e-4
0xcab2d6,runtime,0.2786847768833172,0.2785933646333297,0.2787920488499708,1.4725295430904076e-4,8.313793664065136e-5,2.0336664699629594e-4
0x6a3d9a,runtime wasm,0.31984613181002264,0.3196283949700182,0.3202640235000217,4.462236123334045e-4,7.108650164850197e-5,5.782499020041415e-4
