Color,Name,Mean,MeanLB,MeanUB,Stddev,StddevLB,StddevUB
0xa6cee3,ocaml,0.33372308481248564,0.3336725936249726,0.3337735759999987,7.156505470839329e-5,2.9370850328215093e-5,9.626507451744597e-5
0x1f78b4,ocaml byte,1.5250786508959209,1.5224404155417233,1.526671608312654,3.1509243910459958e-3,2.5483693843823445e-3,3.678777573433733e-3
0xb2df8a,haskell,153.43436379949992,145.47766610324982,158.23472939674997,9.389630481106453,7.856477561009253,11.085969479123788
0x33a02c,haskell strict,1.0417168760832851,1.0416236894999997,1.0418089811248592,1.21680997750408e-4,6.506604567444071e-5,1.4949417120174128e-4
0xfb9a99,juvix,0.36378929762499485,0.3637364169999652,0.3638421782500245,8.559207209800625e-5,2.585489959817252e-5,1.1438232594033759e-4
0xe31a1c,juvix wasm,0.46600229716653985,0.4622862916246504,0.4689652536249582,4.811552708077466e-3,3.132340051783951e-3,6.500626570125702e-3
0xfdbf6f,c,0.18670375386679502,0.18660558606665692,0.18687404658365067,2.0889346738724212e-4,5.6570105948890376e-5,2.905428871390821e-4
0xff7f00,c wasm,0.3026474060101069,0.30188637935011686,0.30390890108003077,1.4511072410000698e-3,2.882845113146423e-4,1.9243594747369542e-3
0xcab2d6,runtime,0.36379202000002425,0.36372314850007115,0.3638455617499403,8.552511444292201e-5,5.9569674092392994e-5,1.1070864608341375e-4
0x6a3d9a,runtime wasm,0.46304764754161926,0.46234406124995076,0.46375123383328776,1.210361690096304e-3,3.650502377422072e-4,1.6206424128357368e-3
