Color,Name,Mean,MeanLB,MeanUB,Stddev,StddevLB,StddevUB
0xa6cee3,ocaml,0.27926916160334103,0.2792129859600072,0.27935921548335807,1.0123886958540457e-4,3.464642068418019e-5,1.3208376078509935e-4
0x1f78b4,ocaml byte,0.987537989916684,0.9855160035416569,0.989723434375037,2.9660682334562405e-3,1.4582573413440974e-3,3.91527227170401e-3
0xb2df8a,haskell,19.397821463291688,19.323708468666677,19.50278796837506,0.12702575329772126,4.371670251857329e-2,0.17115662958879801
0x33a02c,haskell strict,0.5835669936041891,0.5834935654583451,0.5836428786666753,1.0536409845126785e-4,5.710777490608368e-5,1.4555077263971814e-4
0xfb9a99,juvix,0.2788884818800117,0.27884281860000326,0.2789759532399853,9.754492450735511e-5,4.423255513007483e-5,1.221220295808809e-4
0xe31a1c,juvix wasm,0.32030825987337647,0.32021051450674654,0.3203811367000412,1.258913152262083e-4,9.11652113751603e-5,1.6562281159814566e-4
0xfdbf6f,c,0.15524611324425064,0.15519425553605143,0.15532514307765638,1.1073616639113368e-4,6.48128952098074e-5,1.6080724142368642e-4
0xff7f00,c wasm,0.19696314425833192,0.19687367704167338,0.19706552968051796,1.5540521230636325e-4,1.0333992807668002e-4,2.1376979024770995e-4
0xcab2d6,runtime,0.2788724009800315,0.278803327039991,0.2789869027001108,1.3044802515882028e-4,3.8359656157373705e-5,1.7269349455670965e-4
0x6a3d9a,runtime wasm,0.321090888343352,0.3204991173700159,0.322245700550036,1.2685375833611815e-3,7.693813549823581e-5,1.6206315548647988e-3
