Color,Name,Mean,MeanLB,MeanUB,Stddev,StddevLB,StddevUB
0xa6cee3,ocaml,0.40385494893748347,0.4037900563124879,0.40388612643749866,6.146566464982031e-5,1.4886375026890164e-5,7.786174593289011e-5
0x1f78b4,ocaml byte,2.1593762192916963,2.1582678370000394,2.1600884493750243,1.2184983426304402e-3,6.029554674018611e-4,1.6448249213372056e-3
0xb2df8a,haskell,217.03766422997916,213.24564996433332,223.59904398122916,6.598108328184125,0.7187305506435644,8.209623280455949
0x33a02c,haskell strict,1.389485314291619,1.3890540533749345,1.3901409654167765,7.17560811805053e-4,2.0591241650436132e-4,9.159610059893956e-4
0xfb9a99,juvix,0.31465461307990455,0.3138520405599835,0.31624003815992185,1.7653893485754081e-3,3.209410922405654e-5,2.180523582133432e-3
0xe31a1c,juvix wasm,0.35613613849985387,0.35541409699991766,0.3565330562495319,8.346576017337012e-4,7.314349256161189e-4,8.614060239497552e-4
0xfdbf6f,c,0.19040961624428088,0.19033857204423787,0.19054756416648566,1.6242914946065613e-4,2.831385515380882e-5,2.2618001179922084e-4
0xff7f00,c wasm,0.2460176775833376,0.2458030182331883,0.2461497598999995,2.567386658423867e-4,1.1498565123746254e-4,3.4731190831879837e-4
0xcab2d6,runtime,0.3099480859934738,0.30984539108005266,0.3100963446336209,1.795889603088308e-4,8.2026731113961e-5,2.579900319713031e-4
0x6a3d9a,runtime wasm,0.356043557979054,0.35569344733327546,0.35639366862483257,5.575145800561272e-4,1.7511854197866706e-4,7.484428734124929e-4
