Color,Name,Mean,MeanLB,MeanUB,Stddev,StddevLB,StddevUB
0xa6cee3,ocaml,0.33369016435417836,0.3336429580625051,0.3337190550000173,4.8224216452145925e-5,2.251065799304976e-5,6.73070613885092e-5
0x1f78b4,ocaml byte,1.513834343395838,1.5109844195000193,1.5152215122291657,2.689773598281989e-3,8.687146666565004e-4,3.293122685848159e-3
0xb2df8a,haskell,180.4042942413541,171.28083984024994,186.25611297291664,10.948083734875837,7.777340982517082,13.514196479666087
0x33a02c,haskell strict,0.8485341619791219,0.8480759355624059,0.8488592004791448,5.339001242741266e-4,2.825994990945903e-4,7.506442619407527e-4
0xfb9a99,juvix,0.3127380443166764,0.3123332074166789,0.313542148066687,8.765529472019347e-4,5.227489668376906e-5,1.1036653412327883e-3
0xe31a1c,juvix wasm,0.44261897314569865,0.44238536529161365,0.4427626405624494,2.758199386023007e-4,2.3704717443005408e-4,3.1711637113619485e-4
0xfdbf6f,c,0.18662012648048731,0.18658065459716985,0.1866664395776676,6.990665249997064e-5,5.390545827633325e-5,9.468738621435787e-5
0xff7f00,c wasm,0.3053300766399601,0.3051606307999464,0.3055549376199481,3.060015775605008e-4,2.337342893571828e-4,3.91668568411312e-4
0xcab2d6,runtime,0.3156480700199685,0.31530082549988947,0.3158634242200075,4.187727840096642e-4,2.2199965952985162e-4,5.626281272475866e-4
0x6a3d9a,runtime wasm,0.44269152681256213,0.4424133949999411,0.443202852812675,5.262453531005103e-4,6.928737504571791e-5,6.343936306837854e-4
