Color,Name,Mean,MeanLB,MeanUB,Stddev,StddevLB,StddevUB
0xa6cee3,ocaml,0.2790186979566511,0.2789598603700119,0.27912333158995584,1.1600354100949599e-4,2.048950668318498e-5,1.5117976854507484e-4
0x1f78b4,ocaml byte,0.9938599782291391,0.9918429018125181,0.9975407712499873,3.769524674343734e-3,4.8161070726941745e-4,4.5577125290870366e-3
0xb2df8a,haskell,17.347436327312494,17.17034083687497,17.49748441443751,0.22426613331699877,0.12853018293842933,0.2925220045716817
0x33a02c,haskell strict,0.5746976654166881,0.5746154052916334,0.5747430820417302,7.998968665892737e-5,4.114758336487556e-5,1.0488520277494904e-4
0xfb9a99,juvix,0.27876561148666196,0.2787259551533119,0.2788391345000264,8.185626794028793e-5,2.1607896895707007e-5,1.0750786663417698e-4
0xe31a1c,juvix wasm,0.31676279798666657,0.3165759945200534,0.3169655298199586,2.8413234377808996e-4,1.69871563479929e-4,3.7560709610353255e-4
0xfdbf6f,c,0.1550505186254993,0.15503307546835002,0.1550632619948991,2.6012841204070056e-5,1.8083290081445375e-5,3.6958668799508275e-5
0xff7f00,c wasm,0.19332662740831982,0.1932481683333486,0.19338976202497518,1.1005774342650432e-4,7.424243876005697e-5,1.490279591258732e-4
0xcab2d6,runtime,0.2787118635933939,0.278646034160015,0.2788426105601093,1.42872697111299e-4,3.278192514541016e-6,1.788949923192072e-4
0x6a3d9a,runtime wasm,0.31680293311998337,0.31672115299996906,0.3168686025600103,1.1337001216646767e-4,8.501359426355817e-5,1.4759424985241555e-4
