Color,Name,Mean,MeanLB,MeanUB,Stddev,StddevLB,StddevUB
0xa6cee3,ocaml,0.27894588348668325,0.27891183732001085,0.2789993536666998,6.361172332942497e-5,1.7271562167214206e-5,8.558034164759711e-5
0x1f78b4,ocaml byte,1.0030648548958159,0.9912951478958311,1.0151366787499683,1.5994875858425402e-2,6.975671124962446e-3,1.98238718036676e-2
0xb2df8a,haskell,17.362227167500027,17.28313295800003,17.441321377000023,0.11198431770218287,6.841862345041895e-2,0.15602502006238111
0x33a02c,haskell strict,0.5744104569583305,0.5743821139999952,0.574430563749992,3.4084531208597964e-5,2.050975950932587e-5,4.700458727087858e-5
0xfb9a99,juvix,0.2786459000533341,0.27857142565330834,0.27869764760000637,9.017284483855997e-5,5.859233382298002e-5,1.3021008364741692e-4
0xe31a1c,juvix wasm,0.3168982178933523,0.31679857716001153,0.3169738801866667,1.3396118401605891e-4,1.0463377453616368e-4,1.7154049747785107e-4
0xfdbf6f,c,0.155026017123133,0.1549984708136067,0.15506365206123615,5.2563031314260644e-5,3.035536700381879e-5,7.370004594507536e-5
0xff7f00,c wasm,0.19332098302499093,0.19320895049444353,0.1934535546360839,1.95166497237515e-4,1.63895588726844e-4,2.380962873845006e-4
0xcab2d6,runtime,0.2790407726399841,0.27862031189998027,0.2798766540199926,9.191546068123789e-4,3.2545074976591485e-5,1.1469243420111003e-3
0x6a3d9a,runtime wasm,0.3167731025733527,0.3166471527666924,0.3168617084733395,1.6695196795261724e-4,1.0655601288849904e-4,2.1785625214074925e-4
