Color,Name,Mean,MeanLB,MeanUB,Stddev,StddevLB,StddevUB
0xa6cee3,ocaml,0.4632691851667137,0.4580293557499999,0.46682953500004487,6.64661794600587e-3,3.5085773583369002e-3,8.22227573873187e-3
0x1f78b4,ocaml byte,2.704412592583329,2.6947432772500406,2.7140819079166176,1.573552979317032e-2,6.039356835296163e-3,2.1520665658460197e-2
0xb2df8a,haskell,237.7034209118958,230.2168664765833,244.10572334506247,10.227366422277935,6.968663672169651,13.572317400865396
0x33a02c,haskell strict,1.4457957847290384,1.4357184004165144,1.4640679080624182,1.879897320844755e-2,1.2757977365174741e-3,2.3272722182251983e-2
0xfb9a99,juvix,0.2921902039000179,0.2885545947000082,0.29658233770001063,6.1143592399607715e-3,3.732564297684464e-3,8.512195702160111e-3
0xe31a1c,juvix wasm,0.3832065512084076,0.37521595512509975,0.38728111225009343,7.839147968980971e-3,3.5934256637245796e-3,1.0754137572178e-2
0xfdbf6f,c,0.20245373829169844,0.2004793202500423,0.20381528474998353,2.7486005059611544e-3,1.6154964290307394e-3,3.8857399765284202e-3
0xff7f00,c wasm,0.2707672918299886,0.26148090169999705,0.29495347126995514,1.940104052499946e-2,4.8821365185330885e-3,2.5228321221338872e-2
0xcab2d6,runtime,0.28273874256010456,0.2801616100801766,0.28509815965999225,3.782177796339963e-3,2.680740851629479e-3,5.023434423518366e-3
0x6a3d9a,runtime wasm,0.38014482814588746,0.37513623443754796,0.38552573320851025,7.067966521946037e-3,2.3748049028576674e-3,9.48379406364606e-3
