Color,Name,Mean,MeanLB,MeanUB,Stddev,StddevLB,StddevUB
0xa6cee3,ocaml,0.3139143906867836,0.31381090782672494,0.3140097680667774,1.4935241001967162e-4,8.857699095502102e-5,1.9558461636134933e-4
0x1f78b4,ocaml byte,3.006241273354116,2.9390719054583387,3.0466359849166715,7.956751545678868e-2,6.355949784942472e-2,9.328759037791502e-2
0xb2df8a,haskell,0.4002723428126842,0.3935080065004968,0.41187506206250646,1.2546513002743892e-2,3.3213571249461893e-3,1.5315933292546265e-2
0x33a02c,haskell strict,0.39450877239573856,0.39193012999987786,0.399500443937427,5.0500007559361884e-3,1.1975370438203903e-4,5.955119525575821e-3
0xfb9a99,juvix,0.2812947040165091,0.2812013606832989,0.2813778396997805,1.3248879802124123e-4,9.036795337225556e-5,1.9611680843135873e-4
0xe31a1c,juvix wasm,0.317960350929928,0.3178784386598818,0.31802005445000153,1.1283918217847124e-4,7.80211671424706e-5,1.6068139581567245e-4
0xcab2d6,runtime,0.2819424079933075,0.28175712718658663,0.28228930810009845,3.69246765436036e-4,5.504714242561147e-5,4.7971640398955127e-4
0x6a3d9a,runtime wasm,0.7210980062709117,0.7210219390416721,0.7211642201876884,9.672723779368303e-5,4.961382555577618e-5,1.2605591555622084e-4
