Color,Name,Mean,MeanLB,MeanUB,Stddev,StddevLB,StddevUB
0xa6cee3,ocaml,0.3141204521901212,0.31394962948020594,0.3143804220900105,3.081862570060315e-4,1.4001403623399868e-4,4.084316408689441e-4
0x1f78b4,ocaml byte,2.6824027409583473,2.382706495999969,2.829426926750102,0.2916920461993603,2.4680041583375667e-2,0.36030844405545287
0xb2df8a,haskell,0.42151837102066264,0.42149211924993324,0.42154146831239814,3.4196051461232745e-5,1.8355327495218376e-5,4.6627817995322776e-5
0x33a02c,haskell strict,0.4215753255626093,0.4215130678751772,0.4216447285001929,8.630013046914738e-5,3.9198793626157115e-5,1.0839520377836322e-4
0xfb9a99,juvix,0.2816426889565961,0.28151032387997477,0.28177505403321745,2.0930377968021239e-4,1.3888510738364117e-4,3.102173493565067e-4
0xe31a1c,juvix wasm,0.3179562784033897,0.3178506061000917,0.3180757410566639,1.6457284507114794e-4,1.3886433805032752e-4,2.1350970190979907e-4
0xcab2d6,runtime,0.28326339891999247,0.2820399748001061,0.2857015099198179,2.640788437717201e-3,5.192265247915082e-4,3.342516289637777e-3
0x6a3d9a,runtime wasm,0.7536449512918656,0.7215496120006719,0.8153846790003172,6.2044400951686035e-2,3.6417436369938494e-4,7.241681328476963e-2
