Color,Name,Mean,MeanLB,MeanUB,Stddev,StddevLB,StddevUB
0xa6cee3,ocaml,0.49696480058336573,0.4964590114998373,0.4979281757504168,9.824736312914664e-4,9.238049983650853e-5,1.1657462453432575e-3
0x1f78b4,ocaml byte,3.6937171525415806,3.6799073846249257,3.7030617766665728,1.5369119072246876e-2,8.605563129987899e-3,2.1580485016160358e-2
0xb2df8a,haskell,2.039974144895647,2.032483815812384,2.0474340588125415,9.555276925882724e-3,5.039131589179444e-3,1.1528136711360226e-2
0x33a02c,haskell strict,2.0182365083333025,2.0087685375001456,2.0252579137500106,1.2031699663696722e-2,7.302393991639551e-3,1.591140218236475e-2
0xfb9a99,juvix,0.45402025708297816,0.45205937099945004,0.4556098112498148,2.416859820083127e-3,1.4697175515558678e-3,3.05050424054089e-3
0xe31a1c,juvix wasm,0.7554731947917995,0.7466058157497173,0.7649026535007124,1.2918052034295621e-2,6.05626289618307e-3,1.7869317612590974e-2
0xcab2d6,runtime,0.5065237230418992,0.5037474826254993,0.5079034449584394,2.621054018619627e-3,7.742625834150085e-4,3.20584364353068e-3
0x6a3d9a,runtime wasm,1.452818015937434,1.4435322519996894,1.4607899203751156,1.1328070602106072e-2,8.029643942120083e-3,1.4351887595904408e-2
