Color,Name,Mean,MeanLB,MeanUB,Stddev,StddevLB,StddevUB
0xa6cee3,ocaml,0.3139416936400206,0.3138319250400188,0.3140327535399229,1.4972439270864556e-4,1.1849586610473415e-4,1.8681775754667628e-4
0x1f78b4,ocaml byte,2.9037200347292846,2.810015361583358,2.9693928052292713,0.11000929378785221,9.386734319923713e-2,0.12375332138833951
0xb2df8a,haskell,0.42249938152072747,0.422077748333398,0.4226917154581618,4.025843667388464e-4,1.6398569506116423e-4,5.295439346077089e-4
0x33a02c,haskell strict,0.4217521470832253,0.42074224949976724,0.4222507876665986,9.526830724072469e-4,2.9934016652077844e-4,1.1806974664959218e-3
0xfb9a99,juvix,0.28131826643656493,0.2811895465032558,0.2815512775698971,2.49991272652519e-4,6.241617599439666e-5,3.35544842427763e-4
0xe31a1c,juvix wasm,0.3180200737000056,0.3179152064000573,0.3181510607998158,1.7661632478244347e-4,1.4269152289938597e-4,2.1091508544838445e-4
0xcab2d6,runtime,0.283216686733349,0.28195758979995844,0.2845104745333811,1.8767160128017255e-3,1.2622813549025937e-3,2.327854280593868e-3
0x6a3d9a,runtime wasm,0.7218299531666427,0.7209363580000172,0.7225049458333122,1.1628055678704339e-3,6.610402338927541e-4,1.558828791210661e-3
