Color,Name,Mean,MeanLB,MeanUB,Stddev,StddevLB,StddevUB
0xa6cee3,ocaml,0.3109915965866154,0.30939285670660566,0.31234971079984464,2.0831818683069974e-3,1.6265044122012692e-3,2.7407491244730597e-3
0x1f78b4,ocaml byte,2.8665449291249843,2.729337937500077,2.941937585249889,0.1448081743469909,5.871228792557889e-2,0.19844114271808008
0xb2df8a,haskell,0.4153750351666948,0.41276353324997217,0.42002553800006126,4.729382187224557e-3,5.150918333735321e-4,5.898424547031245e-3
0x33a02c,haskell strict,0.402125586333284,0.39417167437477474,0.4071744199167142,8.371599725064648e-3,4.440535489777969e-3,1.1791182689908964e-2
0xfb9a99,juvix,0.2720946523268837,0.27065104474677054,0.2731762632667293,2.002187007725366e-3,1.3417207330821384e-3,2.794633412474808e-3
0xe31a1c,juvix wasm,0.3109308281767456,0.30872297466004966,0.312653986240075,2.9737852693426203e-3,2.3200965126610883e-3,3.923197557976523e-3
0xcab2d6,runtime,0.2745506951266452,0.2714571839997916,0.27648199952675895,3.629962898205837e-3,1.6216262770280166e-3,5.289094926756368e-3
0x6a3d9a,runtime wasm,0.7051360878749051,0.6993449573747625,0.7084681238749795,5.745106656297261e-3,3.687686876414588e-3,7.69500752636984e-3
