Color,Name,Mean,MeanLB,MeanUB,Stddev,StddevLB,StddevUB
0xa6cee3,ocaml,0.3152781675232139,0.31515862458995797,0.31538081412986685,1.6022844638878097e-4,1.0648850141769797e-4,2.4098724459050506e-4
0x1f78b4,ocaml byte,2.900983905020894,2.776749738874969,2.986013692020947,0.1533825366429116,9.612791714481392e-2,0.1963678816544689
0xb2df8a,haskell,0.41063633793747084,0.3994471602500577,0.41922164299997655,1.3595804334953398e-2,6.495605268283967e-3,1.896137160433621e-2
0x33a02c,haskell strict,0.4100716970626574,0.40087631512502264,0.4161609380626601,1.125717800260737e-2,7.537640273081444e-3,1.4062499722048262e-2
0xfb9a99,juvix,0.5844611042708342,0.5842528433124698,0.5847859671874858,3.804061044739253e-4,1.4721549973728543e-4,4.7053618732630553e-4
0xe31a1c,juvix wasm,1.348561328437711,1.3474738608129542,1.349148234437564,1.0798299177199949e-3,6.621976345277291e-4,1.3554013480168111e-3
0xcab2d6,runtime,0.28296972942349685,0.282885285963442,0.28311801250029023,1.6729822268982458e-4,3.324891970429153e-5,2.2200786732815564e-4
0x6a3d9a,runtime wasm,0.7411900970001094,0.7260448960000758,0.7564422460000817,2.2333273358056443e-2,6.735968000005699e-3,2.744530344730521e-2
