Color,Name,Mean,MeanLB,MeanUB,Stddev,StddevLB,StddevUB
0xa6cee3,ocaml,0.31372438618332127,0.31363331376660425,0.31382277073344084,1.399646941389257e-4,1.160418362716025e-4,1.6082229751022061e-4
0x1f78b4,ocaml byte,2.760538178916628,2.5546171424998647,2.8677504503333084,0.1968527556480553,9.657757332315803e-2,0.24759613505140668
0xb2df8a,haskell,0.43232450287505725,0.4253950340000756,0.44007795675012557,9.390203990450983e-3,4.166941249991396e-3,1.1442988100941676e-2
0x33a02c,haskell strict,0.4296998634583815,0.42734383774995877,0.43205588916680426,3.5257737296970786e-3,1.5710312550183312e-3,4.817062504088967e-3
0xfb9a99,juvix,0.2809806593333936,0.28093591156681824,0.281015125233292,6.220793432617915e-5,3.809628457966233e-5,9.255981749304375e-5
0xe31a1c,juvix wasm,0.3183888584832918,0.3182569348333224,0.3184594753667018,1.3898563512666545e-4,3.997418484982125e-5,1.877372377927208e-4
0xcab2d6,runtime,0.28208849775673117,0.2818794172401249,0.2822420902500653,2.718083637248133e-4,2.1397230942560134e-4,3.351177022594102e-4
0x6a3d9a,runtime wasm,0.7284705565833368,0.7219183878747799,0.7395752544584487,1.1794572305765947e-2,2.6540770832828575e-3,1.4613816979157571e-2
