Color,Name,Mean,MeanLB,MeanUB,Stddev,StddevLB,StddevUB
0xa6cee3,ocaml,0.3141816322466881,0.31408419654674313,0.31433322017993304,1.8332375305376295e-4,9.678477372012668e-5,2.668386538308549e-4
0x1f78b4,ocaml byte,2.8824322889583414,2.808209947750015,2.9263195084583344,8.744151013370602e-2,7.00559627368249e-2,0.1013531919692208
0xb2df8a,haskell,0.4316650790626113,0.4316121965000548,0.4317092258126536,7.356976668468914e-5,4.165017841254552e-5,1.0195255208301421e-4
0x33a02c,haskell strict,0.43163733210402216,0.4316242448332256,0.43165041937481874,2.135993842369261e-5,1.1043197406368759e-5,3.003164396425875e-5
0xfb9a99,juvix,0.2814120711699707,0.28128120966995085,0.28148429901990313,1.4733461197988443e-4,5.59792537849416e-5,2.0341041979570192e-4
0xe31a1c,juvix wasm,0.31786100187993116,0.3177730021999802,0.3179504930798551,1.3498880429587564e-4,1.0631426164494619e-4,1.756102585389158e-4
0xcab2d6,runtime,0.28209576108994955,0.28187300035995577,0.2822336575897862,2.480417852773159e-4,1.5104142266545004e-4,3.3147482818549805e-4
0x6a3d9a,runtime wasm,0.7249491019790829,0.7209383614999751,0.7325136762499369,7.667230998125874e-3,2.0612749995052582e-4,9.069358472571875e-3
