Color,Name,Mean,MeanLB,MeanUB,Stddev,StddevLB,StddevUB
0xa6cee3,ocaml,0.3144166361199586,0.31422306260001276,0.3146102096399045,3.0476977268465366e-4,2.297105134862163e-4,3.9376377162025737e-4
0x1f78b4,ocaml byte,2.999783541145765,2.952230898583442,3.0638958272497803,8.967305044497847e-2,3.311928708338496e-2,0.10981276564135053
0xb2df8a,haskell,0.417888564208378,0.40766538237488703,0.42297567412509807,9.64960219556234e-3,3.814383749954686e-3,1.180498433462279e-2
0x33a02c,haskell strict,0.4182129763126265,0.4115956031249274,0.4224424900627355,8.089162236557815e-3,4.92071737517108e-3,9.600213762663035e-3
0xfb9a99,juvix,0.28185789212998014,0.2817524242899769,0.2819625597298727,1.6037779812035647e-4,1.0458605398242707e-4,2.1276611369228665e-4
0xe31a1c,juvix wasm,0.3190143490133202,0.3188937251131726,0.31921370960021705,2.3769660444001128e-4,5.1215218050177215e-5,3.118575526143379e-4
0xcab2d6,runtime,0.30911271579985017,0.28295451019987017,0.36120475459983936,5.774031078597359e-2,1.4847849501783625e-3,7.130872140645042e-2
0x6a3d9a,runtime wasm,0.7223403289375673,0.7220566281248846,0.72262402975025,4.516809308888095e-4,2.5004500951953654e-4,6.367743345027689e-4
