Color,Name,Mean,MeanLB,MeanUB,Stddev,StddevLB,StddevUB
0xa6cee3,ocaml,0.31452019215326193,0.31413559470666463,0.3149571789198672,5.78296581294827e-4,4.6156977762141214e-4,7.109033481760407e-4
0x1f78b4,ocaml byte,2.928878342354191,2.8401372869375905,2.9894028952291856,0.10052144201538178,5.4450079914099524e-2,0.13977546757983972
0xb2df8a,haskell,0.4121341865417018,0.4044032943332544,0.4175801746251864,9.585175254539696e-3,6.337206646364176e-3,1.2416887198909137e-2
0x33a02c,haskell strict,0.41625267747908384,0.4114490177917863,0.4194280731038778,6.057528504772024e-3,3.0763164582291724e-3,7.3332620750334206e-3
0xfb9a99,juvix,0.28062564264334167,0.2803692854167214,0.28098319230994095,4.469899482477201e-4,2.4147558401562904e-4,5.90104078949311e-4
0xe31a1c,juvix wasm,0.31842976497660247,0.3181049492766336,0.31880808661647586,5.004988898563796e-4,3.121098508536354e-4,6.51076817998369e-4
0xcab2d6,runtime,0.2828844422235003,0.2816555262533863,0.28531701653370567,2.667209281594351e-3,1.767765487693542e-4,3.3348266646902784e-3
0x6a3d9a,runtime wasm,0.7220533402916848,0.7210231588750275,0.7238533962499787,1.9047525995224447e-3,2.064202499241219e-4,2.3791020728847374e-3
