Color,Name,Mean,MeanLB,MeanUB,Stddev,StddevLB,StddevUB
0xa6cee3,ocaml,0.3138925335565182,0.313653658836738,0.31417255244959963,3.797823716292735e-4,3.1267600491481764e-4,4.47758424613102e-4
0x1f78b4,ocaml byte,2.6069230487708146,2.466744564999999,2.7491322596248438,0.19819213127710708,8.494185483900481e-2,0.266033152089357
0xb2df8a,haskell,0.4246929956041375,0.42308641499994337,0.42723837206250437,2.6916121019810424e-3,6.565948653289972e-4,3.481245887140968e-3
0x33a02c,haskell strict,0.42279290427084487,0.4205928378750059,0.4247358731041876,3.2007950936469103e-3,1.9552393136674524e-3,4.487094315829852e-3
0xfb9a99,juvix,0.281183784323351,0.2810020935400644,0.28129432927999004,2.1362066748899588e-4,1.4262781701375753e-4,2.734204989469448e-4
0xe31a1c,juvix wasm,0.31835832503327766,0.31820005876666985,0.31865534043317895,3.2281747828275144e-4,5.147397833554817e-5,4.210192919192848e-4
0xcab2d6,runtime,0.28307929422996797,0.2817953887600015,0.2856326062299013,2.7802157656440793e-3,1.70735317160504e-4,3.4997438850193205e-3
0x6a3d9a,runtime wasm,0.722629774979282,0.7212624341668743,0.7249727334375393,2.5099159331201746e-3,2.997194601764082e-4,3.014104301581103e-3
