Color,Name,Mean,MeanLB,MeanUB,Stddev,StddevLB,StddevUB
0xa6cee3,ocaml,0.31452046529678535,0.31435869836004715,0.31471289270011765,2.6794226783425864e-4,1.9395585390172436e-4,3.435473808042116e-4
0x1f78b4,ocaml byte,2.679727082499975,2.568258144750037,2.791196020249913,0.17325534711546042,4.14209405327601e-2,0.22877252922848224
0xb2df8a,haskell,0.4252884960416168,0.423005869374947,0.4265192449582855,2.3771766888301504e-3,1.9888088102931263e-3,2.84229287337416e-3
0x33a02c,haskell strict,0.4247042499998959,0.4228945873750263,0.42692562437486004,2.769886885528324e-3,1.154913069673517e-3,3.6098412779114737e-3
0xfb9a99,juvix,0.2814588721266379,0.2813262369598669,0.2815471758600233,1.730555578913915e-4,1.4364608312376757e-4,2.016886990767345e-4
0xe31a1c,juvix wasm,0.3196479170698937,0.31947063100002804,0.3197937367497616,2.504520800319366e-4,1.7663890545169971e-4,3.5861477161664747e-4
0xcab2d6,runtime,0.2843329329900583,0.28219866209000427,0.288456246050085,4.536484651280811e-3,3.330984715252481e-4,5.763610240599653e-3
0x6a3d9a,runtime wasm,0.7248322720832144,0.7225721337498499,0.7286604219999617,3.938451752547497e-3,3.67564852874736e-4,4.755135654971988e-3
