Color,Name,Mean,MeanLB,MeanUB,Stddev,StddevLB,StddevUB
0xa6cee3,ocaml,0.353815249687121,0.3467967124994781,0.3590847086871918,8.68328910178349e-3,5.2178660555367035e-3,1.1007606224736184e-2
0x1f78b4,ocaml byte,2.696111638646092,2.6947281643341134,2.696955451583411,1.412568949976077e-3,6.083031253183435e-4,1.9487025060271246e-3
0xb2df8a,haskell,1.0336287296459357,1.0334917868334894,1.0338670141876491,2.5369114767742244e-4,3.138741643249343e-5,3.051954988190421e-4
0x33a02c,haskell strict,1.0347599406455856,1.033546495083101,1.0371656554372066,2.364339065222723e-3,1.140268332164851e-4,2.7780953986048765e-3
0xfb9a99,juvix,0.8323844624374791,0.8310398677501023,0.8332439833751172,1.6210676636563503e-3,9.701474994774917e-4,1.984978578877862e-3
0xe31a1c,juvix wasm,1.5600907783124665,1.5522547696250513,1.5656356104998395,9.203062603736932e-3,8.021281050891685e-3,1.0528042635935847e-2
0xcab2d6,runtime,0.5871394239999669,0.587025540500008,0.5872054670000276,1.1236654892354329e-4,4.010986627829934e-5,1.5251977545264596e-4
0x6a3d9a,runtime wasm,1.2620651948961192,1.2611425330834816,1.262553666437725,8.845495642781925e-4,1.6891695670759994e-4,1.1498565701484945e-3
