Color,Name,Mean,MeanLB,MeanUB,Stddev,StddevLB,StddevUB
0xa6cee3,ocaml,0.39203687777101476,0.3888898067916292,0.39462502237552144,3.8932372815015906e-3,2.541820065259402e-3,5.02725620331361e-3
0x1f78b4,ocaml byte,2.6789884212083166,2.6766786103749496,2.682035623124932,3.6261114212951164e-3,1.2104492880133872e-3,4.701543086566404e-3
0xb2df8a,haskell,1.0343744803332509,1.0339637417500853,1.034821737500124,5.642159572614444e-4,2.6591022835501747e-4,7.076786247029442e-4
0x33a02c,haskell strict,1.034396858354114,1.0341068876666668,1.034901499604132,5.249646956184081e-4,9.175016657536617e-5,6.696586178191842e-4
0xfb9a99,juvix,0.7036768410414425,0.7035720242497518,0.7038455458748558,1.8870761719139178e-4,4.173318659442e-5,2.4206401159266536e-4
0xe31a1c,juvix wasm,0.4369736447500448,0.43666443550015777,0.43748744687491126,5.30209901922092e-4,1.769190855293967e-4,7.140881746327698e-4
0xcab2d6,runtime,0.587180682229075,0.5870637277498645,0.5872976367082856,1.4955306570417335e-4,7.784087976564295e-5,1.904397082103167e-4
0x6a3d9a,runtime wasm,1.100423619125138,1.0993448697500412,1.1021636867506004,1.8603072948105e-3,6.491086735958241e-4,2.468173556003065e-3
