Color,Name,Mean,MeanLB,MeanUB,Stddev,StddevLB,StddevUB
0xa6cee3,ocaml,0.314609770159841,0.31437394568005406,0.3148644663997402,3.859927740627785e-4,2.520913862525368e-4,5.094428847675525e-4
0x1f78b4,ocaml byte,2.860102883520843,2.7433650361251694,2.9219013834999714,0.11470535163274485,6.235730924981908e-2,0.14271752239385957
0xb2df8a,haskell,0.419151288437547,0.41863071300008414,0.4194172838749637,5.078796084932283e-4,1.8886508281745122e-4,6.911458627871212e-4
0x33a02c,haskell strict,0.42124735083340664,0.42106868025007316,0.4214693785002055,2.679193095844512e-4,9.21789960054991e-5,3.5896829971178066e-4
0xfb9a99,juvix,0.2819199472766195,0.2817519647699373,0.2822114276499633,3.1766260264302714e-4,8.922786286812189e-5,4.2017007055691175e-4
0xe31a1c,juvix wasm,0.3191401158399337,0.3189532165997055,0.31929695748001297,2.508885425395413e-4,1.7966379634458103e-4,3.1947353224246735e-4
0xcab2d6,runtime,0.2839433613667037,0.2825745747666709,0.28636211366674014,2.7194519394605878e-3,9.073617846921439e-4,3.524189380578687e-3
0x6a3d9a,runtime wasm,0.7224265308750736,0.721967998625189,0.7229646367500777,6.279503083431343e-4,2.53891999856648e-4,7.679418905552241e-4
