Color,Name,Mean,MeanLB,MeanUB,Stddev,StddevLB,StddevUB
0xa6cee3,ocaml,0.31367059711322326,0.3135313179001059,0.3137824548329263,1.9449144181884215e-4,1.5797686839030714e-4,2.222020079109203e-4
0x1f78b4,ocaml byte,2.7076981742500075,2.4160002464997583,2.8541920113751,0.2753005927428472,8.359436425022682e-2,0.3368303389855844
0xb2df8a,haskell,0.42096461768771104,0.417900839250251,0.42427169287520883,4.313435658158711e-3,2.231847817916493e-3,5.489859165050725e-3
0x33a02c,haskell strict,0.4256802267916366,0.4193413176249692,0.4364753315001053,1.1712926976870073e-2,2.9432779167943013e-3,1.4284068429121421e-2
0xfb9a99,juvix,0.28134514263001015,0.2811724904900802,0.2814355516799211,2.00625168703794e-4,1.6608448730557566e-4,2.392877162650914e-4
0xe31a1c,juvix wasm,0.31746681329326143,0.3172897706665633,0.3175981095198949,2.2678774003921697e-4,1.7476495874837707e-4,2.9364282672075874e-4
0xcab2d6,runtime,0.28316737822329435,0.2815888684299625,0.28624805578982887,3.3741995459862107e-3,2.8797534628645545e-4,4.253728509795825e-3
0x6a3d9a,runtime wasm,0.7278201756250269,0.7204002988750062,0.7426207426249789,1.4789887854802645e-2,7.421187821636532e-5,1.7135471355913066e-2
