Color,Name,Mean,MeanLB,MeanUB,Stddev,StddevLB,StddevUB
0xa6cee3,ocaml,0.4937253919583024,0.4915549361665702,0.49525756170911944,2.580626644730002e-3,1.9706066834552344e-3,3.1009664831905e-3
0x1f78b4,ocaml byte,3.68046068245773,3.6735285752076074,3.693313109582656,1.2680908400063706e-2,1.971098110598214e-3,1.6009015947638323e-2
0xb2df8a,haskell,1.794807497875657,1.790705960501024,1.79890903525029,8.087207062923315e-3,1.3755350058397564e-4,9.450124631780927e-3
0x33a02c,haskell strict,1.7967014888537658,1.7833927093336874,1.8067320861652358,1.600736438937503e-2,1.0870572874150984e-2,1.974441272011023e-2
0xfb9a99,juvix,0.4494649576668053,0.4455835437506721,0.4515546049997283,3.8198383500052417e-3,1.488846817544685e-3,5.226294147404033e-3
0xe31a1c,juvix wasm,0.7314994325627898,0.7287783746874084,0.73310177043777,2.6967777494327615e-3,1.357439862056888e-3,3.7004408138102897e-3
0xcab2d6,runtime,0.505901520895956,0.5046636651250083,0.5069541020006909,1.5440490442277207e-3,7.684859253866737e-4,1.9648453644213067e-3
0x6a3d9a,runtime wasm,1.40782709902093,1.3965513185003147,1.4132914345623249,1.073628327805011e-2,5.0746231984611515e-3,1.3420957292534447e-2
