Color,Name,Mean,MeanLB,MeanUB,Stddev,StddevLB,StddevUB
0xa6cee3,ocaml,0.31468002428316144,0.31450668296660295,0.31492912483299734,3.2940937506641046e-4,1.683637199307309e-4,4.4053469323562805e-4
0x1f78b4,ocaml byte,2.700698029562299,2.5613969957495706,2.7793483098124057,0.13537569986384804,6.1653378228127206e-2,0.18298489736300888
0xb2df8a,haskell,0.4315378786667073,0.4315183820832923,0.4315693101252691,3.387019816892356e-5,5.01858327575655e-6,4.306773219974423e-5
0x33a02c,haskell strict,0.43155629825008646,0.431534785249994,0.43157136262510676,2.480379837561374e-5,1.5098039003680934e-5,3.478968389257857e-5
0xfb9a99,juvix,0.28176806839330315,0.28172172285996566,0.28181854985998145,6.953114677221109e-5,3.538616253407756e-5,9.366425051794216e-5
0xe31a1c,juvix wasm,0.3182506564699876,0.3181219036499745,0.3183902394399653,2.1028645065089506e-4,1.7185645996326297e-4,2.4604176531715894e-4
0xcab2d6,runtime,0.2842884156066005,0.2824257318066642,0.2879667695397438,4.077092097753424e-3,1.283464936197732e-4,5.069432112688916e-3
0x6a3d9a,runtime wasm,0.7274674161457332,0.7208822877498733,0.733778135437376,7.619585377942881e-3,6.739029625009607e-3,8.059862152590466e-3
