Color,Name,Mean,MeanLB,MeanUB,Stddev,StddevLB,StddevUB
0xa6cee3,ocaml,0.4574918886242661,0.4478132447493408,0.46376040137420205,1.0263977701038802e-2,5.661033227835032e-3,1.4476510094376458e-2
0x1f78b4,ocaml byte,3.2097110606456076,3.188590482624477,3.2311821665623484,3.2512699004859556e-2,1.7934075382361702e-2,4.58059929516881e-2
0xb2df8a,haskell,1.5849317820207791,1.5795996470005775,1.5918769990628334,8.155445168450914e-3,2.838726249137835e-3,9.979507970418789e-3
0x33a02c,haskell strict,1.5709337529162137,1.5535821632493025,1.592482786249093,2.5891431067925113e-2,8.769430667295297e-3,3.164279440985558e-2
0xfb9a99,juvix,0.977113062063457,0.962635071501154,0.9848956975633125,1.3810728249424361e-2,5.951157077216388e-3,1.7973226803385114e-2
0xe31a1c,juvix wasm,1.7375602198753768,1.717966476499896,1.751930276501298,2.3260343294861187e-2,1.9009761750567122e-2,2.7982376029881986e-2
0xcab2d6,runtime,0.48242849977047325,0.4749073497491736,0.4859137478541319,7.148731137369021e-3,2.650947820184402e-3,9.32051628047992e-3
0x6a3d9a,runtime wasm,1.3399036155212798,1.290962859832689,1.3638732420633914,4.850168206343681e-2,2.5116006258940615e-3,5.796199023975998e-2
