Color,Name,Mean,MeanLB,MeanUB,Stddev,StddevLB,StddevUB
0xa6cee3,ocaml,0.31365015101338334,0.3134952527466764,0.3138050492800903,2.2937334100558616e-4,1.7988406612813815e-4,2.747705529497261e-4
0x1f78b4,ocaml byte,2.6414717219583395,2.4927196864999814,2.7513306173333945,0.19289423084575924,9.822069508345521e-2,0.2537082512706518
0xb2df8a,haskell,0.4100022127499301,0.3987754546249107,0.4172568228749469,1.1911775675273783e-2,6.3900773922764215e-3,1.6753804434176994e-2
0x33a02c,haskell strict,0.4149675038126854,0.40321241924997747,0.4216364110628585,1.1388893984110141e-2,4.193116309608105e-3,1.540118158435236e-2
0xfb9a99,juvix,0.2810327510499489,0.28090080989995236,0.28112223344998405,1.764507056750341e-4,1.3312037743851265e-4,2.4505764499487356e-4
0xe31a1c,juvix wasm,0.3197387675267419,0.31790707686015596,0.3233441450999635,3.948486524851902e-3,1.935182828570626e-4,4.9379312797282835e-3
0xcab2d6,runtime,0.28290436991011425,0.28166839905012847,0.28525801915020566,2.576189191858355e-3,7.041627916266131e-4,3.2990975029767015e-3
0x6a3d9a,runtime wasm,0.72114718637503,0.7206901327499509,0.7213709406250548,4.3159480076479474e-4,1.61352999687836e-4,5.387818279573248e-4
