Color,Name,Mean,MeanLB,MeanUB,Stddev,StddevLB,StddevUB
0xa6cee3,ocaml,0.41589838810424834,0.41542906495836485,0.416180214062706,5.45041768468889e-4,4.841314389413866e-4,5.997239395096732e-4
0x1f78b4,ocaml byte,3.1036709771039264,3.102441439208026,3.104567332916455,1.5027443964884114e-3,9.822328693405338e-4,1.9053115064292928e-3
0xb2df8a,haskell,1.7021648429378804,1.7021352322508392,1.7021786523751719,2.828404792711043e-5,5.439072198033779e-6,3.6491423186350234e-5
0x33a02c,haskell strict,1.7002546876039257,1.6964703633125282,1.7021445072496135,3.7760510302796207e-3,2.3635757671184622e-5,4.381579175513927e-3
0xfb9a99,juvix,0.3152405261566855,0.31447390125676977,0.316767225789863,1.6971050790376147e-3,3.2416966317048686e-5,2.0951496311006623e-3
0xe31a1c,juvix wasm,0.4841728750622754,0.48223381918717223,0.4854946062497826,2.3254538273267565e-3,1.1768431949459148e-3,3.052407427614383e-3
0xcab2d6,runtime,0.42409160675034246,0.42399222150004334,0.42424862175073486,1.703531610941426e-4,3.214339904538264e-5,2.06349103113637e-4
0x6a3d9a,runtime wasm,1.2635455858752493,1.2591642212501029,1.2708766487503453,7.628883348335271e-3,1.5247436671719933e-3,9.861523648890048e-3
