Color,Name,Mean,MeanLB,MeanUB,Stddev,StddevLB,StddevUB
0xa6cee3,ocaml,0.4687736377915523,0.46194046374967,0.47297778612482944,7.966817936126127e-3,7.093768333409883e-3,8.95012140072441e-3
0x1f78b4,ocaml byte,3.6100727185833725,3.5879416159165585,3.6322038212501866,3.442183621584009e-2,1.9029916351809558e-2,4.844088125632525e-2
0xb2df8a,haskell,2.0232772057917523,2.015167093000855,2.0346578756248164,1.2047026843629348e-2,3.953642421384114e-3,1.5936912115062037e-2
0x33a02c,haskell strict,2.0619026330612846,2.0349930853108162,2.077791053686724,2.9787599469487686e-2,1.6050000053052616e-2,4.088126208047767e-2
0xfb9a99,juvix,0.4326704428744961,0.4271441649989356,0.43641533024992896,6.225150110397191e-3,3.304140883282206e-3,8.648446937164022e-3
0xe31a1c,juvix wasm,0.6750910805417334,0.6651172630827205,0.6816348371671666,1.2228560327543969e-2,6.860121667159547e-3,1.5112158596820932e-2
0xcab2d6,runtime,0.5406460163332364,0.5347150742495614,0.5490588322500116,9.074171537606186e-3,3.116150682627215e-3,1.190043862671272e-2
0x6a3d9a,runtime wasm,1.409826283792275,1.399535810251109,1.417867904000559,1.2952955792716169e-2,7.936697560071492e-3,1.6976681362440637e-2
