Color,Name,Mean,MeanLB,MeanUB,Stddev,StddevLB,StddevUB
0xa6cee3,ocaml,0.41505215966678105,0.4147740378333159,0.4153694322503725,4.809235132729801e-4,1.5808222984534673e-4,6.422948616744992e-4
0x1f78b4,ocaml byte,3.104118503624894,3.103477172374786,3.1044653804998843,6.281916046473946e-4,1.395999997839681e-4,8.211436372334344e-4
0xb2df8a,haskell,1.6920407272497187,1.692027753499815,1.692055074499649,1.8257898791167334e-5,9.74559999040363e-6,2.3342271325059372e-5
0x33a02c,haskell strict,1.6920832524166751,1.6920396559999062,1.692126848833444,6.557257146942959e-5,2.8704923107628295e-5,9.064408841114044e-5
0xfb9a99,juvix,0.3130698671165616,0.31300688048331116,0.3131352271665188,8.956815340844303e-5,7.340990306354761e-5,9.596222440706249e-5
0xe31a1c,juvix wasm,0.47842862979158934,0.47718124870831014,0.48076947549986926,2.3171269727664252e-3,2.7451316638385515e-4,2.8807032168532243e-3
0xcab2d6,runtime,0.42472551837465744,0.4244669352499386,0.4250634946241689,3.9560189173315816e-4,1.2115846570836386e-4,5.242626225556285e-4
0x6a3d9a,runtime wasm,1.2639435820626659,1.2626435733754988,1.265290975124799,1.6927175005146471e-3,8.129959796184522e-4,2.096221128374141e-3
