Color,Name,Mean,MeanLB,MeanUB,Stddev,StddevLB,StddevUB
0xa6cee3,ocaml,0.3151002252966464,0.31481468790680084,0.3153435969498787,3.8329119375759413e-4,3.07378760101342e-4,4.683917094434316e-4
0x1f78b4,ocaml byte,2.7524849127084017,2.68241539225005,2.8509908632082293,0.1123628178702147,4.1852331554056e-2,0.1493757852650648
0xb2df8a,haskell,0.43152412018732395,0.4314973273123428,0.4315724438745292,5.081705339939937e-5,9.885874874271394e-6,6.162983154512006e-5
0x33a02c,haskell strict,0.4237372332916607,0.42151505249989896,0.4260130745834658,3.158159210505345e-3,1.2392361657964255e-4,3.8659114221558095e-3
0xfb9a99,juvix,0.2819203401366758,0.2818512836200534,0.28198874770667315,1.0982206827823211e-4,7.239152949444161e-5,1.6846754580964485e-4
0xe31a1c,juvix wasm,0.31822907536670453,0.3180191496667491,0.3185114829000213,3.818978874056867e-4,1.8901572052345278e-4,5.583631635457289e-4
0xcab2d6,runtime,0.2828244881065287,0.28272784667999984,0.28293915290630445,1.6013855892416868e-4,8.81592038845262e-5,2.4145516373046542e-4
0x6a3d9a,runtime wasm,0.7233292335415058,0.7209250124999471,0.7260444501247889,3.274958842191249e-3,1.3954836665561743e-3,3.995023682211833e-3
