Color,Name,Mean,MeanLB,MeanUB,Stddev,StddevLB,StddevUB
0xa6cee3,ocaml,0.313685261446617,0.3130740042466732,0.31487227414650987,1.2941722219476691e-3,1.1338570304728589e-4,1.649625390711431e-3
0x1f78b4,ocaml byte,2.753448361020977,2.6259195476670056,2.845244120020728,0.16125942703199408,9.71914138149274e-2,0.2119932246758898
0xb2df8a,haskell,0.43206317014571977,0.4200139777707174,0.45582445193730337,2.36610757446426e-2,6.66765983775873e-4,2.782641784490077e-2
0x33a02c,haskell strict,0.4221111781875682,0.42146689118749237,0.4227635587502239,8.459975389078097e-4,4.4426749999124104e-4,1.0446831249852535e-3
0xfb9a99,juvix,0.28034870720998695,0.2802860886599774,0.28039412124994667,8.019873417095144e-5,6.161520038013552e-5,1.0105577026457535e-4
0xe31a1c,juvix wasm,0.31674726788348073,0.3165726393001023,0.31705880133364794,3.432426789341653e-4,6.341347108355564e-5,4.513704830939529e-4
0xcab2d6,runtime,0.2813292410234377,0.2812257406401841,0.2813975415400819,1.260592398557962e-4,6.88363662012254e-5,1.8704866827625577e-4
0x6a3d9a,runtime wasm,0.7216806530831832,0.7199737221250189,0.724905182458258,3.2824070966277954e-3,2.20225750354075e-4,3.8735169659444833e-3
