Color,Name,Mean,MeanLB,MeanUB,Stddev,StddevLB,StddevUB
0xa6cee3,ocaml,0.41503224839578934,0.4149611141250489,0.41512217862498346,1.1660216678258342e-4,4.971153586395641e-5,1.6163122859262028e-4
0x1f78b4,ocaml byte,3.0961216972919297,3.0944963392500995,3.097035191500595,1.8927179446911878e-3,1.6810902744489433e-3,2.069082202972863e-3
0xb2df8a,haskell,1.5176575395624543,1.5128674766248196,1.5199793740000207,4.555569148870914e-3,9.018696250677749e-4,5.53625208838062e-3
0x33a02c,haskell strict,1.5200358220416585,1.519693366583018,1.5203649579170058,4.4837950130005274e-4,2.240566098316171e-4,5.886318863442452e-4
0xfb9a99,juvix,0.94853736902085,0.9481106341666721,0.9488889421457808,5.148096424046067e-4,2.995063334007564e-4,6.396618073028641e-4
0xe31a1c,juvix wasm,0.46127236808338995,0.46000500749983075,0.46253972866694915,2.131591299498547e-3,5.939621854068613e-4,2.834945995349325e-3
0xcab2d6,runtime,0.4466204754375364,0.4455319526875883,0.4483090397500291,1.839140315509013e-3,3.116543748546974e-4,2.3217777343730794e-3
0x6a3d9a,runtime wasm,1.2520015400625273,1.247828009875093,1.2548712857499897,4.6935306879540934e-3,2.7903359353709883e-3,6.627393780648864e-3
