Color,Name,Mean,MeanLB,MeanUB,Stddev,StddevLB,StddevUB
0xa6cee3,ocaml,0.5232845980418309,0.5221900426671103,0.5251480809999975,1.874643913004737e-3,6.280558340130305e-4,2.527767360951526e-3
0x1f78b4,ocaml byte,4.049425821999193,4.016455219248201,4.082396424750186,4.211155847925007e-2,2.152708925132174e-2,5.1285003946280314e-2
0xb2df8a,haskell,1.9866147296873653,1.9706990810006269,1.9960609128129363,1.844371242446014e-2,1.6176499841960956e-2,1.963973089054729e-2
0x33a02c,haskell strict,1.9882971614370792,1.967862262749198,1.9992531438748906,1.996790215204496e-2,5.606487334887901e-3,2.656683773350302e-2
0xfb9a99,juvix,1.2108724193537153,1.202056816248387,1.2171705442916998,1.107087971908434e-2,5.813866790379719e-3,1.4544896513341076e-2
0xe31a1c,juvix wasm,2.0969101464581095,2.0842917561249124,2.1044988838748395,1.2628635186038711e-2,5.820513131956857e-3,1.7525438361433665e-2
0xcab2d6,runtime,0.6259500198135962,0.6199041291256435,0.6319959105015489,9.957202132249002e-3,3.671075990220895e-3,1.357636126973914e-2
0x6a3d9a,runtime wasm,1.5547557003544625,1.5396755526878678,1.5655189275209977,1.8632417276604685e-2,1.2227434840735693e-2,2.4856608407792802e-2
