Color,Name,Mean,MeanLB,MeanUB,Stddev,StddevLB,StddevUB
0xa6cee3,ocaml,0.31398324272319467,0.3138736361866298,0.3141134594394316,1.8184556940628761e-4,1.4653760624449105e-4,2.0477766968028386e-4
0x1f78b4,ocaml byte,2.687240737562585,2.314773493187431,2.878618842625201,0.36137304608825904,8.727217864491199e-2,0.4737242169310824
0xb2df8a,haskell,0.4324615826873999,0.43162136249998184,0.4341120859996863,1.6597979457695282e-3,5.5149750551208854e-5,1.9404054055375858e-3
0x33a02c,haskell strict,0.43161262477068857,0.4315957369375383,0.43163345968696376,2.3906021963747232e-5,8.62716668356689e-6,2.9505629521358723e-5
0xfb9a99,juvix,0.28116886669324836,0.2810866886598523,0.2812332884932645,1.1000751602373338e-4,8.864746218931001e-5,1.3543782154456756e-4
0xe31a1c,juvix wasm,0.31778420572995253,0.3176946142600355,0.31786332259983585,1.2614096710974895e-4,9.876064611996693e-5,1.5986857537709408e-4
0xcab2d6,runtime,0.28192049981009404,0.28173566075995043,0.2822870982003224,3.916283226848806e-4,4.9867335517068815e-5,5.048331915858138e-4
0x6a3d9a,runtime wasm,0.7208717014375073,0.7202097552501149,0.7211972903749787,6.264261139188068e-4,1.5875737502329956e-4,7.767837951433014e-4
