Color,Name,Mean,MeanLB,MeanUB,Stddev,StddevLB,StddevUB
0xa6cee3,ocaml,0.3149621327134052,0.31375500803343737,0.3173158231067039,2.5643819780928685e-3,2.0589518911655943e-4,3.252864266721608e-3
0x1f78b4,ocaml byte,2.84170629383334,2.7024205063335103,2.9121645059999537,0.13633435881038275,8.888803999980155e-3,0.16596532719679397
0xb2df8a,haskell,0.4193692624998562,0.4187208862498437,0.42051140012495125,1.214515446699867e-3,2.7566199969442096e-4,1.4973608099234184e-3
0x33a02c,haskell strict,0.4186472169791197,0.4183468295833185,0.4191865001247379,5.356004856280833e-4,7.286791643915103e-5,6.744255582731129e-4
0xfb9a99,juvix,0.28131734380669815,0.28121888150674146,0.28150921273994756,2.0890980719891244e-4,3.200170807769775e-5,2.651340291451259e-4
0xe31a1c,juvix wasm,0.31889345477993325,0.31879290930002446,0.31897581767987504,1.399352468238696e-4,1.0686682560049085e-4,1.746618223582818e-4
0xcab2d6,runtime,0.28201880944342217,0.28162329336339703,0.2827019698935934,7.604592872610855e-4,2.1492489122222906e-4,9.760538360464959e-4
0x6a3d9a,runtime wasm,0.7322824697082714,0.7216408358748936,0.753188155124974,2.0910875185755788e-2,4.2246480120263635e-4,2.457580063327233e-2
