Color,Name,Mean,MeanLB,MeanUB,Stddev,StddevLB,StddevUB
0xa6cee3,ocaml,0.3151292337200357,0.3139414714001759,0.31740746289997335,2.4428079282437934e-3,8.719258505701976e-4,3.135095850468342e-3
0x1f78b4,ocaml byte,2.9329666625208497,2.770842524687623,3.028477520874958,0.16455065363104338,7.947103878079959e-2,0.2298037039446714
0xb2df8a,haskell,0.4153354052501565,0.40499305675029973,0.4217564238750053,1.2490189426621306e-2,8.395297499987464e-3,1.4828707326112184e-2
0x33a02c,haskell strict,0.4054943266875739,0.3982446865625775,0.4175732763750375,1.3092324406610407e-2,2.175459124941881e-3,1.5587858653285885e-2
0xfb9a99,juvix,0.2813688955666021,0.2810955652999837,0.28174099219988424,4.226489189480779e-4,2.5615039592062394e-4,5.266332306434941e-4
0xe31a1c,juvix wasm,0.3184048788266773,0.3176747202665865,0.31909705302681685,9.96291515738216e-4,8.515607510003867e-4,1.1803206407982822e-3
0xcab2d6,runtime,0.2841763559733348,0.28208067858005964,0.2881175935399006,4.2825384874328335e-3,3.0024023614235677e-4,5.4755567845164565e-3
0x6a3d9a,runtime wasm,0.7251314281875617,0.7210271864999716,0.7277590783124879,4.8114244197616654e-3,4.2262515236504905e-3,5.524037579049596e-3
