Color,Name,Mean,MeanLB,MeanUB,Stddev,StddevLB,StddevUB
0xa6cee3,ocaml,0.3136543517633557,0.31347267495011694,0.3138732149666491,2.980852350557637e-4,1.790382840475451e-4,3.9539486473829164e-4
0x1f78b4,ocaml byte,2.7898638087084655,2.6720067573750725,2.8933076860002984,0.14780312975978796,8.305494058351959e-2,0.20467601178391293
0xb2df8a,haskell,0.4265377333959653,0.42150495714584696,0.43587354931287337,9.277789542777366e-3,1.1613691249294789e-3,1.0993155987197583e-2
0x33a02c,haskell strict,0.430336509020871,0.4230247126668777,0.44000427599996783,1.193698879832845e-2,4.57784195205959e-3,1.633097821132724e-2
0xfb9a99,juvix,0.28123974839321514,0.2811541623999346,0.2812847764198432,9.381954198683783e-5,3.103848945991006e-5,1.2203592531241841e-4
0xe31a1c,juvix wasm,0.3174506156499077,0.3173009253999893,0.31757301179991676,1.983234672389033e-4,1.1325259602148915e-4,2.841091675824807e-4
0xcab2d6,runtime,0.2828925525267004,0.2814997628266974,0.28563833396674454,3.0555078807393697e-3,1.432903555078774e-4,3.8229024988981524e-3
0x6a3d9a,runtime wasm,0.7252191063958549,0.7204756116666431,0.7276907972083109,5.478554428831164e-3,4.7801864281880905e-3,5.571763325010484e-3
