Color,Name,Mean,MeanLB,MeanUB,Stddev,StddevLB,StddevUB
0xa6cee3,ocaml,0.49006308058324066,0.48726513808287564,0.4917318717084527,2.808741844811589e-3,1.0798214942172371e-3,3.8539080214496503e-3
0x1f78b4,ocaml byte,3.6776418154160333,3.664967261998754,3.692802800499976,2.0122748124329737e-2,8.957629825807093e-3,2.7992371694666247e-2
0xb2df8a,haskell,1.8041935431038685,1.7972238151876354,1.8159326319987485,1.2107821179110148e-2,2.125420138172917e-3,1.526520765588294e-2
0x33a02c,haskell strict,1.815411921791944,1.805565987501268,1.8210052269165924,9.675063972043964e-3,4.938310999023088e-3,1.2917184877501858e-2
0xfb9a99,juvix,1.2032899005412219,1.19947732574974,1.205851571166022,4.625151581544553e-3,2.28856972368326e-3,5.9159248992141445e-3
0xe31a1c,juvix wasm,1.9202151159380871,1.9165822160008854,1.9264747750626157,6.60718040217125e-3,1.034223499421727e-3,8.107482001843344e-3
0xcab2d6,runtime,0.533799358270926,0.530070744666773,0.5409339713121426,7.134340665305013e-3,3.033282849514412e-4,8.395817534019048e-3
0x6a3d9a,runtime wasm,1.39778966477085,1.3796059007710635,1.4174817983327255,2.4827105075605965e-2,1.1763893194494921e-2,3.1046153167520924e-2
