Color,Name,Mean,MeanLB,MeanUB,Stddev,StddevLB,StddevUB
0xa6cee3,ocaml,0.41563072058302925,0.41535828091643145,0.4158665713747496,3.2022306094152013e-4,2.723523185353065e-4,3.5887553817422397e-4
0x1f78b4,ocaml byte,3.0960710608745785,3.095509728249226,3.0970345833749207,9.990977929219458e-4,1.878449517016443e-4,1.296342169408525e-3
0xb2df8a,haskell,1.5250406047915324,1.5226852831251563,1.5276221728333135,3.270408031361584e-3,1.7663566150325789e-3,4.1568097403436016e-3
0x33a02c,haskell strict,1.523521281687825,1.522369476625272,1.5243311467505312,1.4558342935756204e-3,7.824740157281278e-4,1.8703032478427776e-3
0xfb9a99,juvix,0.9133600137084462,0.9128936980840384,0.9138868867081177,6.423900565468734e-4,2.705054994294187e-4,8.007774142163713e-4
0xe31a1c,juvix wasm,1.5579146034582056,1.5515688763746311,1.5614715081666568,7.009236594859305e-3,3.508155663180086e-3,9.727472346760456e-3
0xcab2d6,runtime,0.446368135458556,0.445918203500014,0.44721445375057556,8.601759116457754e-4,2.3114410728151545e-5,1.00954342850648e-3
0x6a3d9a,runtime wasm,1.1603028196244243,1.1595649482492263,1.1607867301246793,9.057818770384416e-4,5.079217498860089e-4,1.1175434303437259e-3
