Color,Name,Mean,MeanLB,MeanUB,Stddev,StddevLB,StddevUB
0xa6cee3,ocaml,0.315142991686674,0.3149725476333212,0.3154529924599411,3.3885504371723696e-4,6.397009999197878e-5,4.4708731501538843e-4
0x1f78b4,ocaml byte,2.93411023179173,2.7702487207500326,3.0586883006668963,0.19294185859167998,0.15642084283338886,0.22597984325253384
0xb2df8a,haskell,0.42851167666668744,0.4275306770001066,0.42895490199998676,9.44402326746804e-4,4.568823031505754e-4,1.2651971044476465e-3
0x33a02c,haskell strict,0.4152806482082383,0.40220917016631574,0.4233965269584701,1.5768006441903622e-2,1.1444466340214315e-2,1.874281912462674e-2
0xfb9a99,juvix,0.5778116986457462,0.5767018336873662,0.5786076104791391,1.3314453397579667e-3,8.008610328279486e-4,1.838079645042381e-3
0xe31a1c,juvix wasm,1.3462174510833051,1.3455674741248345,1.346776228750059,8.325410881690532e-4,5.444013690179976e-4,1.0107407507568805e-3
0xcab2d6,runtime,0.2825713366331971,0.2822700520664633,0.282872621199931,4.856498078028443e-4,2.544913405915272e-4,7.059889077182265e-4
0x6a3d9a,runtime wasm,0.7255830217915786,0.7249206533333563,0.7260608959165324,8.366024671313002e-4,5.511752132115267e-4,1.1036030187233663e-3
