Color,Name,Mean,MeanLB,MeanUB,Stddev,StddevLB,StddevUB
0xa6cee3,ocaml,0.31377249745012403,0.31366823940003086,0.31387744895027936,1.5177440309620523e-4,9.266417375958511e-5,2.0234562087951706e-4
0x1f78b4,ocaml byte,2.862841523041785,2.800518232625052,2.947371296375195,0.10591521075539646,4.202637383392191e-2,0.14157658506815338
0xb2df8a,haskell,0.4244406758333336,0.42432414537512386,0.424609162583162,2.0914916738932213e-4,9.44759998446898e-5,2.591065251717999e-4
0x33a02c,haskell strict,0.42368320618773697,0.42343774750050517,0.423910407000335,3.3738944384757486e-4,2.460506964470294e-4,4.1767712414265143e-4
0xfb9a99,juvix,0.28142949582332527,0.28132958194009916,0.2814781500899244,1.0740230478520033e-4,4.4953186752123505e-5,1.5985574944783813e-4
0xe31a1c,juvix wasm,0.3183059140434367,0.3182009609633921,0.318356739866734,1.1037283147975543e-4,1.846498418426469e-5,1.45759883399784e-4
0xcab2d6,runtime,0.2817308707866505,0.28143518443339416,0.2820516481400409,4.476942356816358e-4,2.580387134624371e-4,6.042224214993373e-4
0x6a3d9a,runtime wasm,0.7209552395833422,0.7207969627500006,0.7210593736666244,1.7131537498168224e-4,9.507881201969558e-5,2.4048736405934713e-4
