Color,Name,Mean,MeanLB,MeanUB,Stddev,StddevLB,StddevUB
0xa6cee3,ocaml,0.4154079437709394,0.4120225386662545,0.41727760464588454,3.927866931878076e-3,3.5303665504398587e-3,4.223225853722234e-3
0x1f78b4,ocaml byte,3.3262732281874228,3.2807429541248894,3.351931241812584,5.3095630567669264e-2,4.76749433216599e-2,5.9254644293432086e-2
0xb2df8a,haskell,1.5994846811248256,1.5892829544997462,1.6086428986248695,1.5173763167804413e-2,7.452212685457498e-3,2.114999735579012e-2
0x33a02c,haskell strict,1.611380065374154,1.5905383961226107,1.6229487871247934,2.022859905190735e-2,8.840914731103922e-3,2.67168184676465e-2
0xfb9a99,juvix,0.9913906426880507,0.9750850730629281,1.0011403932506557,1.629620865332539e-2,7.376068845395829e-3,2.251608444740724e-2
0xe31a1c,juvix wasm,1.677923802687322,1.6439285153746823,1.7119190899999617,5.18169929573648e-2,2.20586571812776e-2,7.077439701238714e-2
0xcab2d6,runtime,0.558481473958409,0.5537462067500201,0.5615891257086787,5.7696048679805635e-3,3.7588168915292197e-3,7.176814298263348e-3
0x6a3d9a,runtime wasm,1.1681590421255805,1.1595653590011352,1.1776441255008194,1.266869467047189e-2,6.299123267182807e-3,1.7482028740495398e-2
