Color,Name,Mean,MeanLB,MeanUB,Stddev,StddevLB,StddevUB
0xa6cee3,ocaml,0.31620232304986223,0.31602600830002,0.31647665959963583,3.2900364297383186e-4,1.121382201146162e-4,4.4565355827843255e-4
0x1f78b4,ocaml byte,2.8132807465832457,2.7041184964998592,2.922442996666632,0.16837937687028673,7.844304128219685e-2,0.2337782732649798
0xb2df8a,haskell,0.40590941720832535,0.39688137450002614,0.41940446362502826,1.4410473296376078e-2,3.4133512499465724e-3,1.7768591159227895e-2
0x33a02c,haskell strict,0.3988707300000556,0.39638622550012315,0.4001535987499665,2.8717014490979723e-3,2.5139053641006597e-3,2.9603404111506956e-3
0xfb9a99,juvix,0.5869363223750762,0.585976690875043,0.5884615127499728,1.5987295725128662e-3,3.108605001216347e-4,2.0240038482823197e-3
0xe31a1c,juvix wasm,1.3473769322082678,1.3460913031664554,1.3486625612500802,2.059892103821421e-3,4.6715716659184725e-4,2.7273371425043714e-3
0xcab2d6,runtime,0.28345559984340374,0.28322193366672466,0.28377433265009133,3.9986749802451674e-4,2.4964357228660533e-4,6.148558615710754e-4
0x6a3d9a,runtime wasm,0.7252990135000535,0.7248447708750708,0.725950052375083,7.758033226771023e-4,2.577507949620418e-4,1.0490284072447158e-3
