Color,Name,Mean,MeanLB,MeanUB,Stddev,StddevLB,StddevUB
0xa6cee3,ocaml,0.31425839630669844,0.31410538110672254,0.31453923690665153,3.1293570203338886e-4,5.2432812754560636e-5,4.1053267500035554e-4
0x1f78b4,ocaml byte,2.812753142312507,2.6486121883121996,2.9026581734377337,0.1570493453433635,6.447576275188859e-2,0.20762677568660537
0xb2df8a,haskell,0.4291218196459757,0.42401863595860806,0.43167512381256756,5.088425552241918e-3,4.172612500497053e-5,5.916739540755463e-3
0x33a02c,haskell strict,0.4282308991247419,0.4265788468748042,0.43034507874961037,2.3842450882215244e-3,7.932832500046061e-4,2.9399882368853904e-3
0xfb9a99,juvix,0.2817048439633648,0.28157764443333994,0.2819248672334955,2.4055838164895022e-4,9.14418529657339e-5,3.1794961012719767e-4
0xe31a1c,juvix wasm,0.3179251585866768,0.3178959923866205,0.31796884960012906,5.528886985110084e-5,2.5867001963855126e-5,7.987492843786206e-5
0xcab2d6,runtime,0.2820398007599215,0.2818152359199485,0.2823005667999496,3.436462830533707e-4,2.688786772444172e-4,4.2844885037626317e-4
0x6a3d9a,runtime wasm,0.7215129589581958,0.7210354309997911,0.7218806193749856,5.820182165342967e-4,3.704745833977188e-4,7.274847218812741e-4
