Color,Name,Mean,MeanLB,MeanUB,Stddev,StddevLB,StddevUB
0xa6cee3,ocaml,0.4153200948750282,0.4149726947500767,0.4156674949999797,5.770529269039198e-4,2.2939195515674017e-4,7.938664346231474e-4
0x1f78b4,ocaml byte,3.0987049565208813,3.097545113999786,3.1005125451874846,1.959441154411486e-3,5.280906252664863e-4,2.4875917697956417e-3
0xb2df8a,haskell,1.5412697833750144,1.5350073322501885,1.5475322344998403,9.258540562385665e-3,4.083379756088127e-3,1.2768033075589836e-2
0x33a02c,haskell strict,1.5317633131249597,1.5268016622500604,1.5358689892498962,6.9129694639407215e-3,3.923885638718109e-3,9.48165286375005e-3
0xfb9a99,juvix,0.9160715968331866,0.9156990197498089,0.9165718562499023,5.90050291490581e-4,1.833561711816668e-4,7.904989432090744e-4
0xe31a1c,juvix wasm,1.5645339266457086,1.561000181541658,1.566853644562343,4.281830895549108e-3,2.8594082675793167e-3,5.35715905445181e-3
0xcab2d6,runtime,0.44700031891663156,0.44669340712516714,0.44751529991632805,5.54643130528043e-4,1.1735149973901571e-4,6.741963725557016e-4
0x6a3d9a,runtime wasm,1.1630501403335909,1.1622952211248503,1.1633988025006374,7.194895718826171e-4,1.6942545802746574e-4,9.382104495285972e-4
