Color,Name,Mean,MeanLB,MeanUB,Stddev,StddevLB,StddevUB
0xa6cee3,ocaml,0.314844248530056,0.31386705667991316,0.31680503020021816,2.1298323065740083e-3,1.2146761136868538e-4,2.6733805998057966e-3
0x1f78b4,ocaml byte,2.945550078729146,2.905650332249934,2.9711744499375072,4.282686777984171e-2,2.6941498881947096e-2,5.9176950459848804e-2
0xb2df8a,haskell,0.4215510741873345,0.4215078733749351,0.4216177134994723,7.255893153114332e-5,2.7568755591064547e-5,9.640623617186325e-5
0x33a02c,haskell strict,0.4214623559791069,0.4213831369374361,0.42150000374999763,7.626346577873803e-5,9.827833461401037e-6,9.149919794988704e-5
0xfb9a99,juvix,0.2812427742433162,0.2811867897133076,0.2813183090000166,9.368161251813384e-5,4.917709768848579e-5,1.2524468130237977e-4
0xe31a1c,juvix wasm,0.3168460825798502,0.3166108744599478,0.31711086947972944,3.722192028523596e-4,2.4389489009438983e-4,4.90669858719021e-4
0xcab2d6,runtime,0.2819941354865174,0.28183334866650206,0.28215253666655066,2.449255345058261e-4,1.7210025097315668e-4,3.351003122728841e-4
0x6a3d9a,runtime wasm,0.72018881512516,0.7198246872502144,0.7204155375000786,3.7300719140070796e-4,2.0067744767730806e-4,5.235928967622799e-4
