Color,Name,Mean,MeanLB,MeanUB,Stddev,StddevLB,StddevUB
0xa6cee3,ocaml,0.3444809418540065,0.3419533747913495,0.3488186384375922,4.663502969380627e-3,1.1754493331560811e-3,5.737313078232227e-3
0x1f78b4,ocaml byte,2.6957700316455657,2.6939010687497102,2.697121592583244,2.3699175088234903e-3,1.415571255241091e-3,3.1212962847787366e-3
0xb2df8a,haskell,0.9320032902916182,0.9319400739997263,0.9320442320000666,7.365792742940827e-5,3.270054158913185e-5,9.45508255750032e-5
0x33a02c,haskell strict,0.931940222188056,0.9319342768130809,0.9319511405005869,1.0830852957177971e-5,1.6417502592958044e-6,1.3730255369324773e-5
0xfb9a99,juvix,0.4545622551249835,0.4545144468752369,0.45464775274967906,8.775497600770001e-5,1.1312749848002568e-5,1.0697318943833047e-4
0xe31a1c,juvix wasm,0.6547063818749166,0.6531043402500245,0.6556109192499662,1.5823901871495297e-3,5.228222496498347e-4,2.1307997915309507e-3
0xcab2d6,runtime,0.5725501571460351,0.572527114875129,0.5725731994169412,3.68391307203435e-5,2.02176551114354e-5,5.196715326710713e-5
0x6a3d9a,runtime wasm,1.282423600083651,1.2811167724168322,1.2832328240836735,1.557743745860221e-3,1.1491664438987347e-3,1.8688227769904802e-3
