Color,Name,Mean,MeanLB,MeanUB,Stddev,StddevLB,StddevUB
0xa6cee3,ocaml,0.31573353086983236,0.31380938599983593,0.31950831395985,4.140308026846126e-3,2.827709370465084e-4,5.2244482345215e-3
0x1f78b4,ocaml byte,2.561027368708286,2.354537006999749,2.76841188241671,0.3047368085191226,9.108140125022146e-2,0.37376227620130537
0xb2df8a,haskell,0.4288547910414877,0.4260648604996504,0.43124496074983654,3.740998481615406e-3,2.1413283615186766e-3,5.11237408781673e-3
0x33a02c,haskell strict,0.4270571241875511,0.4187320705000275,0.4328079662500386,9.791295412020725e-3,8.32224461431302e-3,1.1131333397360606e-2
0xfb9a99,juvix,0.28135943686995535,0.28120390381986005,0.2816554602200449,3.222734171123471e-4,1.2657367285308406e-5,4.106540714853994e-4
0xe31a1c,juvix wasm,0.3180388389733101,0.31777673509986926,0.3184084090000397,4.8065595451952307e-4,2.1599278219039598e-4,6.542129821339241e-4
0xcab2d6,runtime,0.2816210726468247,0.2815116598599161,0.2817548820333893,1.9055266436542205e-4,9.085459384121044e-5,2.5680516188092704e-4
0x6a3d9a,runtime wasm,0.7218656837708105,0.7206280097497029,0.7241071568960061,2.3129033655285435e-3,3.2913133319806276e-4,2.7785104336802875e-3
