Color,Name,Mean,MeanLB,MeanUB,Stddev,StddevLB,StddevUB
0xa6cee3,ocaml,0.3145406841566,0.3144238709332058,0.314769413149952,2.407105874185459e-4,8.213707441890404e-5,3.3128958979863107e-4
0x1f78b4,ocaml byte,2.841747731833285,2.7483953485000825,2.948019636125082,0.13096738138232855,5.765965421049407e-2,0.16504854221610155
0xb2df8a,haskell,0.4316387024791008,0.4315808947292605,0.43170096624976395,8.054703633733321e-5,3.988611218922233e-5,1.0219927276428402e-4
0x33a02c,haskell strict,0.4316725711249016,0.43164159174989436,0.43170355049990883,5.255326291252807e-5,1.8057750139632844e-5,7.126263250333172e-5
0xfb9a99,juvix,0.2816357625234832,0.2814901571133851,0.28178124239023417,2.3896652836969057e-4,1.545985525024044e-4,3.636279670925945e-4
0xe31a1c,juvix wasm,0.31824978395666526,0.3181738730400139,0.31832731209007764,1.16563097121565e-4,7.779937612708558e-5,1.5219856493131544e-4
0xcab2d6,runtime,0.2835558421934123,0.28217626775341464,0.28630251093339515,3.007087871704765e-3,1.4578532164956576e-4,3.766813590402523e-3
0x6a3d9a,runtime wasm,0.7214834877916209,0.7209138323749471,0.7218287954582745,5.722571722343569e-4,2.7098259257028143e-4,7.974538971828139e-4
