Color,Name,Mean,MeanLB,MeanUB,Stddev,StddevLB,StddevUB
0xa6cee3,ocaml,0.41511760754178795,0.41501861725009803,0.4151740278750822,9.831311634071777e-5,5.5916158920559714e-5,1.302971784607615e-4
0x1f78b4,ocaml byte,3.0956204321663185,3.0947334314158375,3.0961454015415106,8.817831956295058e-4,3.597482262817889e-4,1.2123648403338416e-3
0xb2df8a,haskell,1.5224084572498668,1.521101664124899,1.5230270299998665,1.2392491115552856e-3,5.028954671428089e-4,1.5893768749989231e-3
0x33a02c,haskell strict,1.5223309052086809,1.522207896167553,1.5224274497080235,1.4685475664398507e-4,1.1047435921432834e-4,1.784494407699137e-4
0xfb9a99,juvix,0.9164459192295075,0.914345104625454,0.9197341972508184,3.602155956798635e-3,6.41467624291181e-4,4.642327444670508e-3
0xe31a1c,juvix wasm,1.5623706668332413,1.5601537921666782,1.5652668542496713,3.4397017636849095e-3,1.1031558009738543e-3,4.608570929316787e-3
0xcab2d6,runtime,0.44572298083361755,0.44553235933396235,0.4458184204584465,1.8022606693182395e-4,7.677708337419653e-5,2.2040837234538462e-4
0x6a3d9a,runtime wasm,1.160132353646001,1.1591691634998824,1.1617141710628403,1.6407141932478096e-3,1.8040655434417444e-5,1.977188390852161e-3
