Color,Name,Mean,MeanLB,MeanUB,Stddev,StddevLB,StddevUB
0xa6cee3,ocaml,0.31423452979008293,0.3139254933800112,0.3145814476501073,4.5662772510398616e-4,3.7079364437591305e-4,5.476187641689225e-4
0x1f78b4,ocaml byte,2.6329195524792794,2.540276494937416,2.697667025541932,0.10617797324898148,5.657358504282479e-2,0.14952788400828235
0xb2df8a,haskell,0.4198006020625371,0.41751914975020554,0.4234016833750047,3.918878360375029e-3,6.427892499232257e-4,5.023195891026938e-3
0x33a02c,haskell strict,0.4239411584793705,0.42267292412509505,0.4252093928336459,2.061631101540176e-3,8.213399942876324e-4,2.8310675005719086e-3
0xfb9a99,juvix,0.28122685376655376,0.28107701639983135,0.281390481999897,2.306225706306409e-4,1.9138641836529167e-4,2.4653704366921084e-4
0xe31a1c,juvix wasm,0.31911661559326604,0.31901620223325156,0.31924255325324336,1.8731678774985613e-4,1.0777146860340141e-4,2.7288814009514734e-4
0xcab2d6,runtime,0.2845869346265105,0.28193998546663956,0.2898473168662955,5.858909868922682e-3,9.215923462268811e-5,7.227507340325458e-3
0x6a3d9a,runtime wasm,0.7237700304168205,0.7226209440002549,0.7246294550001267,1.3640657882484613e-3,1.172789999827728e-3,1.64211811078913e-3
