Color,Name,Mean,MeanLB,MeanUB,Stddev,StddevLB,StddevUB
0xa6cee3,ocaml,0.3147151095799806,0.3137421702800445,0.31660983979988183,2.1127946148348526e-3,1.1893396859375717e-4,2.6506753722489312e-3
0x1f78b4,ocaml byte,2.710008915979055,2.6285814503747815,2.862577510750043,0.14567742377488233,2.8112026189498734e-2,0.1801302512626255
0xb2df8a,haskell,0.42107960658332405,0.4195275402501011,0.4232472634998885,2.436739154599969e-3,4.4726776862038685e-4,3.16162280518115e-3
0x33a02c,haskell strict,0.4207014164792516,0.4205064925001807,0.42089634045832247,2.8241369772161396e-4,1.2612460561194907e-4,3.7972399335168254e-4
0xfb9a99,juvix,0.28131335966322996,0.2812103980599568,0.28142849254653507,1.8060812372563663e-4,1.0756918001612313e-4,2.755218364840354e-4
0xe31a1c,juvix wasm,0.31741589423327243,0.3171483432999594,0.31787478523319807,4.952591338166729e-4,1.1580652681728384e-4,6.458661790727736e-4
0xcab2d6,runtime,0.2917600435533677,0.2814713040267452,0.30952064009998137,1.9313285924598383e-2,2.0087939035975944e-5,2.4330260421987618e-2
0x6a3d9a,runtime wasm,0.7206785712292382,0.7202687877500011,0.7209359393126533,4.256647867100023e-4,2.5711274232340336e-4,5.94366128962141e-4
