Color,Name,Mean,MeanLB,MeanUB,Stddev,StddevLB,StddevUB
0xa6cee3,ocaml,0.3134272201600349,0.31335174639989416,0.3135140644201783,1.2932246957972568e-4,9.427406173034639e-5,1.5813325378180975e-4
0x1f78b4,ocaml byte,2.807996580958445,2.6373591803333056,2.8948658705834305,0.1637994933479166,7.161865255406075e-3,0.19710016779911868
0xb2df8a,haskell,0.4215414245415256,0.42151052087444896,0.42156563350010856,4.2198731683881253e-5,2.199896963955161e-5,5.32221684668067e-5
0x33a02c,haskell strict,0.42491488754181245,0.42158826387543513,0.42908943237483754,4.719055258579161e-3,1.6524683331529955e-3,5.784827128576414e-3
0xfb9a99,juvix,0.2812946162400143,0.2810943026001193,0.28148795843990226,2.951927137252477e-4,2.0376046157919721e-4,4.477171818679598e-4
0xe31a1c,juvix wasm,0.31766115415013096,0.3175649333001881,0.31776361475021986,1.495505517831204e-4,1.0895847248808414e-4,1.8429481056704433e-4
0xcab2d6,runtime,0.28319238868337987,0.2819729967334812,0.28550270333324684,2.5242973145815644e-3,2.865189736763539e-4,3.208935792650255e-3
0x6a3d9a,runtime wasm,0.7221868757080946,0.7207462753748928,0.7234081118748463,1.80800260137497e-3,9.606366569300858e-4,2.4954521047433186e-3
