Color,Name,Mean,MeanLB,MeanUB,Stddev,StddevLB,StddevUB
0xa6cee3,ocaml,0.4190743413749374,0.4188943651247996,0.41933982875002584,3.105201519541538e-4,9.691286171393187e-5,4.156373458591236e-4
0x1f78b4,ocaml byte,2.684157791812254,2.6795268522498645,2.6905330037495787,7.621903257863414e-3,2.5393318749138416e-3,9.317746594936836e-3
0xb2df8a,haskell,1.0351679215416425,1.034639331916651,1.0355471470415978,6.383520700666649e-4,3.783589685413624e-4,8.757837779310109e-4
0x33a02c,haskell strict,1.0341295954167056,1.0338808741252024,1.0342547044582866,2.345833026240602e-4,7.657314315916174e-5,2.889269553395798e-4
0xfb9a99,juvix,0.8917158121665997,0.8872705770831242,0.8960060312916956,6.050992138346143e-3,3.0362643679589184e-3,8.224759211102805e-3
0xe31a1c,juvix wasm,1.4208006050209672,1.419831346708558,1.421458153645953,1.077673318886879e-3,6.634399490544574e-4,1.5185435025632638e-3
0xcab2d6,runtime,0.5869993347707426,0.586935881124873,0.5870627884166122,1.0231993776001364e-4,5.076980271084353e-5,1.433707944169485e-4
0x6a3d9a,runtime wasm,1.101575924479107,1.1013511773749087,1.1017551281665874,3.020608803230663e-4,1.7865141602949245e-4,4.13853188826254e-4
