Color,Name,Mean,MeanLB,MeanUB,Stddev,StddevLB,StddevUB
0xa6cee3,ocaml,0.4158783013126974,0.4155134548126398,0.4163523909375044,5.743601583127687e-4,2.173235979359119e-4,7.492183511183507e-4
0x1f78b4,ocaml byte,3.096123359708637,3.0950603779166004,3.096816073083725,1.317016539584848e-3,7.85232966689125e-4,1.599753014312795e-3
0xb2df8a,haskell,1.5192067686038324,1.5187878037495466,1.5196326808542533,5.732196965357755e-4,3.4744418147063624e-4,7.215730887595595e-4
0x33a02c,haskell strict,1.5203572097296199,1.5201332704583215,1.5206071320634464,3.3143313864883705e-4,1.62159886323902e-4,4.5700954479910907e-4
0xfb9a99,juvix,1.0107045391458769,1.0106155540628379,1.0107990554997741,1.2156002306099147e-4,6.125531774041575e-5,1.5283544093387615e-4
0xe31a1c,juvix wasm,1.617676772187527,1.6166231459998621,1.6185700271876915,1.487278399906956e-3,7.914450916521594e-4,2.06288405919998e-3
0xcab2d6,runtime,0.4450108474377051,0.44494271675011987,0.4450789781252903,1.0233148474878341e-4,4.566471723586144e-5,1.416969114320459e-4
0x6a3d9a,runtime wasm,1.1603486523337476,1.1590428796674437,1.1616174483754094,1.698615253492218e-3,9.154164999927161e-4,2.1994577075292545e-3
