Color,Name,Mean,MeanLB,MeanUB,Stddev,StddevLB,StddevUB
0xa6cee3,ocaml,0.3134163616032644,0.3132371300033234,0.31351534105323176,1.918764374218953e-4,8.793848639808065e-5,2.7106638738292227e-4
0x1f78b4,ocaml byte,2.654820317729294,2.520196078416878,2.715120431291742,0.13127501571798544,2.804802437503895e-2,0.17164421603610958
0xb2df8a,haskell,0.4312376061876269,0.43118457750021355,0.4313039814374709,7.812383326566235e-5,2.9516739280925302e-5,1.0260625672899016e-4
0x33a02c,haskell strict,0.43136875758345167,0.4312285664583821,0.431610899583499,2.54518841044904e-4,2.5493500061202212e-5,3.0452668328919335e-4
0xfb9a99,juvix,0.2806737784432274,0.2806164296532855,0.28075680171972633,1.0468708652016355e-4,3.935751171665883e-5,1.4011071662501742e-4
0xe31a1c,juvix wasm,0.31683763770325035,0.3166479486732654,0.3170310853199408,2.8648388244621953e-4,2.421222151263039e-4,3.550268605314639e-4
0xcab2d6,runtime,0.28125924059010077,0.28107987289006814,0.2816308282002865,3.7811305961622604e-4,5.0946225945522176e-5,4.872955248425793e-4
0x6a3d9a,runtime wasm,0.7244726798751723,0.7195300318751379,0.7342290327500223,9.788471465846299e-3,1.9996900005025964e-4,1.1381128989302316e-2
