Color,Name,Mean,MeanLB,MeanUB,Stddev,StddevLB,StddevUB
0xa6cee3,ocaml,0.31402620908664175,0.31389503984006295,0.3141455679199498,1.9133944272540807e-4,1.1612680599360762e-4,2.514589822355705e-4
0x1f78b4,ocaml byte,2.860124294583462,2.7726310697085146,2.9192945664584236,9.888670064865186e-2,5.127053370654249e-2,0.1366478895801297
0xb2df8a,haskell,0.4228151689790707,0.4188043311249885,0.42521401237479495,4.266281503635649e-3,2.2267803591331267e-3,5.972800011500662e-3
0x33a02c,haskell strict,0.43158273493759225,0.42435954187476455,0.4385378750627069,1.13663057015319e-2,7.007734766803474e-3,1.606220809394608e-2
0xfb9a99,juvix,0.2812435258865632,0.2811446378066436,0.28142817996637554,2.0842129558744854e-4,2.9047496731607488e-5,2.6948069044381736e-4
0xe31a1c,juvix wasm,0.31764534443988546,0.31755848748004306,0.3177773328397052,1.5781665870496297e-4,7.341691467303037e-5,2.1068806459779096e-4
0xcab2d6,runtime,0.2820086260067183,0.28179419451329524,0.2822230575001413,3.022858603258644e-4,2.6060560763535676e-4,3.383865562404551e-4
0x6a3d9a,runtime wasm,0.7223340544376432,0.7201573470001676,0.7258235549374111,4.0425732946039955e-3,5.263153917389827e-5,4.948083150285617e-3
