Color,Name,Mean,MeanLB,MeanUB,Stddev,StddevLB,StddevUB
0xa6cee3,ocaml,0.41575681220842853,0.4154406793752514,0.41594328774999667,3.171562756847642e-4,1.2819510046240234e-4,4.369067368726152e-4
0x1f78b4,ocaml byte,3.104726198458214,3.1041739981249066,3.1050685601664254,5.824743144831051e-4,3.0638800238097416e-4,8.186991360529614e-4
0xb2df8a,haskell,1.6903847778749725,1.686431379625219,1.6924221138748028,3.895857064322495e-3,2.4254749981389434e-4,4.705025951726835e-3
0x33a02c,haskell strict,1.6898093274588366,1.6865031606250795,1.6914690738756235,3.120424584496161e-3,1.2405687582526716e-3,3.8330201620736066e-3
0xfb9a99,juvix,0.3134665854930426,0.3133773059995292,0.31352361602643214,1.0741499214266856e-4,6.272955629629325e-5,1.5081255802801407e-4
0xe31a1c,juvix wasm,0.4826618393960871,0.4820308478754214,0.4831632022501253,7.588768203037593e-4,5.910974119714964e-4,8.772585228629531e-4
0xcab2d6,runtime,0.42410318460410207,0.4238595945833671,0.4242820434373016,3.0073790088849236e-4,1.769034099691233e-4,3.648168578742186e-4
0x6a3d9a,runtime wasm,1.2613150867706129,1.258484910624702,1.2630599767914341,3.3912130764613153e-3,2.405593667087147e-3,4.029650892909849e-3
