Color,Name,Mean,MeanLB,MeanUB,Stddev,StddevLB,StddevUB
0xa6cee3,ocaml,0.3137075579033687,0.3134985600800064,0.31406277631995183,4.036496322117551e-4,1.871462438443904e-4,5.148843852519453e-4
0x1f78b4,ocaml byte,2.857379912625163,2.5935448587504197,2.9973809470000674,0.2521645280866983,0.11967606151861668,0.32331853953270867
0xb2df8a,haskell,0.41359470218742445,0.40564999112496025,0.418097310687358,7.852342581903331e-3,4.376680889278408e-3,1.0398328917968548e-2
0x33a02c,haskell strict,0.4203680407706922,0.4178502362707756,0.42161663833318624,2.437345368694751e-3,2.6679708336510566e-4,2.907504999702204e-3
0xfb9a99,juvix,0.2813391178331949,0.2811760206000508,0.28158889469954373,3.2955322690904224e-4,1.5900330083348923e-4,4.3886858067033644e-4
0xe31a1c,juvix wasm,0.3183928982968246,0.3181681665301403,0.31858401343342846,3.0384940975930583e-4,2.5382883029401366e-4,3.520370349159492e-4
0xcab2d6,runtime,0.28213288430338856,0.28165960101658427,0.28261870597357,6.618218061604928e-4,5.332860060512593e-4,7.749140952483894e-4
0x6a3d9a,runtime wasm,0.7266128788124698,0.7212843182499,0.7366250374999481,1.011427675783142e-2,4.601823751499978e-4,1.1852949573367223e-2
