Color,Name,Mean,MeanLB,MeanUB,Stddev,StddevLB,StddevUB
0xa6cee3,ocaml,0.3098575037933279,0.30901308059992516,0.3112037247799253,1.6736429780483423e-3,6.691522075348373e-4,2.2498200104191885e-3
0x1f78b4,ocaml byte,2.7018000571250504,2.5821334272498953,2.761180476500082,0.11391313799912352,2.332948225004361e-2,0.138187038566343
0xb2df8a,haskell,0.4166939065835133,0.41286765570854794,0.4189284173753549,4.278756343045554e-3,2.2377684177406374e-3,5.9483488908485815e-3
0x33a02c,haskell strict,0.421287645729213,0.4211874276042143,0.4214691321874966,1.8521946450134028e-4,2.2258958362414427e-5,2.2278005279244303e-4
0xfb9a99,juvix,0.2785472161133081,0.2763817997399656,0.27990237126662876,2.7149835601921334e-3,1.1984791363264349e-3,3.6314334894506114e-3
0xe31a1c,juvix wasm,0.31437156340679395,0.313229972113395,0.3156897626801583,1.7515787329447214e-3,1.1809383685183767e-3,2.342133225027964e-3
0xcab2d6,runtime,0.2777130353033378,0.275932050333328,0.2788004369834804,2.0894481302025296e-3,1.1950064622049032e-3,2.7861327857871313e-3
0x6a3d9a,runtime wasm,0.7185629986458176,0.7174968127915993,0.719629184500036,1.7207079009069525e-3,7.717442519546361e-4,2.3902911693162118e-3
