Color,Name,Mean,MeanLB,MeanUB,Stddev,StddevLB,StddevUB
0xa6cee3,ocaml,0.3505647681042016,0.3474606675627001,0.3523473773332929,3.3756778498758547e-3,1.8314692990481377e-3,4.702646547085351e-3
0x1f78b4,ocaml byte,2.688693055750074,2.6858522102501183,2.690222083250167,2.7888255291860413e-3,1.065137391604318e-3,3.794733082404709e-3
0xb2df8a,haskell,1.035893394375042,1.035173669125129,1.036236608124985,6.854711531003548e-4,1.2620124971363111e-4,8.695160634424983e-4
0x33a02c,haskell strict,1.035233396145865,1.0347018721874974,1.0359040833752715,8.714784047567585e-4,3.831375504938989e-4,1.163359926548592e-3
0xfb9a99,juvix,0.879668996104139,0.8777645704379893,0.880820594978824,2.1030120618326657e-3,6.441642916949486e-4,2.573998117034539e-3
0xe31a1c,juvix wasm,1.6285116171252032,1.3977121590003208,1.755348623000259,0.2667929355135533,0.23385275866934352,0.27537141284522126
0xcab2d6,runtime,0.5863475345207689,0.5862694713748624,0.5864229253750182,9.770504064861836e-5,5.6549655182507684e-5,1.252103859708821e-4
0x6a3d9a,runtime wasm,1.1053500588750087,1.1050882217498004,1.1058530447502335,4.984718846316638e-4,3.956508561488571e-5,5.832950263515748e-4
