Color,Name,Mean,MeanLB,MeanUB,Stddev,StddevLB,StddevUB
0xa6cee3,ocaml,0.3140422250301496,0.3139822326801974,0.31409049175013026,7.829820143330968e-5,6.444332913542106e-5,8.64231256092129e-5
0x1f78b4,ocaml byte,2.7270051022709367,2.612039940062573,2.808867129250075,0.1522883904339519,7.674462829163531e-2,0.18870173182676617
0xb2df8a,haskell,0.4314334686250542,0.4313431425001303,0.4315032933751013,1.204332361562188e-4,6.013586649770876e-5,1.6125335294314296e-4
0x33a02c,haskell strict,0.4314870253959005,0.4313964481668032,0.4316436653335434,1.5691526175240755e-4,2.2728163194481003e-5,1.9788391808581697e-4
0xfb9a99,juvix,0.28130449078332276,0.2811579078333489,0.2815487696499531,3.1291804043830996e-4,9.994437318322681e-5,3.970364125880292e-4
0xe31a1c,juvix wasm,0.31719924894345847,0.3171173239700329,0.3172862174267842,1.1897093018692082e-4,9.258552854356397e-5,1.4228362296836878e-4
0xcab2d6,runtime,0.2829729608533853,0.28156412505340994,0.28577955525342985,3.0677197200239875e-3,2.0253407225632927e-4,3.843093199833639e-3
0x6a3d9a,runtime wasm,0.7204611707290383,0.7201155143329743,0.7208818442499023,5.161072662540074e-4,1.869420432253267e-4,6.959004870469121e-4
