Color,Name,Mean,MeanLB,MeanUB,Stddev,StddevLB,StddevUB
0xa6cee3,ocaml,0.31601905734656005,0.31586469636671005,0.31615420005995476,2.0459899197210893e-4,1.518695769645043e-4,2.7081603254214086e-4
0x1f78b4,ocaml byte,2.9286989993957113,2.8114849342498474,2.9695527126665793,7.918088584426305e-2,1.253860966668685e-2,9.647740875709923e-2
0xb2df8a,haskell,0.42203093533337704,0.41138929787524603,0.4273975049583025,1.0121031812052466e-2,4.779049916540629e-3,1.2288812958463359e-2
0x33a02c,haskell strict,0.4213158936872219,0.41560369762487426,0.4243186736247253,5.547378200772825e-3,2.964218184444819e-3,6.934623220939227e-3
0xfb9a99,juvix,0.2825089657433364,0.2824594768934003,0.2826016262931444,1.0051137604602346e-4,1.806080253089051e-5,1.3040316896798714e-4
0xe31a1c,juvix wasm,0.3249909448767479,0.3225534496767917,0.3297850696500973,5.372053278081023e-3,1.0031269377191055e-4,6.646695644335103e-3
0xcab2d6,runtime,0.2857306866234527,0.28381706116673133,0.28807429443356036,3.15847113548551e-3,2.1172578411382354e-3,4.064389369452258e-3
0x6a3d9a,runtime wasm,0.7404281627290364,0.7264326781663234,0.7669214860625857,2.6805501063423647e-2,1.8373107082349516e-3,3.165419553260797e-2
