Color,Name,Mean,MeanLB,MeanUB,Stddev,StddevLB,StddevUB
0xa6cee3,ocaml,0.3163942586600418,0.31490037672004595,0.3192855813000127,3.221635570314752e-3,1.6668112189343947e-4,4.028997738889168e-3
0x1f78b4,ocaml byte,3.0958614090624983,3.067458214125054,3.1112173452502248,3.2893921770314104e-2,2.9241080783192916e-2,3.5316995744462384e-2
0xb2df8a,haskell,0.4262289634791235,0.42397569774993826,0.4273160748124383,2.1858717069527947e-3,1.8254213377638575e-4,2.693118217489911e-3
0x33a02c,haskell strict,0.42144344081225427,0.41725155562494365,0.42444152481209585,5.271286977111536e-3,2.7467273748698062e-3,6.5090965866799666e-3
0xfb9a99,juvix,0.2819067360699107,0.28182912184004333,0.2820446279996759,1.5485881662949432e-4,3.34982074765276e-5,2.0699011397633832e-4
0xe31a1c,juvix wasm,0.32214549727331965,0.3220856257999912,0.32221419465332174,9.175586936271079e-5,7.723662312225652e-5,1.127833046214558e-4
0xcab2d6,runtime,0.28732630822333094,0.28444283306668394,0.29184454796996756,5.863059115456388e-3,3.244466079091648e-3,7.812945247622244e-3
0x6a3d9a,runtime wasm,0.7253654246666391,0.7249958664997962,0.7256225138333814,4.352869718846983e-4,2.249380002012913e-4,5.937219984974916e-4
