Color,Name,Mean,MeanLB,MeanUB,Stddev,StddevLB,StddevUB
0xa6cee3,ocaml,0.4143487307293299,0.4142802941877335,0.41447677868734445,1.2655727022797348e-4,1.6371124957004213e-5,1.49195553346443e-4
0x1f78b4,ocaml byte,3.098044364666445,3.097235892083366,3.098852837249524,1.1312331721420065e-3,4.4370300241134797e-4,1.4904424214301397e-3
0xb2df8a,haskell,1.5208783879999146,1.5205900954999834,1.5211056077499734,3.482390120130561e-4,2.43370999896797e-4,4.209997748974472e-4
0x33a02c,haskell strict,1.518668684020895,1.518408397166695,1.5189831065836188,3.895674552539339e-4,1.6447433408552916e-4,5.276760143622098e-4
0xfb9a99,juvix,1.0085497595831991,1.0080629072497231,1.0088170796667177,4.8733539131648495e-4,2.9840925964380024e-4,6.17349288716891e-4
0xe31a1c,juvix wasm,1.620115249124827,1.6195192637499076,1.6207112344997463,8.413372887749779e-4,3.8934463944972545e-4,1.1509601746752963e-3
0xcab2d6,runtime,0.4460634830001406,0.44595261587505775,0.4461501000001439,1.4766709056540658e-4,7.8741763472967e-5,2.0003339307314834e-4
0x6a3d9a,runtime wasm,1.1585714221874923,1.1562903026875802,1.1596395937499437,2.164005516855051e-3,8.011367400001814e-4,2.8011832728238382e-3
