Color,Name,Mean,MeanLB,MeanUB,Stddev,StddevLB,StddevUB
0xa6cee3,ocaml,0.4046658800413449,0.39685998683338164,0.41247177324930817,1.351474694131839e-2,2.9840808332058655e-3,1.764535449311132e-2
0x1f78b4,ocaml byte,3.027685278895509,2.994106257166247,3.051795812937371,4.2135799376088134e-2,2.3781384897466496e-2,5.3766044040588525e-2
0xb2df8a,haskell,1.5261814769372297,1.4722592404996249,1.5551322798749727,6.245637527573775e-2,5.451227884117114e-2,6.68590154774469e-2
0x33a02c,haskell strict,1.5061546655208151,1.4996053776251301,1.5104765901248811,7.725988524927716e-3,6.081563898437659e-3,9.045671282436055e-3
0xfb9a99,juvix,0.37314413104138566,0.3589660992917061,0.3811348909162007,1.3837061724060849e-2,7.029353605605048e-3,1.845386945901643e-2
0xe31a1c,juvix wasm,0.570069227499971,0.5575224664999041,0.5826159885000379,1.976376968220499e-2,1.1283896619482777e-2,2.790769692727837e-2
0xcab2d6,runtime,0.4627504882919311,0.45343514733349366,0.46987922687526407,1.1333730132230888e-2,7.1183426300526825e-3,1.3318196113458837e-2
0x6a3d9a,runtime wasm,1.2277661094997636,1.1751626959992336,1.2564812717500522,5.309787825184338e-2,3.440221614129223e-2,6.631482662011144e-2
