Color,Name,Mean,MeanLB,MeanUB,Stddev,StddevLB,StddevUB
0xa6cee3,ocaml,0.3156849989635278,0.3155102784401242,0.3158123715668505,2.1755652706392038e-4,1.1176807713660046e-4,2.856356647585644e-4
0x1f78b4,ocaml byte,2.9122127778540894,2.6946595378749407,3.0488523232291223,0.26317272481925613,0.18686217344325395,0.31555551321689324
0xb2df8a,haskell,0.42018683885424934,0.4172306321668202,0.4220183620834632,3.1231417556572645e-3,1.7834706353353478e-3,4.409719083632779e-3
0x33a02c,haskell strict,0.4156567973958924,0.41190709281261206,0.42139422374987134,6.577686441907707e-3,1.5326578403162617e-3,8.659571802153864e-3
0xfb9a99,juvix,0.28270008347994313,0.2825668873000723,0.282937198579757,2.6346093318168153e-4,5.093233283432551e-5,3.491759684394388e-4
0xe31a1c,juvix wasm,0.32286106263993136,0.3228191236398925,0.32289547339996716,5.39211717797311e-5,3.6975865074382886e-5,6.84883240553044e-5
0xcab2d6,runtime,0.2833537739667403,0.28282388669997094,0.2840796082002271,9.233859457255086e-4,5.134659356610134e-4,1.1905128321025404e-3
0x6a3d9a,runtime wasm,0.7277989721668519,0.7259145145002321,0.7311577875001376,3.4108896519534815e-3,3.307903332370188e-4,4.07183514306463e-3
