Color,Name,Mean,MeanLB,MeanUB,Stddev,StddevLB,StddevUB
0xa6cee3,ocaml,0.31385846271325135,0.3137418053065266,0.3140405213000122,2.211126626195631e-4,8.790691704707143e-5,3.1079289641000016e-4
0x1f78b4,ocaml byte,2.8510869311457063,2.700453589124777,2.9382334329791133,0.17807591412295665,0.1492144103519211,0.20125622516980674
0xb2df8a,haskell,0.40548563564597845,0.3963579702503921,0.411900451000065,1.0863584129957587e-2,8.065599570732471e-3,1.3013840722126004e-2
0x33a02c,haskell strict,0.41176003108334197,0.40246704750006757,0.4185614080833299,1.175231634819185e-2,7.0488086276107535e-3,1.5707107367212692e-2
0xfb9a99,juvix,0.28133312829332074,0.28129280399334977,0.28139760729323215,7.325607307353899e-5,3.748864186843045e-5,1.0243672609827023e-4
0xe31a1c,juvix wasm,0.3180885981032437,0.3179744288332889,0.31821946128980017,1.825799516616722e-4,1.2652206425607155e-4,2.414373810101652e-4
0xcab2d6,runtime,0.2840990129533808,0.28223823915343627,0.28762874405331484,3.849668913829017e-3,4.803656976426953e-4,4.902869601677456e-3
0x6a3d9a,runtime wasm,0.7219591724165184,0.7210549328332263,0.7234157504166205,1.612103556506009e-3,3.2982365775732964e-4,2.0882518673024596e-3
