Color,Name,Mean,MeanLB,MeanUB,Stddev,StddevLB,StddevUB
0xa6cee3,ocaml,0.3138892667266191,0.3137851470200985,0.31398179859988884,1.5395172365368896e-4,1.1041309642137532e-4,2.1019484841322105e-4
0x1f78b4,ocaml byte,2.8627031094168465,2.5180039641671406,3.018596468333423,0.3328085639933141,0.10113951290252965,0.448594045049968
0xb2df8a,haskell,0.4145576144166512,0.3991876033749122,0.4222278685833203,1.531780340528491e-2,1.2954958310729126e-4,1.774782541581864e-2
0x33a02c,haskell strict,0.40249419877087195,0.3907779035000658,0.4142104940416781,1.4969316761168094e-2,7.729993467601921e-3,1.8760288203388164e-2
0xfb9a99,juvix,0.2810810830932951,0.28081537858674893,0.28137753055980286,4.059279727050429e-4,3.2090493770705914e-4,5.145853425043364e-4
0xe31a1c,juvix wasm,0.31844421128993117,0.3183151046400356,0.318552576619968,1.7723092202541764e-4,1.1800764325550356e-4,2.5510493052361614e-4
0xcab2d6,runtime,0.28294624072999797,0.28173365168007874,0.28521871024986467,2.4723651987192336e-3,5.465963824881435e-5,3.107732685636135e-3
0x6a3d9a,runtime wasm,0.7216116224999686,0.7211577705000991,0.7219631757498064,5.58170202488425e-4,3.4964775353467126e-4,7.092014818234993e-4
