Color,Name,Mean,MeanLB,MeanUB,Stddev,StddevLB,StddevUB
0xa6cee3,ocaml,0.41561424481202874,0.41512798974978676,0.41636445249893467,8.401220231360625e-4,2.1403523053571032e-4,1.082004055996978e-3
0x1f78b4,ocaml byte,3.09526492679178,3.094493909666577,3.0964414053752307,1.3502138902998296e-3,3.2558667710634354e-4,1.7805877791427964e-3
0xb2df8a,haskell,1.521147277458643,1.5202996355003506,1.5226402010002857,1.5414832791186624e-3,3.3319747815100374e-4,1.9575452511861545e-3
0x33a02c,haskell strict,1.5214205496250013,1.520734674499863,1.5223232622500973,1.143024063183812e-3,4.655522500343068e-4,1.575911623401174e-3
0xfb9a99,juvix,1.0111835063122498,1.0110092214995348,1.0114732851872077,3.083330638250575e-4,3.952550059693749e-5,3.876631378781266e-4
0xe31a1c,juvix wasm,1.6199731981668795,1.616913460875253,1.6215146533334441,2.8942041213148415e-3,7.660565004243836e-4,3.559838221439548e-3
0xcab2d6,runtime,0.4468287919166869,0.44590953795841415,0.4485064681248332,1.7313477607893558e-3,2.5484624984528637e-4,2.0850630267518675e-3
0x6a3d9a,runtime wasm,1.160288403458253,1.1601475817080882,1.160425376500143,1.702865971231545e-4,1.5029333967555327e-4,1.8711094694535263e-4
