Color,Name,Mean,MeanLB,MeanUB,Stddev,StddevLB,StddevUB
0xa6cee3,ocaml,0.49451713462478136,0.49223564374991235,0.496156698499514,2.971782113475822e-3,1.4373296643892248e-3,3.7864105777218795e-3
0x1f78b4,ocaml byte,3.7553172480001726,3.7057436467499656,3.825323307000531,8.4048192428576e-2,3.418446791425087e-2,0.11111740092105217
0xb2df8a,haskell,1.8121172042705211,1.8079906221664714,1.8158777263957973,5.449353068334994e-3,2.8916164591594904e-3,7.319287264220318e-3
0x33a02c,haskell strict,1.8207386346254755,1.8175120960006552,1.823870052375317,3.730311918981805e-3,3.259318500037467e-3,3.907507198718232e-3
0xfb9a99,juvix,0.9725318580624389,0.9659189713752312,0.9769714417498108,7.414109536087954e-3,3.7772197319187414e-3,1.0252779347976037e-2
0xe31a1c,juvix wasm,2.1881520783959636,2.1635362577501382,2.2010702786251386,2.4174585478113863e-2,9.474243937892016e-3,3.3121578188820125e-2
0xcab2d6,runtime,0.5257393725415037,0.5218030297496625,0.528588235999905,4.6447698967813375e-3,3.8123222500416887e-3,5.4906294464840575e-3
0x6a3d9a,runtime wasm,1.4405887106666644,1.4262436495000657,1.4479046644996743,1.390466699892706e-2,3.269426130067919e-3,1.8148284216357936e-2
