Color,Name,Mean,MeanLB,MeanUB,Stddev,StddevLB,StddevUB
0xa6cee3,ocaml,0.34396671872912066,0.3422481652080478,0.3456852722501935,2.311155769176023e-3,1.490068919715405e-3,3.156438200333093e-3
0x1f78b4,ocaml byte,2.7040791492707967,2.7017738518748047,2.7051627106042133,2.1952223882224725e-3,5.746419451889912e-4,2.8214785784264926e-3
0xb2df8a,haskell,1.0330803135000224,1.0329833660002805,1.0331772609997643,1.3771071305542483e-4,6.998074030787137e-5,1.8759322649578535e-4
0x33a02c,haskell strict,1.0331438184379067,1.0330428670625906,1.0332003130006342,1.0355490264013747e-4,5.533892357544573e-5,1.4527821587273772e-4
0xfb9a99,juvix,0.8301172377706886,0.8284237343750647,0.8313064399369523,2.0348154794900446e-3,1.3863526267309959e-3,2.5050121108027594e-3
0xe31a1c,juvix wasm,1.5817100746669819,1.5431143736665642,1.6474793656253723,6.825088506638152e-2,1.6576596100581487e-3,8.255042108193218e-2
0xcab2d6,runtime,0.5877245854167086,0.5875004660003924,0.587942065415973,2.8992482914996207e-4,1.603816667739011e-4,3.550525170517225e-4
0x6a3d9a,runtime wasm,1.2620543974168565,1.2612565277504473,1.2628522670832658,1.1638926387035683e-3,4.782787309650341e-4,1.5857387020268543e-3
