Color,Name,Mean,MeanLB,MeanUB,Stddev,StddevLB,StddevUB
0xa6cee3,ocaml,0.3135776669298654,0.31348018750004486,0.3137391506798303,1.88704844086883e-4,8.219337920526069e-5,2.471016661977613e-4
0x1f78b4,ocaml byte,2.826740559458339,2.7602190536667495,2.893262065249928,0.10257866912325019,4.824475180991914e-2,0.14251879183985286
0xb2df8a,haskell,0.4189927531041917,0.418549013875122,0.419331683166547,5.564379148368224e-4,3.476779850528985e-4,7.277239854848706e-4
0x33a02c,haskell strict,0.4199714632080524,0.4194695842497822,0.42021575724970717,4.7519774480193335e-4,1.920322503110583e-4,5.948668837883216e-4
0xfb9a99,juvix,0.2808988093299922,0.2808094467800038,0.28105783177994453,1.794781718971706e-4,2.7290527307827575e-5,2.3275778856261047e-4
0xe31a1c,juvix wasm,0.31729953208002676,0.31695314940000874,0.3176697449600215,5.320961495336745e-4,3.726139263273932e-4,6.784241672001195e-4
0xcab2d6,runtime,0.282414856330015,0.28112741355997056,0.2849767359802536,2.8301751184520506e-3,1.080757824406869e-4,3.5161513276055216e-3
0x6a3d9a,runtime wasm,0.7201581640626008,0.7198737212499207,0.7204426068752809,4.0208340018192446e-4,1.777058645036004e-4,5.468553497972784e-4
