Color,Name,Mean,MeanLB,MeanUB,Stddev,StddevLB,StddevUB
0xa6cee3,ocaml,0.31392253388340274,0.31382009595015914,0.3140194313333328,1.406886861095288e-4,8.794932862407681e-5,1.8354879102597867e-4
0x1f78b4,ocaml byte,2.7057804144166653,2.526983009333435,2.8504917257499187,0.22501416120182965,0.15346462961335186,0.2953565327092699
0xb2df8a,haskell,0.4221686081250671,0.4215163302502181,0.4233753578750073,1.219394065160513e-3,6.520399983855896e-5,1.4318116358230867e-3
0x33a02c,haskell strict,0.42151747783327664,0.42149475637472733,0.4215429175001191,3.382725459716891e-5,1.599005799611089e-5,4.452496435872756e-5
0xfb9a99,juvix,0.2814850181534651,0.28139271869354465,0.2815559088534186,1.2372216755947662e-4,8.438068487967613e-5,1.8326435273393243e-4
0xe31a1c,juvix wasm,0.31770764500326554,0.31763598840007035,0.3177659265166767,9.736020056469437e-5,8.198559166158383e-5,1.1203620688861585e-4
0xcab2d6,runtime,0.2829377346799962,0.28178165658001186,0.2852640517799409,2.4992203943284106e-3,2.5114328495205946e-4,3.1920352983668162e-3
0x6a3d9a,runtime wasm,0.7243958223750345,0.7207461816251074,0.7315239489999689,7.113542723549797e-3,2.3208149984083049e-4,8.428484277663425e-3
