Color,Name,Mean,MeanLB,MeanUB,Stddev,StddevLB,StddevUB
0xa6cee3,ocaml,0.31411720632343837,0.3139417667132269,0.3142926459336498,2.806583140473606e-4,2.272134000670324e-4,3.523615604618002e-4
0x1f78b4,ocaml byte,2.78877291666682,2.6260179209999706,2.9069192515419977,0.20224396458140034,0.1331444088089671,0.272847272975806
0xb2df8a,haskell,0.4208828080834337,0.4184368230835389,0.4233156826252298,3.361692267895066e-3,1.6478354019665172e-3,4.532213180835834e-3
0x33a02c,haskell strict,0.42508595112497005,0.42150895999975546,0.43138076237517,6.760331345583406e-3,1.6751779999140126e-3,8.244093324570408e-3
0xfb9a99,juvix,0.28134594750342024,0.28123926430674445,0.28146440923343713,1.7549410231619165e-4,1.449874267412111e-4,2.07960943866554e-4
0xe31a1c,juvix wasm,0.31823653656650397,0.3181370973332075,0.3183244293998541,1.4026253465957694e-4,8.494939516261261e-5,1.8740618928157507e-4
0xcab2d6,runtime,0.2861775600933985,0.28180520788011565,0.2948890430000574,9.695053286811415e-3,1.555737612846924e-4,1.19337651446367e-2
0x6a3d9a,runtime wasm,0.7273321718958528,0.7221256349375267,0.7356544258125837,8.723490864743083e-3,1.9550067864773516e-3,1.1105453671569582e-2
