Color,Name,Mean,MeanLB,MeanUB,Stddev,StddevLB,StddevUB
0xa6cee3,ocaml,0.3154599320400181,0.31447466022004544,0.31734128700009023,2.076069005232371e-3,1.334244218053188e-4,2.615622712608399e-3
0x1f78b4,ocaml byte,2.8567999242498936,2.7198353378751485,2.929859730999889,0.1328041655542688,6.413419274993726e-2,0.16872439637620767
0xb2df8a,haskell,0.41995311074998654,0.4192037602500136,0.42133215149988246,1.4246410209751512e-3,1.275125754483632e-4,1.7305508515070161e-3
0x33a02c,haskell strict,0.42044220010418104,0.41923807475018293,0.4224763619376404,2.105049299273455e-3,8.921625315190876e-5,2.5820508923410715e-3
0xfb9a99,juvix,0.28218087014328075,0.28180110018663374,0.28252827880998665,5.761604723116562e-4,3.83679796787268e-4,7.799696352728596e-4
0xe31a1c,juvix wasm,0.31848311907000915,0.3183533379999062,0.3185282209999666,9.84334239028772e-5,9.54041740031259e-6,1.2638011845009483e-4
0xcab2d6,runtime,0.2833901157267398,0.2821243910266609,0.28577281176018915,2.6593906033691547e-3,2.4587174185667976e-4,3.3873112335739545e-3
0x6a3d9a,runtime wasm,0.721716530270991,0.721012103500243,0.7227036360625902,1.1889597707937867e-3,4.1629966661577145e-4,1.6142221334673815e-3
