Color,Name,Mean,MeanLB,MeanUB,Stddev,StddevLB,StddevUB
0xa6cee3,ocaml,0.31389171399666643,0.31374018634337214,0.31404433306664337,2.1974775805200857e-4,1.672914637006569e-4,2.641390666169843e-4
0x1f78b4,ocaml byte,2.7486576553958835,2.5728776402082,2.853697963458368,0.1753564808829515,7.756510236697574e-2,0.24258020054254692
0xb2df8a,haskell,0.43236437022898144,0.43153808099987145,0.43400381174978975,1.6357482755373263e-3,2.4748624696258048e-5,1.9082332354205616e-3
0x33a02c,haskell strict,0.43155016443749145,0.4315032899999096,0.43159519537493907,6.453481955725957e-5,2.6608360071399244e-5,8.736853990835195e-5
0xfb9a99,juvix,0.2809764572399612,0.2808299798400276,0.28124942273994746,3.010678072142037e-4,3.267575842418388e-5,3.830939863844324e-4
0xe31a1c,juvix wasm,0.3175238254332998,0.3174626650999926,0.31759634459999686,1.009865911713716e-4,5.308659540366687e-5,1.313411363019896e-4
0xcab2d6,runtime,0.2818612278666296,0.2817928120000579,0.28192323226658117,9.812125249867893e-5,8.084903763364336e-5,1.1278846644443117e-4
0x6a3d9a,runtime wasm,0.7224468771041378,0.7206372805625278,0.725650954125058,3.366387548718564e-3,3.6234887488717504e-4,4.179084201692413e-3
