Color,Name,Mean,MeanLB,MeanUB,Stddev,StddevLB,StddevUB
0xa6cee3,ocaml,0.31394976130664876,0.3137579426133198,0.31415541599999414,3.40543261085791e-4,1.9142016068317974e-4,5.212230828510852e-4
0x1f78b4,ocaml byte,2.788981723854306,2.5936652020002384,2.9231655687500506,0.22900711878739843,0.19742933011374258,0.25367877070716127
0xb2df8a,haskell,0.42283798049982124,0.4215463707498657,0.4241295902497768,2.530310375983383e-3,5.8699249848359614e-5,2.970274877322359e-3
0x33a02c,haskell strict,0.42345878281224714,0.4215842389996851,0.4271376635624051,3.7037367744361233e-3,1.3780449990008492e-4,4.329073499161728e-3
0xfb9a99,juvix,0.28120622702998843,0.2811073349599428,0.28129406105003907,1.3926829191139367e-4,9.851823291462463e-5,1.8547945233833037e-4
0xe31a1c,juvix wasm,0.3184643274966553,0.3176380947066961,0.3201004263166548,1.7907215764185066e-3,1.358012977040726e-4,2.239212375530148e-3
0xcab2d6,runtime,0.2819286828999611,0.2814283755999713,0.28290662389998034,1.0925564651625202e-3,4.672532791962511e-5,1.3631076097278272e-3
0x6a3d9a,runtime wasm,0.7210888789791928,0.7205928877915161,0.7213357210417447,4.676662670152157e-4,1.6796554162584743e-4,5.753852578367884e-4
