Color,Name,Mean,MeanLB,MeanUB,Stddev,StddevLB,StddevUB
0xa6cee3,ocaml,0.3150067989034293,0.31491672845018004,0.31513529025000936,1.6788762425065177e-4,7.378816182945253e-5,2.3162899505509043e-4
0x1f78b4,ocaml byte,2.8399263331875964,2.646310160687733,2.971341608687548,0.23400508444822782,0.1177290650645835,0.3034905787421037
0xb2df8a,haskell,0.4069490700207439,0.40267857874994206,0.4090933966874104,4.033933353393854e-3,1.65229037509107e-3,4.952110312921655e-3
0x33a02c,haskell strict,0.3980013726666887,0.3914522522915907,0.40925039474996083,1.1784182457071033e-2,6.743534861704103e-4,1.4121068672995837e-2
0xfb9a99,juvix,0.580510756416667,0.5765953122917532,0.5849233835832213,6.753864876777066e-3,2.514549001912724e-3,9.042330878063793e-3
0xe31a1c,juvix wasm,1.3466010522081813,1.3459995633749031,1.347045379458147,7.638458220351665e-4,4.689665930991482e-4,1.0261298295038892e-3
0xcab2d6,runtime,0.2834270153900828,0.2822667107502184,0.28573299609991715,2.50400978380619e-3,2.1907779437971026e-5,3.1642747409212657e-3
0x6a3d9a,runtime wasm,0.7323764270833143,0.7256271432916417,0.7455811956249931,1.3130732468657131e-2,5.488198333599148e-4,1.5586803255837504e-2
