Color,Name,Mean,MeanLB,MeanUB,Stddev,StddevLB,StddevUB
0xa6cee3,ocaml,0.31364358493674444,0.31346495341667835,0.31394321329335073,3.3676194941281284e-4,1.4801516803222085e-4,4.516143696578417e-4
0x1f78b4,ocaml byte,2.9262770790832633,2.885176713666624,2.963679096833232,5.590702607025437e-2,3.0249279343926908e-2,7.660302116228587e-2
0xb2df8a,haskell,0.4194440555002264,0.41767978775002723,0.4208744580006017,2.162871858919321e-3,1.3280349770572986e-3,2.6975605914994305e-3
0x33a02c,haskell strict,0.4225080219377446,0.418916859125261,0.4252756611252835,4.268031215468901e-3,3.596022543258211e-3,4.993805731519744e-3
0xfb9a99,juvix,0.2813501254901803,0.28118853930000115,0.281504842470049,2.409613016969896e-4,1.6098098176817679e-4,3.4348486738327585e-4
0xe31a1c,juvix wasm,0.31771602427666645,0.3175710635499399,0.3178198912867144,1.910469902540209e-4,1.22835599396579e-4,2.6298204836827264e-4
0xcab2d6,runtime,0.28648812587007344,0.2816190265501973,0.296014564160032,1.0408379778370362e-2,6.002900751699812e-4,1.3032817010940998e-2
0x6a3d9a,runtime wasm,0.7212079477501258,0.7210218887500066,0.7215711168753387,3.5159652457555603e-4,3.356200011239707e-5,4.1960612997803034e-4
