Color,Name,Mean,MeanLB,MeanUB,Stddev,StddevLB,StddevUB
0xa6cee3,ocaml,0.3521469682500917,0.34744903950013395,0.35559459100003704,5.82660209846291e-3,3.0836829998861504e-3,7.288671293527583e-3
0x1f78b4,ocaml byte,2.6903486169164808,2.688459198000146,2.691659523291264,2.3449287768355117e-3,1.3360174863770791e-3,3.027408593454304e-3
0xb2df8a,haskell,0.9319551274582333,0.9319394036666229,0.9319664739581791,1.9894546808484407e-5,1.010892208340581e-5,2.6203619192340436e-5
0x33a02c,haskell strict,0.935754983646234,0.931992876750428,0.9432302970629962,7.483140581920716e-3,5.850687534803001e-5,8.66553398631278e-3
0xfb9a99,juvix,0.45459223960464595,0.45449892066759884,0.4546399105626051,8.992074411802616e-5,1.5462625242435024e-5,1.1668277769538188e-4
0xe31a1c,juvix wasm,0.6547417820415072,0.6521440169999551,0.6562520677080859,2.581130031039399e-3,1.4053940346012283e-3,3.4878553446096756e-3
0xcab2d6,runtime,0.5727027000412667,0.5725233583746103,0.5730424834996484,3.3030753649834684e-4,1.7070226974153933e-5,3.9253377066306833e-4
0x6a3d9a,runtime wasm,1.2868320706661887,1.2843797920832762,1.288618473499696,2.909345546656126e-3,2.3611683943822225e-3,3.3887412389879633e-3
