Color,Name,Mean,MeanLB,MeanUB,Stddev,StddevLB,StddevUB
0xa6cee3,ocaml,0.41405505743735677,0.41382189275009296,0.41438666624965964,3.6045844629756615e-4,9.330262491857866e-5,4.3981941792065114e-4
0x1f78b4,ocaml byte,3.0970386974377484,3.0950707216249307,3.098112132624995,1.999310338413794e-3,1.0481703197018132e-3,2.7965078904288645e-3
0xb2df8a,haskell,1.5226006866454327,1.5220812596872975,1.5234190194992152,9.176398903529997e-4,1.5679346624819144e-4,1.1866014496105589e-3
0x33a02c,haskell strict,1.5228857532081672,1.5223392888747185,1.523828725333298,9.669621342539426e-4,6.650112868508478e-5,1.1632044934775931e-3
0xfb9a99,juvix,1.0114308871040976,1.0108615734998239,1.0118071858125859,6.82342110315491e-4,4.847878749387746e-4,8.120066365485891e-4
0xe31a1c,juvix wasm,1.6125491489165142,1.6098355366248143,1.614107770249575,2.7143424190162082e-3,1.1673028579818226e-3,3.752481723691343e-3
0xcab2d6,runtime,0.446066974833722,0.446021578000682,0.44609795891684223,5.320000692727755e-5,2.7095106634233335e-5,7.155467492023576e-5
0x6a3d9a,runtime wasm,1.1688637910209916,1.1668928810833374,1.1720502398125063,3.426139562503912e-3,5.653181668398011e-4,4.146733980469976e-3
