Color,Name,Mean,MeanLB,MeanUB,Stddev,StddevLB,StddevUB
0xa6cee3,ocaml,0.3146216804300275,0.31452496830006565,0.3147366938399682,1.539016921909948e-4,1.3117730115702015e-4,1.8971049953947754e-4
0x1f78b4,ocaml byte,2.9696758907916965,2.8056537876666616,3.183933856000124,0.2508632992082033,6.293306506388457e-2,0.32883157093965304
0xb2df8a,haskell,0.40152698260404424,0.395352552499844,0.4091170509374251,9.001848630587018e-3,3.1725279166797404e-3,1.1009665404857205e-2
0x33a02c,haskell strict,0.39978296231241,0.39256047468751376,0.40998623099960696,1.105916211278293e-2,2.827804375063664e-3,1.348875556471434e-2
0xfb9a99,juvix,0.5780200342705749,0.5764443805827947,0.5791197805207086,1.8218065020661803e-3,1.0990611489383995e-3,2.539755174219774e-3
0xe31a1c,juvix wasm,1.3470136723748662,1.3467908799996926,1.3471992008747975,2.70431616685688e-4,1.7066920586523282e-4,3.2101974028411436e-4
0xcab2d6,runtime,0.28424469329353086,0.2828832875601256,0.2865481836004619,2.6009418238789883e-3,8.543733058320488e-4,3.4686353880224318e-3
0x6a3d9a,runtime wasm,0.7368615630833233,0.7257117000001472,0.7589213879999193,2.2082129766858884e-2,2.1375475000695587e-4,2.559600549004158e-2
