Color,Name,Mean,MeanLB,MeanUB,Stddev,StddevLB,StddevUB
0xa6cee3,ocaml,0.3587242223954945,0.3503672089996144,0.3628580572496958,8.162035694304586e-3,5.708083754143445e-4,9.65095072953293e-3
0x1f78b4,ocaml byte,2.6955442719792777,2.689658105208234,2.701328200938292,7.43766197708433e-3,3.8912778747999255e-3,9.100259222014465e-3
0xb2df8a,haskell,1.0428830596667542,1.0420130267497143,1.044477598875119,1.6526153783089823e-3,2.2665224992124422e-4,1.9814121125426663e-3
0x33a02c,haskell strict,1.0433791323961639,1.0419261065007959,1.044398379499853,1.7082037683104035e-3,1.4510229273974713e-3,1.9089690199494565e-3
0xfb9a99,juvix,0.45553762860417163,0.4550864119370317,0.45614032412527195,7.805104282693037e-4,3.8247118683582524e-4,9.764433547637624e-4
0xe31a1c,juvix wasm,0.6506669120415154,0.6459357136247945,0.6532702787915241,4.527796476238151e-3,1.702422769189021e-3,6.012217975667417e-3
0xcab2d6,runtime,0.5723077569165677,0.5721084154997698,0.5725581733334668,3.346222279283025e-4,1.7307104961918144e-4,4.515838471719861e-4
0x6a3d9a,runtime wasm,1.278875176333372,1.275695874000121,1.28058593749995,3.097108938939039e-3,1.3580559044723576e-3,4.2150686157971075e-3
