Color,Name,Mean,MeanLB,MeanUB,Stddev,StddevLB,StddevUB
0xa6cee3,ocaml,0.47219900245810703,0.4698829341248256,0.47633201162420846,4.200515044258213e-3,5.165066924715418e-4,5.229058500664204e-3
0x1f78b4,ocaml byte,3.5333715675209305,3.507709305687399,3.54468695554192,2.5119833977262026e-2,6.431589702860369e-3,3.313268583080303e-2
0xb2df8a,haskell,1.9363758270208866,1.9201854705832677,1.9539073733126315,2.4202960168011472e-2,1.24346410795829e-2,3.1666279944274615e-2
0x33a02c,haskell strict,1.9339774679375143,1.9291707907499736,1.9388009928748033,8.04723328300546e-3,3.2763436887438043e-3,1.1100545472537124e-2
0xfb9a99,juvix,0.355778483687421,0.3541366532501039,0.3568116313747396,1.945850070272503e-3,1.619087374820083e-3,2.3334295285247827e-3
0xe31a1c,juvix wasm,0.5564762410625311,0.5529535376249441,0.5584955688125319,4.078108571624623e-3,3.6214971341481717e-3,4.359007234281233e-3
0xcab2d6,runtime,0.4849644809371891,0.4821910206874615,0.4868298421244314,3.052257882571531e-3,1.8161981249704693e-3,4.307867134360985e-3
0x6a3d9a,runtime wasm,1.4355351026878225,1.426703615750057,1.4406198901880316,8.732095752340898e-3,4.697756906805088e-3,1.1742813728071145e-2
