Color,Name,Mean,MeanLB,MeanUB,Stddev,StddevLB,StddevUB
0xa6cee3,ocaml,0.34986031343783,0.3473189102505785,0.35240171662508146,3.953174239625917e-3,1.7037844184921054e-3,5.437786788906347e-3
0x1f78b4,ocaml byte,2.693101243604095,2.6902668827501657,2.6959356044580245,4.514260096778578e-3,2.596707009486099e-3,6.377566765215321e-3
0xb2df8a,haskell,1.0353254186878378,1.0347251605626298,1.0357462777504527,7.096647306198081e-4,4.692634367048662e-4,9.71932372366445e-4
0x33a02c,haskell strict,1.0364164825000823,1.035181063625108,1.0384701166251868,2.228351989968804e-3,3.842744996896963e-4,2.853077680113691e-3
0xfb9a99,juvix,0.877586584083474,0.8757715563338024,0.8793189697503294,2.5768557450508442e-3,1.4448392459409526e-3,3.4038337523949642e-3
0xe31a1c,juvix wasm,1.5096379730208582,1.5070386853751643,1.5122372606665522,3.630538293900667e-3,1.5962127116596336e-3,4.903579740532776e-3
0xcab2d6,runtime,0.5866149381875326,0.586493306437319,0.5866755004376879,1.1564384450995175e-4,2.5125625370492344e-5,1.4103396919192744e-4
0x6a3d9a,runtime wasm,1.2566358885837114,1.2560971330837372,1.257660573250405,1.0123060200116936e-3,1.0492106282821107e-4,1.2442025317501819e-3
