Color,Name,Mean,MeanLB,MeanUB,Stddev,StddevLB,StddevUB
0xa6cee3,ocaml,0.47762301420819614,0.4746568495002066,0.48111137062505804,4.7197793652621585e-3,2.265242846585513e-3,6.588418451602042e-3
0x1f78b4,ocaml byte,3.735028197250358,3.7221899216251586,3.744319147625447,1.4591997436374658e-2,8.629962499981048e-3,2.057011800398863e-2
0xb2df8a,haskell,1.8567945916455149,1.8484205628950197,1.8713531835836268,1.5127229866719247e-2,2.996081231570632e-3,1.9338991013200274e-2
0x33a02c,haskell strict,1.8264492152293315,1.8165845710000212,1.8349115627502215,1.2158597961239413e-2,6.757096624824044e-3,1.4978996894443618e-2
0xfb9a99,juvix,1.104951103687578,1.0964101438744365,1.1134920635007197,1.2724904166363987e-2,4.811117355057279e-3,1.7251627880202663e-2
0xe31a1c,juvix wasm,2.0319323218121403,2.0298678206248346,2.035681409999446,3.9055849751598154e-3,6.712499992620469e-4,4.7171749856346045e-3
0xcab2d6,runtime,0.6378150747086693,0.6286280750000515,0.6470020744172871,1.3278711864268726e-2,5.568928486712379e-3,1.808518041019816e-2
0x6a3d9a,runtime wasm,1.49020270274976,1.4809230912503608,1.4967915714994433,1.0848048064091377e-2,6.098414665376622e-3,1.5216340585139031e-2
