Color,Name,Mean,MeanLB,MeanUB,Stddev,StddevLB,StddevUB
0xa6cee3,ocaml,0.31439934437658545,0.31423619254992446,0.31448813208000503,1.7480791391605234e-4,7.609760668068255e-5,2.240446340544838e-4
0x1f78b4,ocaml byte,2.617446269145887,2.388558040875182,2.796300864374871,0.2882717963272862,0.1879597982052367,0.3793944095797688
0xb2df8a,haskell,0.4322099549374154,0.42778139518749947,0.43931127424972755,7.9820100371202e-3,1.6831141250577275e-3,1.0227320654945192e-2
0x33a02c,haskell strict,0.42702224285416907,0.42410854537513387,0.4312695030623104,4.853948087975353e-3,1.299326349820806e-3,6.427727389822588e-3
0xfb9a99,juvix,0.2815420403199641,0.28145169339995846,0.2815910193399395,9.575324797042654e-5,3.719227877486925e-5,1.281319739100428e-4
0xe31a1c,juvix wasm,0.31929083437000677,0.3191901635399639,0.3193970299200737,1.4733884151485393e-4,1.1828082603027054e-4,1.7228558290408592e-4
0xcab2d6,runtime,0.28211168911669426,0.2818829165834056,0.2825583646999803,4.8071987459399695e-4,5.933562428270088e-5,6.169960065507301e-4
0x6a3d9a,runtime wasm,0.7223884165626373,0.7218857795004396,0.7226946566249808,5.134576080202482e-4,2.125922503213472e-4,7.072311297226167e-4
