Color,Name,Mean,MeanLB,MeanUB,Stddev,StddevLB,StddevUB
0xa6cee3,ocaml,0.4155939017917187,0.41538015437515696,0.41570390458340023,2.0829391559266028e-4,3.5883840432821815e-5,2.650393767198587e-4
0x1f78b4,ocaml byte,3.1078207231457404,3.097986852062263,3.1266573318126802,1.915963599754051e-2,1.6131378749832948e-3,2.2682023226473436e-2
0xb2df8a,haskell,1.5251552516247102,1.5246553869992567,1.5256551162501637,8.547771220544844e-4,8.832600087771425e-5,1.0710716415996187e-3
0x33a02c,haskell strict,1.5221889298749147,1.5186978708749166,1.5238914699998531,3.459072614279313e-3,1.7195750024256995e-4,4.130407415865797e-3
0xfb9a99,juvix,0.9141597304164103,0.9138759293330925,0.9143519624997225,3.417126204856348e-4,2.360924061891177e-4,4.2402566768915935e-4
0xe31a1c,juvix wasm,1.559679855354413,1.5562374236874348,1.5614520219796002,3.263266561997443e-3,7.496257083706714e-4,4.092643512403057e-3
0xcab2d6,runtime,0.4459621566663827,0.4458388555833608,0.44616823349906554,2.209676251862215e-4,6.197912887727423e-5,2.847516538963642e-4
0x6a3d9a,runtime wasm,1.1617762889581325,1.1610028952917069,1.163144723749383,1.4136106456005232e-3,2.553392185924992e-4,1.786076166001598e-3
