Color,Name,Mean,MeanLB,MeanUB,Stddev,StddevLB,StddevUB
0xa6cee3,ocaml,0.31385800324660823,0.31371544450007605,0.3141358480398685,3.0035355002832747e-4,1.0278461213621587e-4,3.8046133059551533e-4
0x1f78b4,ocaml byte,2.7561309958747793,2.600058603624916,2.834375472999909,0.15125597000644445,6.210781117396297e-2,0.20075914429300087
0xb2df8a,haskell,0.42046046674977333,0.41830736499969134,0.4219753866246947,2.7143251545779248e-3,1.4738179096637103e-3,3.498557590346248e-3
0x33a02c,haskell strict,0.416891811041675,0.4073910926249482,0.4211793182917442,9.101084308447267e-3,3.8355348646104933e-3,1.2039395481648417e-2
0xfb9a99,juvix,0.2816918326168009,0.28140644995009095,0.28226077455005905,5.941495222021078e-4,1.0738155525241504e-4,7.79896972924111e-4
0xe31a1c,juvix wasm,0.3186576310667685,0.3184778118000395,0.3188191648667877,2.527618474843637e-4,1.696379939450726e-4,3.5023845087195186e-4
0xcab2d6,runtime,0.2819293869798397,0.28180280175995,0.28217063407988463,2.5628407379244027e-4,4.53458147589159e-5,3.3183355936596296e-4
0x6a3d9a,runtime wasm,0.7444769352914969,0.7217455287914541,0.7898313446666331,4.5333098312872785e-2,1.7349833327290343e-4,5.2495934647434066e-2
