Color,Name,Mean,MeanLB,MeanUB,Stddev,StddevLB,StddevUB
0xa6cee3,ocaml,0.3151793441166834,0.31503246371662197,0.31543248245016003,2.9594916192660206e-4,8.617092654442137e-5,3.968332115940144e-4
0x1f78b4,ocaml byte,2.7052799160207806,2.526036034374897,2.8209186276041196,0.21563579500503932,0.15655333675663005,0.2670561650455294
0xb2df8a,haskell,0.42243620902074025,0.42160227037493314,0.424084060437508,1.6521964318186703e-3,8.262459752203305e-6,1.9122862997573012e-3
0x33a02c,haskell strict,0.4215868116459471,0.4215558793958773,0.4216029826669304,3.035118536496315e-5,1.2997963272889562e-5,4.1552620828912216e-5
0xfb9a99,juvix,0.28292507159996605,0.28225438279998344,0.2841263218999484,1.3549429027039017e-3,2.5703831309533613e-4,1.7748883527381493e-3
0xe31a1c,juvix wasm,0.31874327536324626,0.3186089643665885,0.3188540573632023,1.9394222147145373e-4,1.2154296147626661e-4,2.890625423665762e-4
0xcab2d6,runtime,0.2840384123500341,0.2828811564499999,0.28632664685012965,2.5062450588467892e-3,1.1533176578324995e-4,3.133638446833097e-3
0x6a3d9a,runtime wasm,0.7574177290418712,0.7270093652917163,0.7939926113333133,5.73847693196566e-2,1.2737242687293683e-2,6.97045635673632e-2
