Color,Name,Mean,MeanLB,MeanUB,Stddev,StddevLB,StddevUB
0xa6cee3,ocaml,0.3138418460501483,0.31361361205028215,0.3139936591500282,2.896475848356768e-4,2.3131072891547584e-4,3.364966392427661e-4
0x1f78b4,ocaml byte,2.6218173171043495,2.3466375318751034,2.7724975990418748,0.26328334157313205,0.10001650017934488,0.34798120535279564
0xb2df8a,haskell,0.43165341312499095,0.43156912349991217,0.43170569712515316,9.797533774515131e-5,8.748531866919487e-5,1.0851327192878985e-4
0x33a02c,haskell strict,0.4273495335832725,0.42308528716663807,0.4299133868332395,5.112693706128527e-3,3.4424393332604664e-3,5.920965456124569e-3
0xfb9a99,juvix,0.28146658350342174,0.2813429356701181,0.2815856624500611,1.7023883665272718e-4,1.3676251016656645e-4,2.16875621339355e-4
0xe31a1c,juvix wasm,0.3179339533833869,0.3177285802501501,0.31826182494984095,3.7985121930872657e-4,1.5373888454095388e-4,5.008494769654993e-4
0xcab2d6,runtime,0.2849453586134647,0.281813035433485,0.2911838059401089,6.907411479652743e-3,1.4309372828161856e-4,8.554471142553909e-3
0x6a3d9a,runtime wasm,0.7220936306874061,0.7206395821873457,0.7236059529999086,1.938265143488727e-3,9.872974782026763e-4,2.404467716362284e-3
