Color,Name,Mean,MeanLB,MeanUB,Stddev,StddevLB,StddevUB
0xa6cee3,ocaml,0.430169831125113,0.4278999302500779,0.43243973200014807,3.7245616660752066e-3,1.8275310544426271e-3,5.22029634494391e-3
0x1f78b4,ocaml byte,3.3770618416250877,3.350632746500499,3.4015206913744955,3.374513804739005e-2,1.6791835749700113e-2,4.332917035203078e-2
0xb2df8a,haskell,1.667473561520751,1.6613844835833333,1.6775262073123258,1.0946194900257207e-2,2.119266994744117e-3,1.4062123145138746e-2
0x33a02c,haskell strict,1.657281488874825,1.6525634814995556,1.6613281162499334,6.449515769562052e-3,3.741808057875582e-3,8.892526093426723e-3
0xfb9a99,juvix,0.985828777417017,0.9792989635006961,0.9920908383333351,1.0237869847284994e-2,5.993396739390775e-3,1.4461610222872272e-2
0xe31a1c,juvix wasm,1.8361232876457052,1.812834991562113,1.85236092714581,2.686651890934812e-2,1.5675031337067033e-2,3.749922214555821e-2
0xcab2d6,runtime,0.579521495791596,0.5694293325000217,0.5845242584998687,9.568760954772855e-3,4.280547750113328e-3,1.1654285171648402e-2
0x6a3d9a,runtime wasm,1.3341334721249798,1.3292364901249887,1.3425579813745117,8.650644138149205e-3,1.7237572782525116e-3,1.0939646756637639e-2
