Color,Name,Mean,MeanLB,MeanUB,Stddev,StddevLB,StddevUB
0xa6cee3,ocaml,0.35437857610414386,0.34789143687498836,0.36086571533329936,1.1858715259270299e-2,1.617042875068364e-3,1.3986483026754511e-2
0x1f78b4,ocaml byte,2.693802335333165,2.6920866964166335,2.6955179742496966,2.5255391797200685e-3,1.0984291813634442e-3,3.4741467398651865e-3
0xb2df8a,haskell,0.9319707755831056,0.9319565772499345,0.9319865776663694,2.027106639480954e-5,1.043175688911535e-5,2.6061591215382023e-5
0x33a02c,haskell strict,0.9319665306665001,0.931954923874855,0.9319726549999814,1.1342601279038074e-5,2.0282502646296052e-6,1.4573379397761792e-5
0xfb9a99,juvix,0.45617854570817445,0.4544513844165673,0.4595303176249672,3.3549053911985857e-3,1.1477781080557019e-4,3.98870814657315e-3
0xe31a1c,juvix wasm,0.65175158183312,0.6483122303750406,0.6534057748747273,3.2706906298753608e-3,6.454999997913546e-4,4.122646769185336e-3
0xcab2d6,runtime,0.5720745887081193,0.5719267243334798,0.5721474423330619,1.4312578010025024e-4,4.981666230458644e-6,1.7077540674602956e-4
0x6a3d9a,runtime wasm,1.2827035412288221,1.2816809774373041,1.2834208305620223,1.1791006214903548e-3,7.324197693592282e-4,1.6565087584399292e-3
