Color,Name,Mean,MeanLB,MeanUB,Stddev,StddevLB,StddevUB
0xa6cee3,ocaml,0.41343468185452065,0.41248457706274166,0.4139123092504633,9.338078865008797e-4,5.1051166944177107e-5,1.1265609195615473e-3
0x1f78b4,ocaml byte,3.096469534875041,3.09564258374985,3.097296486000232,1.2547273923295063e-3,4.03949258477453e-4,1.6708759276031985e-3
0xb2df8a,haskell,1.5195222073126236,1.519165214937857,1.52012117881236,6.351747364475857e-4,7.667549986456468e-5,7.889576586840622e-4
0x33a02c,haskell strict,1.519346162125127,1.5185562092497094,1.519844337250182,9.650529464332112e-4,5.835555007251969e-4,1.1504861702162172e-3
0xfb9a99,juvix,1.010115130895997,1.0099908641668662,1.0102393976251278,1.6024017242943092e-4,9.988228551443094e-5,2.147804587216771e-4
0xe31a1c,juvix wasm,1.6126476896252673,1.6072577780014399,1.6144055962496773,3.664161871323836e-3,5.727814080919041e-4,4.63249285934539e-3
0xcab2d6,runtime,0.44575223339567555,0.4456555861252127,0.44584375424938116,1.204294592738532e-4,6.327912852527331e-5,1.4807922956836992e-4
0x6a3d9a,runtime wasm,1.167245839041622,1.1662932542494673,1.1685514893754316,1.5205684853387001e-3,4.469723465704593e-4,2.026004367381532e-3
