Color,Name,Mean,MeanLB,MeanUB,Stddev,StddevLB,StddevUB
0xa6cee3,ocaml,0.4906494675834286,0.48522519270848835,0.4986632521251977,8.812418775090366e-3,2.9804661684857984e-3,1.1338111684993017e-2
0x1f78b4,ocaml byte,4.048137714542236,4.024875594750256,4.060224780917451,2.222296074156525e-2,1.0849230215516804e-2,2.7913884101774696e-2
0xb2df8a,haskell,1.9826071873132303,1.9514367566248438,2.0225418999375506,4.590806613853037e-2,1.4937432501634818e-2,5.760476471742375e-2
0x33a02c,haskell strict,2.148998127521054,2.1440039617712046,2.158138559687586,9.125139437609044e-3,1.2326488745202369e-3,1.1533531760212512e-2
0xfb9a99,juvix,0.4622144864994577,0.46003585274957004,0.46570066087406303,3.529395306523517e-3,1.0925525348628382e-3,4.724955505732424e-3
0xe31a1c,juvix wasm,0.7089053834376197,0.7018980394999137,0.7138597843754724,8.229536911733969e-3,7.131155587194451e-3,9.47592497235562e-3
0xcab2d6,runtime,0.5753974195201863,0.5717665961656166,0.579028242874756,5.953664210334222e-3,1.1511681677802699e-3,7.771372203505851e-3
0x6a3d9a,runtime wasm,1.46774965429222,1.4462153070007844,1.4801729816672378,2.520269449105925e-2,2.173385631359982e-2,2.8690445616789573e-2
