Color,Name,Mean,MeanLB,MeanUB,Stddev,StddevLB,StddevUB
0xa6cee3,ocaml,0.4152091919374925,0.41509041518747836,0.41527143037501446,1.1559187239381307e-4,3.1435099184707444e-5,1.5317333587196557e-4
0x1f78b4,ocaml byte,3.096417005937345,3.093785655937571,3.0980948344998374,2.7591354784200837e-3,1.4210279608823108e-3,3.8747790888359417e-3
0xb2df8a,haskell,1.5198025589377078,1.5197503393751883,1.5198986568752844,9.539173323762982e-5,1.381587514970306e-5,1.2059591391025255e-4
0x33a02c,haskell strict,1.5132516020833198,1.5108317960833422,1.5178983428333102,4.649322268809677e-3,2.17339666657268e-4,5.588302581894951e-3
0xfb9a99,juvix,0.9481975579167852,0.9480329613334675,0.9484816548750814,3.038339237173844e-4,8.060466263784202e-5,3.801195267446411e-4
0xe31a1c,juvix wasm,0.461481061520999,0.4604119655002705,0.4623434909375419,1.3365011138678899e-3,9.012141241567876e-4,1.7455058112886888e-3
0xcab2d6,runtime,0.4495622273751489,0.44556162837528746,0.4574478930001078,7.92495261002114e-3,1.0272599979543884e-4,9.238987637958964e-3
0x6a3d9a,runtime wasm,1.2543888404376655,1.2519566380003653,1.25671081331249,2.9729720729835068e-3,2.6594079998479847e-3,3.3409643497159668e-3
