Color,Name,Mean,MeanLB,MeanUB,Stddev,StddevLB,StddevUB
0xa6cee3,ocaml,0.5180241477709538,0.5114734638324686,0.5254912515418557,9.815228237927407e-3,4.808458814580469e-3,1.2869608474381839e-2
0x1f78b4,ocaml byte,3.702495811625037,3.6928790191251815,3.7097054797497244,1.2079705260828397e-2,6.524832036188675e-3,1.665001533022499e-2
0xb2df8a,haskell,2.032250754167459,2.0086745508751847,2.0431211898758193,2.306380881750578e-2,6.7528890496447e-3,3.0814667273544823e-2
0x33a02c,haskell strict,2.0279037777501494,2.0224685117500485,2.033843714500563,7.233859187000177e-3,9.969742215109895e-5,8.806766033099777e-3
0xfb9a99,juvix,0.47412083093725715,0.46298215087487427,0.4808506554372798,1.3139762124598622e-2,1.1320121999536553e-2,1.5541863946747985e-2
0xe31a1c,juvix wasm,0.7468345622292721,0.7411090939165964,0.7582162611251988,1.0932917087133546e-2,1.6350454164542616e-3,1.3142940182667937e-2
0xcab2d6,runtime,0.5097229822084349,0.5095001361666316,0.5098524447503223,2.594002387569762e-4,2.285934674545846e-4,2.860474214374771e-4
0x6a3d9a,runtime wasm,1.4563080478958454,1.4415717418755776,1.4727362333953806,2.0112596519473853e-2,1.7509306641731035e-2,2.3168092793383586e-2
