Color,Name,Mean,MeanLB,MeanUB,Stddev,StddevLB,StddevUB
0xa6cee3,ocaml,0.3138270479798969,0.3135726010799287,0.31428081769963684,4.8667051712016513e-4,1.2421806424033484e-4,6.486417344585742e-4
0x1f78b4,ocaml byte,2.749346458520923,2.522523620812592,2.8721595896669596,0.22312456494523664,3.9550916166869454e-2,0.2847471849141577
0xb2df8a,haskell,0.4204493032082534,0.41815021308324657,0.42457027345828163,4.193966502820402e-3,4.773261665226014e-4,5.309521210255642e-3
0x33a02c,haskell strict,0.4202279087706984,0.41813667749966044,0.4223191400417363,3.922563892704053e-3,3.423934999773337e-4,4.789277137533644e-3
0xfb9a99,juvix,0.2815050395565989,0.2813703885065236,0.28167782123986396,2.1651514115871373e-4,1.1051577534692197e-4,3.066992543001527e-4
0xe31a1c,juvix wasm,0.3182370708532623,0.318126340866623,0.31835994503984694,1.8381128232251514e-4,1.0835192000983422e-4,2.7542082728386177e-4
0xcab2d6,runtime,0.2820373163332897,0.2817441557332495,0.2824699390333535,5.465022722830196e-4,2.801702405752076e-4,8.028533680688642e-4
0x6a3d9a,runtime wasm,0.7215823481874585,0.7212335108750949,0.7219576103747158,4.842919052821436e-4,2.508347729656297e-4,6.125308188741805e-4
