Color,Name,Mean,MeanLB,MeanUB,Stddev,StddevLB,StddevUB
0xa6cee3,ocaml,0.31383925983669236,0.3137105941266661,0.3139224591667395,1.5296310918197498e-4,9.732972148232945e-5,1.9340543599161272e-4
0x1f78b4,ocaml byte,2.7356774971041395,2.6248017774996697,2.8886503270000503,0.18154215305179683,5.856809337512914e-2,0.23247632973969168
0xb2df8a,haskell,0.4187606445626481,0.4131717212501371,0.42286645068761197,7.1313424378478965e-3,4.437755587025452e-3,9.481953085953168e-3
0x33a02c,haskell strict,0.41649827447908666,0.4024248751664648,0.42376506358338395,1.3667180409253962e-2,3.942134582213704e-3,1.8192239143715632e-2
0xfb9a99,juvix,0.28121023807328127,0.2811274643065917,0.2813619937399653,1.611942827118782e-4,3.776968789101742e-5,2.1428669540107733e-4
0xe31a1c,juvix wasm,0.31868058878332706,0.31859948500006796,0.31873518790000166,9.667199395710541e-5,4.917853799089242e-5,1.3263008845336964e-4
0xcab2d6,runtime,0.28336139558011986,0.2820438285800507,0.2858525044002211,2.7364883478044415e-3,4.0711979130118696e-4,3.552938678753891e-3
0x6a3d9a,runtime wasm,0.7223266237292023,0.7217135113749009,0.7226141627502329,5.875915628239772e-4,9.815142194860105e-5,7.621943467268123e-4
