Color,Name,Mean,MeanLB,MeanUB,Stddev,StddevLB,StddevUB
0xa6cee3,ocaml,0.3137904276567012,0.3134827808466313,0.31404684886671624,4.085696134291277e-4,2.8034954658089426e-4,5.693161087584151e-4
0x1f78b4,ocaml byte,2.8806336421457672,2.704487127312518,2.9626162639790437,0.1674309093612804,6.633101696985899e-2,0.21746219588590926
0xb2df8a,haskell,0.41735152818739607,0.41709309237489833,0.4175783871874046,3.242597494353486e-4,1.6971326632462245e-4,4.1235005741245133e-4
0x33a02c,haskell strict,0.41883539185412627,0.417321965999804,0.4212139258125376,2.4889184990564586e-3,1.3299840613357171e-5,3.0026967083270663e-3
0xfb9a99,juvix,0.2805452422532896,0.28046687257336694,0.2806954463331446,1.6055958332970762e-4,4.313924816831059e-5,2.0745367298607382e-4
0xe31a1c,juvix wasm,0.3170017144365132,0.31685611672660646,0.3172223970697269,2.670912840741065e-4,7.353117123377108e-5,3.548027041408166e-4
0xcab2d6,runtime,0.281715434676471,0.2814305345099001,0.28225035162631684,5.596842740433563e-4,1.687469730289552e-4,7.412441054186884e-4
0x6a3d9a,runtime wasm,0.7233136261041295,0.7212003279998953,0.7254269242083637,3.161887283395156e-3,1.1869700189240358e-3,4.287677773250169e-3
