Color,Name,Mean,MeanLB,MeanUB,Stddev,StddevLB,StddevUB
0xa6cee3,ocaml,0.3138984609600084,0.31379872787989366,0.3139935349999178,1.4065665758892682e-4,9.517015120716078e-5,1.9070231581781881e-4
0x1f78b4,ocaml byte,3.07395407233336,2.998881119499856,3.127780689958437,9.456846130031045e-2,5.920129823861477e-2,0.12430724870162159
0xb2df8a,haskell,0.4164577581250721,0.4096238905000291,0.42103717587508527,7.483998628184009e-3,4.437821618043224e-3,1.05757122828075e-2
0x33a02c,haskell strict,0.41916371237505246,0.4139449980000336,0.4223679253749424,6.124132386025879e-3,5.3264057018372205e-3,6.979102718591798e-3
0xfb9a99,juvix,0.2807698720465487,0.2806732771266252,0.28091068779976924,1.7274492044405427e-4,1.0618488888559687e-4,2.6453608291258696e-4
0xe31a1c,juvix wasm,0.31862658733990734,0.31854737321995347,0.31869478019992437,1.0048104179990708e-4,8.768328804705635e-5,1.1198012403942162e-4
0xcab2d6,runtime,0.28278792229338856,0.2816094977199646,0.2851476246001766,2.590470210152632e-3,5.282867940611469e-5,3.2061906881674053e-3
0x6a3d9a,runtime wasm,0.7291491126043184,0.7217112850003105,0.7399111768750117,1.1563029037146311e-2,2.8914961249029147e-3,1.4182451649589247e-2
