Color,Name,Mean,MeanLB,MeanUB,Stddev,StddevLB,StddevUB
0xa6cee3,ocaml,0.3153614607833151,0.3153057898999395,0.31541448699987085,7.592390065462785e-5,6.60790290638295e-5,8.454312216310771e-5
0x1f78b4,ocaml byte,2.932340303708353,2.706508698125049,3.043852730124968,0.21436092862920683,4.805031125010828e-2,0.2640088354617018
0xb2df8a,haskell,0.41437924660406605,0.4077121199998146,0.42275789816646164,1.0357361734500097e-2,4.004626875143913e-3,1.3200887198710551e-2
0x33a02c,haskell strict,0.4263172926875238,0.4222989295624681,0.42886863800007785,4.737246437118189e-3,1.9704120000672842e-3,5.8920796119951435e-3
0xfb9a99,juvix,0.578657539000119,0.5766010387500273,0.5820612197500168,3.73049404306643e-3,9.665914999459346e-4,4.618788874492026e-3
0xe31a1c,juvix wasm,1.3521218372914063,1.3483369112498167,1.358932908291763,6.903426894615219e-3,3.9156684321940693e-4,8.226724132004969e-3
0xcab2d6,runtime,0.28388405857004423,0.28252197382005156,0.2865702936000768,2.966546347641864e-3,1.1346776695799312e-4,3.717582358567812e-3
0x6a3d9a,runtime wasm,0.7260091136457921,0.7257584039167948,0.726222284687708,3.2778579631399606e-4,1.866936663395155e-4,4.4108882173785074e-4
