Color,Name,Mean,MeanLB,MeanUB,Stddev,StddevLB,StddevUB
0xa6cee3,ocaml,0.4614691831663246,0.4535802047494144,0.4681004185414774,9.719875311268824e-3,6.282708073800371e-3,1.2469107473440034e-2
0x1f78b4,ocaml byte,3.6429697169799056,3.6004550361253678,3.6733093782513606,5.1900492186473066e-2,3.4377799808636235e-2,6.579829096381384e-2
0xb2df8a,haskell,1.8097478444381068,1.7873645503134412,1.8490501613759989,4.179599116524217e-2,6.618400625029608e-3,5.16920035529049e-2
0x33a02c,haskell strict,1.8635916631665925,1.846217786249781,1.8760676753756798,2.0654990320514557e-2,1.5782064494790745e-2,2.489190471753371e-2
0xfb9a99,juvix,1.1124024929175296,1.1060782857512095,1.1187267000838497,9.794019364715547e-3,5.02464028547193e-3,1.3753736550009492e-2
0xe31a1c,juvix wasm,2.035318189354181,2.0164188584994918,2.05421752020887,3.0797841159755698e-2,4.899267943447149e-3,3.944272671924995e-2
0xcab2d6,runtime,0.5908306731046196,0.5623299067294738,0.6311616699176739,4.46999168293209e-2,1.1113690624824812e-2,5.4575622500241554e-2
0x6a3d9a,runtime wasm,1.4569936193543829,1.4112306602501121,1.4852750355211506,5.432279370731715e-2,4.471967960104503e-2,6.531313294778883e-2
