Color,Name,Mean,MeanLB,MeanUB,Stddev,StddevLB,StddevUB
0xa6cee3,ocaml,0.3147787018198687,0.314650836859928,0.3149305163997269,2.113436215522949e-4,1.2211987033247486e-4,2.912670249750444e-4
0x1f78b4,ocaml byte,2.72605447741671,2.6003100802500967,2.927570703000015,0.21702678380132556,5.577308800002356e-2,0.26516417310398843
0xb2df8a,haskell,0.4115231248540188,0.4001764069165195,0.4198031686040243,1.4155942647763585e-2,8.514380384226111e-3,1.9121941951870124e-2
0x33a02c,haskell strict,0.41405200870838144,0.39907812833348544,0.4213603275833293,1.413308344850054e-2,4.318395083373616e-3,1.7702855981938728e-2
0xfb9a99,juvix,0.5798458492294193,0.5778120321876372,0.5808639245003633,2.001346195744038e-3,9.89954958873e-4,2.753494718302763e-3
0xe31a1c,juvix wasm,1.3461141943958144,1.3458637335626804,1.3465416152499756,4.5021675307827425e-4,2.481932554609657e-5,5.414700145891224e-4
0xcab2d6,runtime,0.2834041245199902,0.2822976517200368,0.28558591091999913,2.4157681673246073e-3,1.395704430218075e-4,3.0257719578341176e-3
0x6a3d9a,runtime wasm,0.7311585068957432,0.725898596666563,0.733984557562394,6.0830730843100785e-3,5.403441516167911e-3,6.376328782237192e-3
