Color,Name,Mean,MeanLB,MeanUB,Stddev,StddevLB,StddevUB
0xa6cee3,ocaml,0.41482248641617997,0.41456450333256123,0.41496016437452,2.980303385243261e-4,2.605962506549986e-4,3.064147027000388e-4
0x1f78b4,ocaml byte,3.1093280118545863,3.102720137000688,3.1223548458126515,1.3051096089376489e-2,2.3817633291400853e-4,1.524440081862557e-2
0xb2df8a,haskell,1.6848175273121342,1.6820898953744745,1.6877281926872456,3.5769238175050186e-3,1.6963990001386264e-3,4.352574542100858e-3
0x33a02c,haskell strict,1.6896182848331591,1.6847074132499529,1.692073115000312,4.900721446578716e-3,2.967850059576449e-5,5.670637837544252e-3
0xfb9a99,juvix,0.38309091272901696,0.3830051030621462,0.383198155874652,1.3925118961510767e-4,6.693524162199767e-5,1.7805742119487774e-4
0xe31a1c,juvix wasm,0.6185375332291869,0.6154988716666594,0.6234525756877929,5.448855184575366e-3,8.6376488548343e-4,6.593872252322843e-3
0xcab2d6,runtime,0.4240650264166182,0.42389225150009224,0.42436127366621196,3.2585850958427327e-4,9.748849993229669e-5,3.9852311245980565e-4
0x6a3d9a,runtime wasm,1.1970475492290689,1.1943078904159847,1.1985034793543718,2.6194018614795027e-3,1.2393730451971934e-3,3.362326599059855e-3
