Color,Name,Mean,MeanLB,MeanUB,Stddev,StddevLB,StddevUB
0xa6cee3,ocaml,0.47915855043765987,0.4717599226873972,0.4819999215005737,7.0409978145762105e-3,1.6803050002636155e-3,8.59410444118006e-3
0x1f78b4,ocaml byte,3.722823783957665,3.6975258588749966,3.734547674373516,2.436377815396988e-2,2.947263249552634e-3,2.9923648567058366e-2
0xb2df8a,haskell,1.871108243958967,1.860771674374746,1.8897142215843512,1.9273448788245356e-2,4.4559566711465173e-4,2.3205030668539538e-2
0x33a02c,haskell strict,1.8718106849795124,1.8602210088756692,1.8808733253539078,1.5390996625348851e-2,8.825196900470239e-3,2.0929271438903854e-2
0xfb9a99,juvix,1.1469422072073787,1.1357253883325786,1.1679429839985005,2.0883295706536062e-2,2.219575750586955e-3,2.590413358726841e-2
0xe31a1c,juvix wasm,1.9917267172702395,1.9815590981868354,2.00609318045872,1.718872597626012e-2,7.997696219025404e-3,2.1718577818713627e-2
0xcab2d6,runtime,0.5959753483960716,0.5948784302915253,0.5970722665006178,1.8696280078506285e-3,5.385675206416611e-4,2.4942240341965824e-3
0x6a3d9a,runtime wasm,1.4689816012078911,1.4612342076245568,1.474662652999541,8.805270841305553e-3,4.972867275457011e-3,1.242067634908652e-2
