Color,Name,Mean,MeanLB,MeanUB,Stddev,StddevLB,StddevUB
0xa6cee3,ocaml,0.41505095287485955,0.41487833674955255,0.4153076429997782,2.6631803226565297e-4,1.0016291513999608e-4,3.6351618400165753e-4
0x1f78b4,ocaml byte,3.0959138394375336,3.0954646427503576,3.0961921331876283,5.430282685527709e-4,2.545320555287335e-4,6.758651331698685e-4
0xb2df8a,haskell,1.523710087583633,1.5230515823758424,1.5240588805002062,6.420719754376148e-4,1.4903108346209226e-4,8.464194541156721e-4
0x33a02c,haskell strict,1.5254194347707728,1.524777991874771,1.5260608776667746,8.241417247961076e-4,4.772018617445768e-4,1.095310825878018e-3
0xfb9a99,juvix,1.0102303527292331,1.0099253068336416,1.0105353986248247,4.5182658550516535e-4,1.784903731509399e-4,6.151797502102794e-4
0xe31a1c,juvix wasm,1.613858988520671,1.6121101186666542,1.6149976916456505,2.067950558577309e-3,1.6737628331308096e-3,2.456269988030217e-3
0xcab2d6,runtime,0.4456838677293338,0.44560149350036227,0.44572344856260315,7.784500744759771e-5,2.3375999717245577e-5,9.526212758093648e-5
0x6a3d9a,runtime wasm,1.16760175304114,1.166891292999253,1.168008910958065,8.332162704931172e-4,7.375232074078589e-4,9.402909317571507e-4
