Color,Name,Mean,MeanLB,MeanUB,Stddev,StddevLB,StddevUB
0xa6cee3,ocaml,0.314360367040008,0.3139479991999906,0.31457423447986,4.454768802628609e-4,1.5698257379252728e-4,6.099431158316998e-4
0x1f78b4,ocaml byte,2.8062485574791176,2.6899188349168903,2.8589143501873195,0.11444598269165811,4.217635157486725e-2,0.1555154212694868
0xb2df8a,haskell,0.42845811283338736,0.42303844550002623,0.4321942240834081,6.142520417161812e-3,3.74686385946622e-3,8.62817934368739e-3
0x33a02c,haskell strict,0.42408194041668895,0.4200632951250327,0.4285555230832566,5.680582450297109e-3,3.070366173564793e-3,7.277341082787917e-3
0xfb9a99,juvix,0.2811492884566572,0.2810872448167023,0.2812216926299425,1.0200172110225805e-4,7.629817067350967e-5,1.3073407147827339e-4
0xe31a1c,juvix wasm,0.318276712066654,0.31818183440009307,0.31841043526655993,1.5867410850700374e-4,8.246778866068177e-5,2.1305038209740385e-4
0xcab2d6,runtime,0.2833050891467034,0.28208361334674614,0.2857586613333599,2.6781281899888e-3,9.526368532261024e-5,3.3417641906329874e-3
0x6a3d9a,runtime wasm,0.7218610904167045,0.7211514074999741,0.722570773333435,1.184754885302144e-3,4.3542957890861515e-4,1.6170493699388612e-3
