Color,Name,Mean,MeanLB,MeanUB,Stddev,StddevLB,StddevUB
0xa6cee3,ocaml,0.31473988375328493,0.31449297045324176,0.3149645925999721,3.5050160024643185e-4,2.5014680324486925e-4,4.4404681029847016e-4
0x1f78b4,ocaml byte,3.0312479997083415,2.951095014333305,3.0737702389583887,7.649371585799383e-2,3.824162647114861e-2,9.820090511024186e-2
0xb2df8a,haskell,0.4181954861249058,0.40678789437509977,0.4239836098747863,1.0764654048237447e-2,3.40341315425242e-3,1.336709922038542e-2
0x33a02c,haskell strict,0.42539844608340144,0.4250261272499074,0.4256059875835187,4.212944164828351e-4,3.670316269287122e-4,4.7929656384287217e-4
0xfb9a99,juvix,0.281508469703355,0.28140564613995595,0.2816054958500899,1.4428686027824573e-4,8.817192448748706e-5,1.9162638780986123e-4
0xe31a1c,juvix wasm,0.3219469473031404,0.32184317668982654,0.3220605954664279,1.6681238604916837e-4,1.056972358856346e-4,2.4951230898548105e-4
0xcab2d6,runtime,0.28399340077658053,0.2823578649097726,0.28720804710992526,3.391362211161699e-3,5.191190836441473e-4,4.410587729529709e-3
0x6a3d9a,runtime wasm,0.7259360863542194,0.7246723610833972,0.7270221050625878,1.5564580339823783e-3,8.724661667353639e-4,1.911011348716629e-3
