Color,Name,Mean,MeanLB,MeanUB,Stddev,StddevLB,StddevUB
0xa6cee3,ocaml,0.31550252858332895,0.3140917621999506,0.31691329496670734,1.9731240170017e-3,1.7086196656749834e-3,2.2094526388208285e-3
0x1f78b4,ocaml byte,2.7669723328750897,2.7190132635001496,2.8477945426250435,8.131326335438636e-2,2.879010656372176e-2,0.11075672645482242
0xb2df8a,haskell,0.41909454458326917,0.4187300960833606,0.4195232015833123,5.721254446767884e-4,2.7084376257027103e-4,7.578239975612654e-4
0x33a02c,haskell strict,0.42069195168763446,0.41921369600000463,0.42325050156250654,2.6158121082356833e-3,3.2138300025508215e-4,3.2370348060741577e-3
0xfb9a99,juvix,0.2811659203400874,0.28093091340015236,0.281470296200132,4.0554548058768124e-4,1.5983325028563235e-4,5.401678709990592e-4
0xe31a1c,juvix wasm,0.32045998337319664,0.3190522153799975,0.3232017683398226,3.0317317568821075e-3,1.5891127727613594e-4,3.796769917204423e-3
0xcab2d6,runtime,0.2836374038532389,0.282264134386575,0.2863018359198577,2.924506356048072e-3,2.248589151126047e-4,3.713763109074846e-3
0x6a3d9a,runtime wasm,0.7221787245416257,0.7219079863749585,0.7223298491665749,2.664424296889949e-4,1.2402175002534932e-4,3.490073715825494e-4
