Color,Name,Mean,MeanLB,MeanUB,Stddev,StddevLB,StddevUB
0xa6cee3,ocaml,0.3140302798866772,0.3138085890399816,0.3142437603333444,3.2568742970336866e-4,2.679970576492372e-4,3.8528749102997276e-4
0x1f78b4,ocaml byte,2.9615353820417645,2.88253530087502,3.0229347170417973,0.10377820408922386,5.16188335667776e-2,0.1417956903613318
0xb2df8a,haskell,0.4107492013334498,0.4020695380837272,0.4170173022083266,1.0643111627854014e-2,6.308173667079813e-3,1.4475558909671482e-2
0x33a02c,haskell strict,0.4179207632916094,0.41264221283305835,0.4228136033750616,7.930503948632116e-3,4.8181378736613595e-3,1.1168388604080164e-2
0xfb9a99,juvix,0.2813780300465987,0.28118704614656964,0.2816866480666249,3.501965206162895e-4,1.4469308360239125e-4,4.856961745407558e-4
0xe31a1c,juvix wasm,0.3186248191899782,0.3185285067400764,0.3187169670397513,1.434183413597842e-4,1.1262778855957478e-4,1.7910801491320192e-4
0xcab2d6,runtime,0.2830450360667752,0.2817350873334029,0.2856612363001932,2.891368400797412e-3,7.728556365562984e-5,3.582385669117718e-3
0x6a3d9a,runtime wasm,0.721866818729192,0.7212335880624323,0.7230770142501797,1.214939190196927e-3,6.060849939300674e-5,1.4623835836513916e-3
