Color,Name,Mean,MeanLB,MeanUB,Stddev,StddevLB,StddevUB
0xa6cee3,ocaml,0.3130655186465052,0.31298074854667596,0.31320800884651057,1.5817965512878663e-4,4.6645004051392276e-5,2.029394882603329e-4
0x1f78b4,ocaml byte,2.85256611689609,2.7261213151670445,2.9361320423128063,0.15408889733991726,9.862318840358675e-2,0.19298723813768554
0xb2df8a,haskell,0.421269044875108,0.421232933250072,0.421288599500258,3.562546645337659e-5,1.868825070788188e-5,4.6585238535080545e-5
0x33a02c,haskell strict,0.4213584786667563,0.421259723833335,0.4215456271669306,1.9009586458013902e-4,8.220614177415088e-6,2.2572278590040804e-4
0xfb9a99,juvix,0.28019204598670816,0.28014378653321426,0.28024677464018166,7.662450086200515e-5,6.270169254173846e-5,9.777373471616181e-5
0xe31a1c,juvix wasm,0.31641066521650524,0.31622826501662227,0.31675073919959684,3.541017507470809e-4,1.0552128276420416e-4,4.8077963998939717e-4
0xcab2d6,runtime,0.2822773508965414,0.2809536279666039,0.2849175009663062,2.928322149315021e-3,5.441469115090433e-5,3.623453929120371e-3
0x6a3d9a,runtime wasm,0.719744189749766,0.719638830749697,0.719816590124727,1.299699520689466e-4,8.99407232870538e-5,1.6720150389273286e-4
