Color,Name,Mean,MeanLB,MeanUB,Stddev,StddevLB,StddevUB
0xa6cee3,ocaml,0.31355219990322747,0.3132880767566682,0.3140172212499692,5.139419786259638e-4,1.1007002097531272e-4,6.830432947662048e-4
0x1f78b4,ocaml byte,2.8764224989789113,2.6752059408541413,2.9773372676662575,0.19626019407358086,1.4156149398012186e-3,0.2330526754673925
0xb2df8a,haskell,0.39247507558343386,0.39053735558331937,0.396216450583438,3.7297809432716767e-3,1.8922916683550284e-4,4.474972654720903e-3
0x33a02c,haskell strict,0.39933456566653075,0.39338642691624653,0.4041232641247916,7.248876526904691e-3,3.9532178039696445e-3,1.007433582452434e-2
0xfb9a99,juvix,0.2810101785900224,0.28091138805011723,0.2811758779000229,1.8275791353375854e-4,9.272197372404929e-5,2.783290515367043e-4
0xe31a1c,juvix wasm,0.3178351849433724,0.3166345900134305,0.32009984678337183,2.4279847197434946e-3,1.7061257980644775e-4,3.104834298575979e-3
0xcab2d6,runtime,0.28163694514317894,0.2812320272531966,0.28204186303316114,5.573593473292475e-4,4.6440772773144223e-4,6.166639574635323e-4
0x6a3d9a,runtime wasm,0.7233385069582141,0.7211212439998462,0.7273096667499885,4.050620629230084e-3,7.571928177718336e-4,5.120549463511532e-3
