Color,Name,Mean,MeanLB,MeanUB,Stddev,StddevLB,StddevUB
0xa6cee3,ocaml,0.41609427806285265,0.41597523975027195,0.41618567868772516,1.4532879862328758e-4,9.239121288860361e-5,1.8241511622258072e-4
0x1f78b4,ocaml byte,3.1065402912915565,3.1055861054166676,3.1079158302496808,1.5263682626300967e-3,6.021662786471944e-4,2.008507670617631e-3
0xb2df8a,haskell,1.70230606002076,1.7022482193333417,1.70238430843699,8.843753377145661e-5,2.7353833502274938e-5,1.1030060343563886e-4
0x33a02c,haskell strict,1.694511903062183,1.69220580149954,1.6971784394995666,3.1330577075542464e-3,1.2971111252682022e-3,3.831844869815017e-3
0xfb9a99,juvix,0.31353444769999744,0.31300182510006685,0.31416337059994476,8.563358149877734e-4,7.169556680436484e-4,9.527042347802718e-4
0xe31a1c,juvix wasm,0.4839015341041583,0.48262614087525435,0.4846020021871027,1.4756430886543994e-3,1.2883994751442156e-3,1.5615726963180874e-3
0xcab2d6,runtime,0.4250276631044774,0.4245702262084402,0.4252743544375335,5.285541089490686e-4,4.613185540476005e-4,5.42487165650487e-4
0x6a3d9a,runtime wasm,1.2634198551043407,1.2611714149376212,1.2647807934169275,2.2784441681817026e-3,9.210291122121869e-4,3.142952404489782e-3
