Color,Name,Mean,MeanLB,MeanUB,Stddev,StddevLB,StddevUB
0xa6cee3,ocaml,0.3144415975900362,0.3143188137700418,0.314557982799973,1.7192862832226058e-4,1.447023531328645e-4,1.9869046549828286e-4
0x1f78b4,ocaml byte,2.7132641877707706,2.575437579666489,2.841370685750121,0.1854513486887908,7.057707475968057e-2,0.2517667836848779
0xb2df8a,haskell,0.42531552068739603,0.42509773899996617,0.4254645486873301,2.591721987564059e-4,1.3236339514966912e-4,3.441654235148251e-4
0x33a02c,haskell strict,0.42484045056259373,0.42353394500022057,0.4259001690624018,1.574519290370211e-3,1.0448464075553238e-3,1.936343457836274e-3
0xfb9a99,juvix,0.2813437075865962,0.2812488101866378,0.2815279507998639,1.9971022928932757e-4,2.5647376957256676e-5,2.579628902683046e-4
0xe31a1c,juvix wasm,0.3188933979301267,0.318697638600194,0.31904648499004906,2.7325452448389263e-4,1.964609591352861e-4,3.958841423772047e-4
0xcab2d6,runtime,0.2818610672799999,0.2817480999000206,0.28195956246005155,1.679690949217663e-4,1.1646467830499269e-4,2.256712787884655e-4
0x6a3d9a,runtime wasm,0.7216095413540415,0.7212625394997758,0.72192356202072,5.169590007119899e-4,2.872519660628342e-4,7.251996657517882e-4
