Color,Name,Mean,MeanLB,MeanUB,Stddev,StddevLB,StddevUB
0xa6cee3,ocaml,0.3140226182032408,0.31359718874991815,0.31473237033330104,8.139725184233936e-4,4.107657997709011e-4,1.047236401266874e-3
0x1f78b4,ocaml byte,2.677477211958395,2.574895331333513,2.8254348678750603,0.15973706350599584,3.937997733324505e-2,0.19466487465172388
0xb2df8a,haskell,0.4309016140208162,0.42539409506252923,0.43847873181232444,8.851687780155397e-3,2.401434083443149e-3,1.1427420410135227e-2
0x33a02c,haskell strict,0.42405405016673586,0.4215844462498808,0.4259661822917072,2.8821243941185935e-3,1.6785576376443351e-3,4.05012416666691e-3
0xfb9a99,juvix,0.2811291546100953,0.2810387712599428,0.2812001738500991,1.2481918252250717e-4,6.86089569082897e-5,1.714745400174091e-4
0xe31a1c,juvix wasm,0.317683933516743,0.3175409907166765,0.31781680705017606,2.1600498142184787e-4,1.377729984725284e-4,3.0829330977870346e-4
0xcab2d6,runtime,0.28287747343329406,0.2814667595666257,0.285644937299885,3.0658215471030576e-3,1.2623785902656816e-4,3.8262049363205425e-3
0x6a3d9a,runtime wasm,0.7295723272291639,0.7205766081663114,0.7361782425000456,1.0663533539985387e-2,9.812435653723814e-3,1.20541298454628e-2
