Color,Name,Mean,MeanLB,MeanUB,Stddev,StddevLB,StddevUB
0xa6cee3,ocaml,0.31391007278996463,0.31381747846992764,0.3140088209400892,1.459916309677329e-4,8.492939348114064e-5,1.966752910430523e-4
0x1f78b4,ocaml byte,2.762679674479178,2.5728480754374345,2.865246831708343,0.1808276645141052,6.828222035287554e-2,0.23686870334509177
0xb2df8a,haskell,0.4217139408125945,0.42064421762506754,0.4228025606252004,1.4588998295706748e-3,7.421514550042776e-4,1.967686360709914e-3
0x33a02c,haskell strict,0.42269254768746123,0.4209065587499481,0.4238440691249252,2.2060323525778525e-3,1.2969931154306362e-3,2.6593248475898566e-3
0xfb9a99,juvix,0.28133869107354564,0.281316569540204,0.281371424000281,4.018733394410452e-5,1.81205694956096e-5,5.638228622950058e-5
0xe31a1c,juvix wasm,0.3181892347165649,0.3180905402162807,0.3182582709000235,1.193694807124697e-4,7.248425967273415e-5,1.7441403290259974e-4
0xcab2d6,runtime,0.2834017942799528,0.28215647460015136,0.2857090380797581,2.5107379500275916e-3,3.4298575075893383e-4,3.2407377077034007e-3
0x6a3d9a,runtime wasm,0.721686170291567,0.7212946877498325,0.7220776528333015,6.276765053546072e-4,2.833993360681219e-4,8.719204388973456e-4
