Color,Name,Mean,MeanLB,MeanUB,Stddev,StddevLB,StddevUB
0xa6cee3,ocaml,0.3130593807633795,0.3123773309666831,0.3138668468301057,1.1935896034348209e-3,6.676458182094506e-4,1.821564332914188e-3
0x1f78b4,ocaml byte,2.9177884018749296,2.842696174875016,3.0027928394997616,0.10748216062671821,4.88670002973002e-2,0.13727632986319757
0xb2df8a,haskell,0.41069888014576844,0.40768543499984844,0.41268693012500535,3.287748164904179e-3,1.6756813585431982e-3,4.5912047626994615e-3
0x33a02c,haskell strict,0.40800876031247907,0.3957722819376386,0.41346634318745146,1.176019853350802e-2,5.040244185687896e-3,1.565518856662866e-2
0xfb9a99,juvix,0.2808875394165534,0.27970377541646485,0.28266347619985027,2.2253748692124616e-3,7.56625017252362e-4,3.0550423461126377e-3
0xe31a1c,juvix wasm,0.31744074654333415,0.3170790487800514,0.3179604599999948,6.002182538373925e-4,3.1098533692645316e-4,7.798362404047994e-4
0xcab2d6,runtime,0.2801182200300051,0.27842205023008015,0.28098763197995746,1.7682667766759548e-3,8.360265492417376e-4,2.3436628342064824e-3
0x6a3d9a,runtime wasm,0.7233718143125619,0.7208691199375229,0.7281438511251584,4.790973625322481e-3,2.5647284597850144e-4,5.779725084512579e-3
