Color,Name,Mean,MeanLB,MeanUB,Stddev,StddevLB,StddevUB
0xa6cee3,ocaml,0.31366713486019765,0.3135798972200882,0.3138050941604161,1.6699174399592993e-4,5.0750568241183884e-5,2.2679111277850204e-4
0x1f78b4,ocaml byte,2.854518035416637,2.6379578306249982,2.961644396541677,0.21151841514545547,2.234184008322404e-2,0.2507266804272429
0xb2df8a,haskell,0.425749205770785,0.42164543099988805,0.4282466517083776,4.936439345354605e-3,3.3029826668098394e-3,5.767604337422503e-3
0x33a02c,haskell strict,0.42157252718760674,0.42149931750009273,0.4216165229376543,8.789160950481499e-5,5.849495172412045e-5,1.016038325325937e-4
0xfb9a99,juvix,0.2812269199734601,0.2810118182667793,0.28148458433365703,3.7918823701085466e-4,1.987248232126081e-4,5.74314670341673e-4
0xe31a1c,juvix wasm,0.31731695283648753,0.31718806251662196,0.31743938693980456,2.001226202190404e-4,1.569898080274602e-4,2.5127370252147957e-4
0xcab2d6,runtime,0.2828587921666258,0.281491684466655,0.28558454930007426,3.011935613871583e-3,7.720599490743975e-5,3.7428373307648185e-3
0x6a3d9a,runtime wasm,0.7265100922918274,0.7218405590418039,0.7313698833333622,6.59223334707304e-3,3.080401571802367e-3,8.830889621110947e-3
