Color,Name,Mean,MeanLB,MeanUB,Stddev,StddevLB,StddevUB
0xa6cee3,ocaml,0.31370790006671695,0.31361226060002084,0.31381816893329717,1.574283541169909e-4,8.590743284522931e-5,2.2639071210717393e-4
0x1f78b4,ocaml byte,3.014519216312408,2.9098999456248293,3.091462834187439,0.13028529099757888,8.000030435225153e-2,0.17769367397029168
0xb2df8a,haskell,0.4106045551667232,0.39689627383343884,0.42330572374999065,1.825744739672861e-2,9.530425728419547e-3,2.46163916286736e-2
0x33a02c,haskell strict,0.41038794952082,0.40490941824987203,0.4193180528333566,9.381583892362943e-3,2.107280225838509e-3,1.2185624641031548e-2
0xfb9a99,juvix,0.28110541285008367,0.2810299944000144,0.2812505426002099,1.5565543059763964e-4,2.2185148489652952e-5,2.0166880112323812e-4
0xe31a1c,juvix wasm,0.3182644105634821,0.31812144338013243,0.31836889678028457,1.9294343693104595e-4,1.5212158787278825e-4,2.2589301532446767e-4
0xcab2d6,runtime,0.28272544406661837,0.28126827386649894,0.28559532306670005,3.1564916901541656e-3,5.217652532537231e-5,3.927875769722249e-3
0x6a3d9a,runtime wasm,0.7283886045415026,0.7211221862497723,0.7426096673749498,1.4328699718712487e-2,2.2523925008499646e-4,1.665204786155893e-2
