Color,Name,Mean,MeanLB,MeanUB,Stddev,StddevLB,StddevUB
0xa6cee3,ocaml,0.31493859143340164,0.3142400240000461,0.3162968629000898,1.5019061388218402e-3,1.310651569559041e-4,1.9128541796337507e-3
0x1f78b4,ocaml byte,2.674487200291859,2.330274211500239,2.8260567529168648,0.3325567814677128,0.15040146780040514,0.4448909589136382
0xb2df8a,haskell,0.42271458733335976,0.4198706757501327,0.42460888241663497,3.1902502669282078e-3,1.554768161107281e-3,4.374687105014109e-3
0x33a02c,haskell strict,0.4230183505624723,0.41838597874993866,0.42747098518754,5.357065388731682e-3,4.8039646250117585e-3,5.565949167222193e-3
0xfb9a99,juvix,0.2815850506800204,0.28151989548010536,0.28164336227998926,9.410240428228911e-5,5.902910781114869e-5,1.2147687348652499e-4
0xe31a1c,juvix wasm,0.3184647162100161,0.31839267040001384,0.3185367620200183,1.04430291320827e-4,6.936080742678032e-5,1.5073697221776227e-4
0xcab2d6,runtime,0.28332377644330337,0.2818736745433125,0.2861658557832925,3.1382885133738577e-3,1.4541477124470565e-4,3.920003407851755e-3
0x6a3d9a,runtime wasm,0.7234119344998741,0.7215777547498874,0.7269091922499911,3.557950716141381e-3,1.7045799972947862e-4,4.235856689587934e-3
