Color,Name,Mean,MeanLB,MeanUB,Stddev,StddevLB,StddevUB
0xa6cee3,ocaml,0.490548300000152,0.4890283359994404,0.49144751237531636,1.760984315121772e-3,1.52875048556334e-3,1.883293773410628e-3
0x1f78b4,ocaml byte,3.6820922459168437,3.6684721575832855,3.6935302039170588,1.6636614521092694e-2,1.0213549857191228e-2,2.016059354680172e-2
0xb2df8a,haskell,2.0236597756665256,2.0224268018331104,2.026087763417005,2.4398702812432537e-3,3.34831662864854e-5,2.843984894697679e-3
0x33a02c,haskell strict,2.0055749164378085,2.003070971313946,2.0098845131251437,4.690320488129062e-3,1.2668931253756455e-3,5.745174133613067e-3
0xfb9a99,juvix,0.45332295139511797,0.4517458530823812,0.45530785489533326,2.3846090086354355e-3,9.133644753745816e-4,3.068182176463372e-3
0xe31a1c,juvix wasm,0.7355512692921972,0.7321437477503423,0.7376186050840563,4.025584943042222e-3,3.288987333083526e-3,4.7743075037409485e-3
0xcab2d6,runtime,0.5044318082709651,0.502440056749947,0.5057463276043563,2.1478419214824105e-3,1.2510968798613176e-3,3.0357523639535475e-3
0x6a3d9a,runtime wasm,1.4234030109993607,1.4138334818730982,1.4283270137496706,9.460929663765882e-3,4.20898227012644e-3,1.306339970164913e-2
