Color,Name,Mean,MeanLB,MeanUB,Stddev,StddevLB,StddevUB
0xa6cee3,ocaml,0.486425848770826,0.4838680436666133,0.4889836538750387,4.170044102491324e-3,2.131211301357151e-3,5.860816623591844e-3
0x1f78b4,ocaml byte,3.8108502964581326,3.77453571666653,3.8533081189993936,5.6105249836453035e-2,2.575242085301552e-2,7.780730415746705e-2
0xb2df8a,haskell,1.9423576815001222,1.9113117824998276,1.9734035805004169,4.956608961070483e-2,2.539534588964154e-2,6.967510506795335e-2
0x33a02c,haskell strict,1.8680263953328147,1.8343489650828058,1.8896056654994027,3.5631846639083094e-2,1.9449660283639408e-2,5.0254712863953624e-2
0xfb9a99,juvix,1.1082966558128646,1.0908794661877437,1.1171892455004127,1.7716095544213585e-2,1.4506675088887781e-2,2.053655619959497e-2
0xe31a1c,juvix wasm,1.9482375058328216,1.934682038916435,1.9653662080818322,2.034898800926843e-2,6.662804359767127e-3,2.705428931988673e-2
0xcab2d6,runtime,0.5674643333125763,0.5556206837500213,0.5747173726877008,1.3884009443795746e-2,1.208820943753216e-2,1.5782639649802543e-2
0x6a3d9a,runtime wasm,1.482840116728615,1.463160331414959,1.4959414029165903,2.2274686799875095e-2,1.0659763127734747e-2,3.025612442943157e-2
