Color,Name,Mean,MeanLB,MeanUB,Stddev,StddevLB,StddevUB
0xa6cee3,ocaml,0.3152641413166839,0.31389810371662863,0.31797257125012945,3.014176914685155e-3,5.4026958639751335e-5,3.7287065368451703e-3
0x1f78b4,ocaml byte,2.7955906428124044,2.474363256437016,2.950524130562542,0.30436514857101754,8.745248369135317e-3,0.3709729792872652
0xb2df8a,haskell,0.4204180476460048,0.4189385747504275,0.42112131062503977,1.4224976574940373e-3,2.150611951873126e-4,1.8158787466342776e-3
0x33a02c,haskell strict,0.4209214432498811,0.4203972272498504,0.42181757824971555,9.240756215509458e-4,1.3982650011712394e-4,1.1818256085434943e-3
0xfb9a99,juvix,0.28135063008998257,0.2813038287299423,0.2814380948000689,9.401753980048794e-5,1.595356898643505e-5,1.2320630875583725e-4
0xe31a1c,juvix wasm,0.3184427988765401,0.3182719654799439,0.3185493491764555,2.025996291906997e-4,1.2030984522451396e-4,2.7310558999165e-4
0xcab2d6,runtime,0.28315513476673915,0.281732506733415,0.285964275700062,3.115572642003406e-3,8.201383047852376e-5,3.864320163942279e-3
0x6a3d9a,runtime wasm,0.7216440601249966,0.7212877925000308,0.7220008377498743,6.779078359154049e-4,5.474994627378805e-5,8.22764836710137e-4
