Color,Name,Mean,MeanLB,MeanUB,Stddev,StddevLB,StddevUB
0xa6cee3,ocaml,0.31432448566324334,0.31411692631992993,0.31453437426647113,3.1960529345832506e-4,1.8277868196870585e-4,4.369739513992887e-4
0x1f78b4,ocaml byte,2.744248624770781,2.6125600893750516,2.8537631272499766,0.16041970530920702,0.11031562068794529,0.20316833487899374
0xb2df8a,haskell,0.41937360308329136,0.418866962999914,0.4200702988748617,8.459484242467201e-4,2.9841868576894115e-4,1.1516832095424066e-3
0x33a02c,haskell strict,0.4190795162292602,0.4185556750833257,0.4193570965626918,6.063732579116272e-4,5.284942415666852e-4,6.410443209139563e-4
0xfb9a99,juvix,0.28211496097009936,0.28203669790015434,0.28219258865002905,1.195359139537649e-4,1.0050924487277407e-4,1.4567653624966313e-4
0xe31a1c,juvix wasm,0.3182240042134496,0.31808258196673095,0.31837760389351993,2.3795334898664295e-4,1.6424612486751607e-4,3.0300472438113895e-4
0xcab2d6,runtime,0.28205984347322255,0.28194564205316663,0.2822800096332382,2.281160801053452e-4,5.307544093353776e-5,3.0277997329542655e-4
0x6a3d9a,runtime wasm,0.7233056369790726,0.72072658547908,0.7282894171665172,4.9743484239988586e-3,2.2784333335340579e-4,5.956064311098547e-3
