Color,Name,Mean,MeanLB,MeanUB,Stddev,StddevLB,StddevUB
0xa6cee3,ocaml,0.4447355252914349,0.43843398241642717,0.45603760412450356,1.1812488549900095e-2,9.641692504374078e-4,1.4552789900782716e-2
0x1f78b4,ocaml byte,3.239070873833043,3.197321695833125,3.273724013499759,4.987481990541312e-2,4.626856407989587e-2,5.707449991336148e-2
0xb2df8a,haskell,1.7992037851041307,1.762487191187347,1.8500295416251902,5.7953297571896385e-2,1.6494586213891868e-2,7.511368658015866e-2
0x33a02c,haskell strict,1.8187907596672328,1.813758208750187,1.8276520894179764,9.521842937145267e-3,2.370676166871477e-3,1.1600897096586401e-2
0xfb9a99,juvix,0.3324960759997945,0.32639409299948363,0.3364851222501481,7.558692663461826e-3,4.387228117199201e-3,9.212307705805998e-3
0xe31a1c,juvix wasm,0.57756958300043,0.5694923407501544,0.5838754332506824,1.0749109878099225e-2,5.84046561134386e-3,1.4562737357810648e-2
0xcab2d6,runtime,0.49833995550019,0.4897506782504782,0.5088160057500772,1.4241314792680504e-2,6.922886410912195e-3,1.9836086129061774e-2
0x6a3d9a,runtime wasm,1.2452909318122163,1.2157370526244904,1.2587003553123473,2.8219517673273756e-2,1.0235612805194978e-2,3.728402334861167e-2
