Color,Name,Mean,MeanLB,MeanUB,Stddev,StddevLB,StddevUB
0xa6cee3,ocaml,0.31686738387650315,0.3146201139998084,0.3213251979498182,4.879572810967702e-3,2.3603619466473044e-3,6.120876215643686e-3
0x1f78b4,ocaml byte,2.7628769806668174,2.6976532583333324,2.880605761667084,0.12337908959442764,1.7421292500216623e-2,0.1483498043709551
0xb2df8a,haskell,0.43143320270847124,0.43141491133341486,0.43145120750034494,2.5156159904741593e-5,9.418796052382914e-6,3.3870831073380964e-5
0x33a02c,haskell strict,0.43146221866661943,0.4313809219999598,0.43149940274992105,7.752024157779721e-5,2.9853890580157512e-5,1.0187364750549969e-4
0xfb9a99,juvix,0.28111319890335534,0.2810416763866791,0.28122081410001554,1.3495201368577146e-4,6.26578612610257e-5,1.9586686460649057e-4
0xe31a1c,juvix wasm,0.3173550400067355,0.31719835336669655,0.31760773640007756,2.8322898367306835e-4,9.460630993451849e-5,3.874564197126308e-4
0xcab2d6,runtime,0.28321768591004304,0.2816282924600152,0.2863377196000632,3.451441501905878e-3,9.439124038706018e-5,4.2902874256131995e-3
0x6a3d9a,runtime wasm,0.7202699225207994,0.7200176564999765,0.7205221885416222,4.094256103563249e-4,2.412429411774564e-4,5.78821790799914e-4
