Color,Name,Mean,MeanLB,MeanUB,Stddev,StddevLB,StddevUB
0xa6cee3,ocaml,0.314260757876779,0.314203063700279,0.31433301786009904,9.775989783898341e-5,8.223600891236957e-5,1.2225322683068814e-4
0x1f78b4,ocaml byte,2.7128200978331733,2.610998049624982,2.803745395082842,0.13923728568612811,7.967831698606484e-2,0.1858010898177881
0xb2df8a,haskell,0.4237341324374597,0.42296226574990214,0.4245059991250173,1.301168358014545e-3,3.6899469193860763e-4,1.7335405156242844e-3
0x33a02c,haskell strict,0.4247094724999556,0.42402964699999757,0.42538929799991365,9.961824201666885e-4,4.975504716771974e-4,1.3874096472589444e-3
0xfb9a99,juvix,0.2813144255832382,0.2811662666499524,0.28155817419981755,2.8268115206777863e-4,1.309665153144144e-4,3.757957328967177e-4
0xe31a1c,juvix wasm,0.3194114247100788,0.3192721187200368,0.3196279787500771,2.558615808821216e-4,9.324036085738208e-5,3.4012873259696804e-4
0xcab2d6,runtime,0.28374441355329205,0.28223500838657245,0.2866364030999648,3.115328271940597e-3,2.6764584828852835e-4,3.962714833965568e-3
0x6a3d9a,runtime wasm,0.7246183500415858,0.7226675084998533,0.7279083391250651,3.4737415982630197e-3,7.356627500030299e-4,4.232162380212323e-3
