Color,Name,Mean,MeanLB,MeanUB,Stddev,StddevLB,StddevUB
0xa6cee3,ocaml,0.3132277850666287,0.3130078210665306,0.31333690686667975,2.2897791243554867e-4,5.916892589126588e-5,3.020037816198272e-4
0x1f78b4,ocaml byte,2.610246339645793,2.2409161248330443,2.780099665208392,0.35253204822671574,0.13827996376897544,0.46067214282273244
0xb2df8a,haskell,0.4232465806457526,0.42157039175003774,0.42656446893766997,3.3219264916152062e-3,1.1738252643542658e-5,3.8503204842786245e-3
0x33a02c,haskell strict,0.4215596632916269,0.42154046733340544,0.42157559066655875,2.655888110735696e-5,1.556190546101309e-5,3.6782696817514966e-5
0xfb9a99,juvix,0.28130723050664225,0.28127246614664425,0.2813345655999456,4.531398541527835e-5,3.7914176059557066e-5,5.290388610063594e-5
0xe31a1c,juvix wasm,0.31776876891334116,0.3174794900333685,0.31807081776005364,4.33422584613094e-4,2.820928666440767e-4,5.685351019296265e-4
0xcab2d6,runtime,0.2817231021132132,0.2815630180999051,0.28186354141312525,2.197248852147361e-4,1.3908384945494675e-4,2.8056229893947825e-4
0x6a3d9a,runtime wasm,0.7363673469792312,0.7208432232917327,0.767060645312597,3.0814010016624763e-2,2.669232706789468e-4,3.5713763636207506e-2
