Color,Name,Mean,MeanLB,MeanUB,Stddev,StddevLB,StddevUB
0xa6cee3,ocaml,0.3140534024165481,0.31391823263320473,0.3142185639498803,2.4918077107674065e-4,1.4274146772591734e-4,3.4578410483870474e-4
0x1f78b4,ocaml byte,2.762708143583211,2.573643314249864,2.8800859398331795,0.19533013982183287,8.828575875072246e-2,0.27107240904721736
0xb2df8a,haskell,0.42570048481244765,0.42463767599989904,0.42761525643754794,1.995753731983827e-3,1.7686849999640208e-4,2.4544518160881865e-3
0x33a02c,haskell strict,0.43446265022926883,0.42862750987501386,0.43798574739597973,6.998891664126408e-3,4.729315458386424e-3,8.136244390327011e-3
0xfb9a99,juvix,0.2812472056565881,0.2811540409132734,0.2813907879397993,1.7185538395498654e-4,5.432610985579831e-5,2.292092832491246e-4
0xe31a1c,juvix wasm,0.31870126155011347,0.3185769678001634,0.3188204708500325,1.7108229309201157e-4,1.1560284849107456e-4,2.245075642187567e-4
0xcab2d6,runtime,0.2818692052935391,0.28168171579338985,0.28212117829373407,3.2692812441014444e-4,1.812701980823522e-4,4.5249398036378597e-4
0x6a3d9a,runtime wasm,0.727749010666931,0.725224176000097,0.730179882666865,2.938601374080232e-3,2.6618065893233593e-3,3.2244045475525894e-3
