Color,Name,Mean,MeanLB,MeanUB,Stddev,StddevLB,StddevUB
0xa6cee3,ocaml,0.4130012630001829,0.4129053652504808,0.4130660517500928,1.0587258247335711e-4,6.431381605428051e-5,1.4962320880374715e-4
0x1f78b4,ocaml byte,3.0957774030210126,3.094973325875344,3.096172398833384,7.665321352111541e-4,3.2529117193643244e-5,9.287531857181292e-4
0xb2df8a,haskell,1.5198813293124356,1.519232902812746,1.520675624499745,9.604706777697476e-4,3.438628598025971e-4,1.2724880757875542e-3
0x33a02c,haskell strict,1.520043481229095,1.5192252049789658,1.5216698434169302,1.5854559943450023e-3,2.3533518482688484e-5,1.8780350195366832e-3
0xfb9a99,juvix,0.9141817165002522,0.9135097435007538,0.9145329620000666,6.536725302928731e-4,1.7485321013481242e-4,8.647402216753473e-4
0xe31a1c,juvix wasm,1.5612821132293295,1.5604419106669714,1.5626219889789656,1.3963098023577485e-3,1.059331935001945e-5,1.683538390874612e-3
0xcab2d6,runtime,0.4457010222293623,0.4456066786663844,0.44576416529192403,1.0422238738923872e-4,5.569673994023247e-5,1.458226566698687e-4
0x6a3d9a,runtime wasm,1.1593387526665613,1.1588756735833763,1.15967956174984,5.5267182557628e-4,4.204374883285491e-4,6.725003839875681e-4
