Color,Name,Mean,MeanLB,MeanUB,Stddev,StddevLB,StddevUB
0xa6cee3,ocaml,0.4971161157085741,0.4969170836252488,0.49735146066753566,3.054340703399437e-4,1.5417238138860017e-4,3.9666840625063305e-4
0x1f78b4,ocaml byte,3.7127634914584937,3.709729460249946,3.715422886500619,3.855755494328227e-3,1.7953003337727313e-3,5.011253690047992e-3
0xb2df8a,haskell,1.8273973231042266,1.8218124244170515,1.8302245839166364,5.568555984475074e-3,3.6956180567781667e-3,6.5292791644563225e-3
0x33a02c,haskell strict,1.8246499841655652,1.823260257166415,1.8254278079975848,1.377005172176554e-3,7.151554204874668e-4,1.8774403068163538e-3
0xfb9a99,juvix,1.095946157958224,1.0952887399998872,1.0970969421246082,1.1737819730947845e-3,9.307117256130023e-5,1.4090042899406227e-3
0xe31a1c,juvix wasm,1.8669087418744919,1.8624692427492846,1.8691281429995192,4.305132230322583e-3,1.481589071952595e-3,5.8058799178168415e-3
0xcab2d6,runtime,0.5339303503957732,0.5335527044376249,0.5341216734166967,3.5885201015922486e-4,1.64903499353386e-4,4.418415905294989e-4
0x6a3d9a,runtime wasm,1.395606629188175,1.391688430563742,1.4030948668752596,7.48762818744457e-3,4.156499993163143e-4,9.04869212221923e-3
