Color,Name,Mean,MeanLB,MeanUB,Stddev,StddevLB,StddevUB
0xa6cee3,ocaml,0.3166499937734292,0.31350033008002354,0.32291656920001516,6.974995600145205e-3,1.0277162045447402e-4,8.59587412652861e-3
0x1f78b4,ocaml byte,2.810929315874887,2.6677990401248053,2.889191617500046,0.141091621128278,5.508812996918094e-2,0.19281667145158046
0xb2df8a,haskell,0.42684545518735223,0.4204798694997104,0.4362932826247743,1.0671884848943448e-2,2.4226925003555666e-3,1.4038160655741818e-2
0x33a02c,haskell strict,0.42680519889595797,0.4210021501249912,0.4310182828127722,7.140966309463425e-3,3.3742591294584246e-3,8.835175581191975e-3
0xfb9a99,juvix,0.2807473679199787,0.2806501885200366,0.280910049199944,1.8416186831893194e-4,5.501967116080481e-5,2.484180240063829e-4
0xe31a1c,juvix wasm,0.31678793723009824,0.3166157564300495,0.31705994196017856,3.2802165186981416e-4,8.926037336048567e-5,4.467646289380728e-4
0xcab2d6,runtime,0.28151953994334994,0.2813045272102772,0.2818419088664693,3.7800065887405164e-4,1.8327393995492096e-4,5.200148433625945e-4
0x6a3d9a,runtime wasm,0.7213380334584562,0.7200826202082643,0.723274686583712,2.1690905284650007e-3,4.4199887025546673e-4,2.6363176120528745e-3
