Color,Name,Mean,MeanLB,MeanUB,Stddev,StddevLB,StddevUB
0xa6cee3,ocaml,0.4967870095414734,0.49661319112487945,0.4969345848753619,2.330916774432171e-4,1.4936686768702955e-4,2.891557790519646e-4
0x1f78b4,ocaml byte,3.726878819021598,3.724329061001299,3.7285395393543395,3.0764455679724873e-3,2.136191803573487e-3,3.8352693246281e-3
0xb2df8a,haskell,1.82470546901997,1.8239481350626647,1.825237044290437,9.304989228022008e-4,5.066654385473935e-4,1.2276205019947839e-3
0x33a02c,haskell strict,1.8251289885624828,1.8245635469370427,1.8259651694374952,9.573191078093466e-4,2.2686199471756057e-4,1.2428216542101015e-3
0xfb9a99,juvix,0.4581284198338835,0.4577428257921383,0.45887686445848885,7.563659022630335e-4,2.1036431199510878e-5,8.904912951980455e-4
0xe31a1c,juvix wasm,0.7442148940209942,0.7423294353748133,0.7456005246881432,2.335106387245643e-3,1.5038256082592226e-3,3.0164003046392264e-3
0xcab2d6,runtime,0.5146537300205031,0.5094194913745014,0.5248670982496151,1.0298413915041344e-2,2.4327137543878052e-4,1.1940043199783791e-2
0x6a3d9a,runtime wasm,1.4408873856254256,1.4392928437509909,1.4439049951244367,3.0334383881730318e-3,8.87254563967173e-5,3.5657753295715564e-3
