Color,Name,Mean,MeanLB,MeanUB,Stddev,StddevLB,StddevUB
0xa6cee3,ocaml,0.3145756961732847,0.314345270106672,0.3147659816731963,3.1249721069966465e-4,1.923694790182171e-4,4.40288420882394e-4
0x1f78b4,ocaml byte,2.899102529145845,2.8516623619166994,2.9460599481874397,6.525490869754881e-2,3.706287989710129e-2,8.886108743303248e-2
0xb2df8a,haskell,0.4288582533124365,0.426429600124834,0.4312517537500753,3.301330957620308e-3,1.603922578113713e-3,4.468185902228441e-3
0x33a02c,haskell strict,0.4285874151663431,0.42733923120797124,0.43079471274990055,2.356302699132347e-3,5.525642496877481e-4,2.8678668598869144e-3
0xfb9a99,juvix,0.28174690864672813,0.2817163232333769,0.2817786497667839,5.0286991307074485e-5,3.154240798183755e-5,6.38330915879056e-5
0xe31a1c,juvix wasm,0.3190001347068058,0.3188148149334363,0.31922695226688425,3.144899031859074e-4,1.7119535224365776e-4,4.733542494128274e-4
0xcab2d6,runtime,0.2835594131833144,0.2822129283999675,0.286231105733253,2.953135033762029e-3,9.263187529039629e-5,3.6667655958706196e-3
0x6a3d9a,runtime wasm,0.7259934664166773,0.7219447552499787,0.7340225752917983,8.032344144849596e-3,5.9943916691451715e-5,9.30589184041811e-3
