Color,Name,Mean,MeanLB,MeanUB,Stddev,StddevLB,StddevUB
0xa6cee3,ocaml,0.3141456557966891,0.31393395524337697,0.3143355203799365,3.007051718924569e-4,2.0197451911495109e-4,4.4247662729474016e-4
0x1f78b4,ocaml byte,2.751398278020796,2.5230249178749773,2.903760639416608,0.27960324753202176,0.17553988235875603,0.3518658014649558
0xb2df8a,haskell,0.43750740074981803,0.4324737224996322,0.44672591599987754,9.624213649380419e-3,1.646528499994332e-3,1.1610015083018135e-2
0x33a02c,haskell strict,0.42348581439591726,0.4215485736667688,0.42729064393756744,3.8200126457245713e-3,3.220766666345298e-5,4.426524239428096e-3
0xfb9a99,juvix,0.2813914802467358,0.281130346946599,0.28185276554703403,5.224803277729803e-4,1.3616741058103269e-4,7.006387249612477e-4
0xe31a1c,juvix wasm,0.31790639848008445,0.31782021980008424,0.318059178200186,1.961547351920231e-4,1.6783803837109682e-4,2.182805846992311e-4
0xcab2d6,runtime,0.2850565065300331,0.281959347079913,0.2910558463500365,6.650186229443555e-3,4.0342534731637424e-4,8.362706015288416e-3
0x6a3d9a,runtime wasm,0.7224675883333589,0.7213092349999215,0.7244550703748587,2.0894405722270016e-3,2.2571750002953195e-4,2.595422613265449e-3
