Color,Name,Mean,MeanLB,MeanUB,Stddev,StddevLB,StddevUB
0xa6cee3,ocaml,0.31294466363317347,0.31286840803328536,0.31308568689960337,1.5127992600497066e-4,2.8105291861778482e-5,1.9884911789966016e-4
0x1f78b4,ocaml byte,2.8401327516875767,2.6623613596877362,2.9269055086250546,0.17120244110412788,3.5654514711866675e-2,0.22309997940657814
0xb2df8a,haskell,0.4211943814791728,0.41771009012506966,0.4244422780623722,4.34439114024205e-3,2.4804574658928514e-3,5.1826424262006844e-3
0x33a02c,haskell strict,0.42192380797911255,0.4184252111250544,0.4241098794998379,4.0663181931898055e-3,3.606531545256669e-3,4.395945190032584e-3
0xfb9a99,juvix,0.28069123842338434,0.2806462641567335,0.2807715490999726,9.125577349719046e-5,1.3332533156438568e-5,1.1916877595818996e-4
0xe31a1c,juvix wasm,0.31678968069668373,0.31659725509325654,0.31705530634681056,3.402483931777702e-4,1.319281168850355e-4,4.5198339953297326e-4
0xcab2d6,runtime,0.282499151263349,0.2811860282633491,0.28497791528360117,2.7432014477344548e-3,2.479566771378134e-4,3.461806766444279e-3
0x6a3d9a,runtime wasm,0.720109774395875,0.7199799307499006,0.7201775345627084,1.237051826231401e-4,2.2408125005313195e-5,1.564854022463447e-4
