Color,Name,Mean,MeanLB,MeanUB,Stddev,StddevLB,StddevUB
0xa6cee3,ocaml,0.4769849807508611,0.4648296716250873,0.48346890487649335,1.1671176110317304e-2,5.780296661098017e-3,1.497398135735557e-2
0x1f78b4,ocaml byte,3.7490053343549334,3.715004779375704,3.7741273159385855,4.270381387161745e-2,2.6423463002524003e-2,5.801673131959341e-2
0xb2df8a,haskell,1.8000536222077699,1.7765474223324418,1.8107418458330358,2.2467198918857276e-2,7.127086184350706e-3,2.960184815375857e-2
0x33a02c,haskell strict,1.828097849312826,1.8086760911251076,1.8475196075005442,2.521927723317347e-2,1.270149687576846e-2,3.2752475708283456e-2
0xfb9a99,juvix,1.1051482090623874,1.1006832472509511,1.107529554811587,4.247192951474445e-3,1.7661292692903573e-3,5.4994824373360285e-3
0xe31a1c,juvix wasm,2.0373097779167133,2.012276999499136,2.0820390851683137,4.5878189374062815e-2,5.824989416093329e-3,5.502783244740547e-2
0xcab2d6,runtime,0.6333972839581747,0.6234668297497592,0.6388755794991994,1.1556504112504497e-2,1.0405405593269745e-2,1.2538444256032925e-2
0x6a3d9a,runtime wasm,1.4843862846457039,1.475648390562128,1.4889002173126755,8.317798757165385e-3,1.5766283750053844e-3,1.0424480961519822e-2
