Color,Name,Mean,MeanLB,MeanUB,Stddev,StddevLB,StddevUB
0xa6cee3,ocaml,0.3134820330334211,0.3131259816333719,0.31416746610029805,7.488319544500087e-4,1.3652708081184734e-4,9.490246987418844e-4
0x1f78b4,ocaml byte,2.9244947123958887,2.9086236081876677,2.9353971978333298,1.8142111594351428e-2,9.937237541559396e-3,2.5178211608570377e-2
0xb2df8a,haskell,0.401454951895649,0.3967338163121781,0.4074047537496881,7.839058463622744e-3,3.4963736218348905e-3,1.090299559999067e-2
0x33a02c,haskell strict,0.4006370709792198,0.3919555828123862,0.4149012349167454,1.53005471838487e-2,2.6545841250253943e-3,1.852897619670127e-2
0xfb9a99,juvix,0.2807869994366653,0.28072551818343827,0.2809048379199157,1.232766678137965e-4,2.312236092666185e-5,1.614090923564694e-4
0xe31a1c,juvix wasm,0.316636286166713,0.31629658353349444,0.3170574466664766,5.40463137619316e-4,2.1862115593018143e-4,7.28319104857242e-4
0xcab2d6,runtime,0.2960905319134387,0.28137093249328854,0.3253571370137312,3.2639255779677315e-2,1.837505660621866e-4,4.016685680099778e-2
0x6a3d9a,runtime wasm,0.7276680691456553,0.7215933035208385,0.737388165749735,1.0942592212078137e-2,3.763331166889372e-3,1.3399878797647811e-2
