Color,Name,Mean,MeanLB,MeanUB,Stddev,StddevLB,StddevUB
0xa6cee3,ocaml,0.3146373928201016,0.314560421940029,0.3147526969001774,1.470170754695313e-4,7.287655275951504e-5,2.1079343643400607e-4
0x1f78b4,ocaml byte,3.0911111142293066,2.9839262662083,3.196320510917303,0.1461629194122902,7.171205956001794e-2,0.19823171400844863
0xb2df8a,haskell,0.4056092776664286,0.39819116874946303,0.41117803241661477,9.46399499513639e-3,6.104853261435833e-3,1.286048821628391e-2
0x33a02c,haskell strict,0.40979807177078936,0.39980067987505663,0.4176414444373222,1.330205100032588e-2,7.6129784650464955e-3,1.8113493281509192e-2
0xfb9a99,juvix,0.28180124880337337,0.2817760433333812,0.28181586192335695,2.7352331040494518e-5,1.1543444238946062e-5,4.001967725260772e-5
0xe31a1c,juvix wasm,0.32128067239999836,0.3210510600999714,0.3216358476000096,4.501962820431835e-4,1.7717520930312654e-4,5.794226398410004e-4
0xcab2d6,runtime,0.28222263497335914,0.2820223192799676,0.28243848350007283,3.078722530033662e-4,2.204450712577913e-4,4.150339199482556e-4
0x6a3d9a,runtime wasm,0.7278776775626928,0.724644490000325,0.7305734893125381,3.924072316783689e-3,2.4789819829596793e-3,4.649428131443102e-3
