Color,Name,Mean,MeanLB,MeanUB,Stddev,StddevLB,StddevUB
0xa6cee3,ocaml,0.31448140615988146,0.31424285727985984,0.3147699473599035,3.95120581930526e-4,2.364851868741671e-4,5.364690499025706e-4
0x1f78b4,ocaml byte,2.5816807607291516,2.56872108524999,2.5891450931457785,1.5160049296100457e-2,1.3441216207886202e-2,1.7238137320241605e-2
0xb2df8a,haskell,0.4297595930623667,0.4251208938123341,0.4374067217499942,8.3495024045083e-3,1.3140944997758197e-3,1.0712617042784183e-2
0x33a02c,haskell strict,0.42819408233308803,0.42422201924966885,0.4308252931247125,4.640872652197344e-3,3.89942941656804e-3,5.289597141019607e-3
0xfb9a99,juvix,0.28125123668673646,0.2811273944933176,0.28135510410020287,1.7409000876231876e-4,1.1880282180838306e-4,2.436618654428784e-4
0xe31a1c,juvix wasm,0.31820735659668875,0.3181043311465813,0.3182723955166542,1.1932976862979033e-4,4.952530397755146e-5,1.759264315494029e-4
0xcab2d6,runtime,0.28288731917671917,0.2816113957367482,0.285420710966658,2.7866011949585993e-3,1.1101843502118319e-4,3.47761717662128e-3
0x6a3d9a,runtime wasm,0.7213738032082233,0.7208464802497474,0.7217179514583449,6.498386645601645e-4,3.663494167085446e-4,7.947763393954567e-4
