Color,Name,Mean,MeanLB,MeanUB,Stddev,StddevLB,StddevUB
0xa6cee3,ocaml,0.3151153626666746,0.31411715786667627,0.3170931526666755,2.1261501498864356e-3,2.1031767815561826e-4,2.708400508121652e-3
0x1f78b4,ocaml byte,2.7956031287084593,2.5054182491252277,2.9388583567501882,0.2813712529083431,3.831206993282074e-2,0.3361699864695165
0xb2df8a,haskell,0.42168449808341774,0.4188510701248447,0.4236901523751726,3.297793710245331e-3,1.9116613974621613e-3,4.631860180984031e-3
0x33a02c,haskell strict,0.42762307356245327,0.421172472624941,0.43865778849999515,1.1091609781755444e-2,3.414774377210764e-3,1.489702475083023e-2
0xfb9a99,juvix,0.2814276110399866,0.28129841619999446,0.2815666069399595,1.9413437801659952e-4,1.337319995962563e-4,2.863616768148097e-4
0xe31a1c,juvix wasm,0.3191137555366185,0.31896181654006794,0.3192760341863322,2.2450140624950043e-4,1.8157521150674667e-4,2.5146826148289336e-4
0xcab2d6,runtime,0.2834210145267419,0.28188527892682336,0.2864813417999358,3.422223428197926e-3,1.9398306524938142e-5,4.20119642529781e-3
0x6a3d9a,runtime wasm,0.7256811785832914,0.7222840050001196,0.7312875997499191,5.843802071264446e-3,1.0327439998718546e-3,7.20901466167028e-3
