Color,Name,Mean,MeanLB,MeanUB,Stddev,StddevLB,StddevUB
0xa6cee3,ocaml,0.41643988237497825,0.414163934250079,0.4180961679997684,2.6936915454371887e-3,2.2201820745534617e-3,3.091634480991924e-3
0x1f78b4,ocaml byte,3.103009384395591,3.1029501218747555,3.103063357749761,7.683101493557972e-5,3.607676109259483e-5,1.0561160553772122e-4
0xb2df8a,haskell,1.6947637600623768,1.6921769401250608,1.6998496367499076,5.113368825734679e-3,7.726712518285606e-5,5.965924876385924e-3
0x33a02c,haskell strict,1.6911478445627683,1.6865591516877885,1.6938398480003038,4.627047089999633e-3,1.7656812304280697e-3,6.336329570554548e-3
0xfb9a99,juvix,0.38262905764588595,0.38260768791678856,0.38264129643755496,2.47507178250322e-5,2.2161756767022525e-5,2.6346368915140324e-5
0xe31a1c,juvix wasm,0.6175366217291867,0.6134303798335168,0.6211474078124866,5.390570711971215e-3,2.9700212963704956e-3,7.247226059807019e-3
0xcab2d6,runtime,0.4244632143746685,0.42432895049932995,0.42455950262490205,1.579359299096765e-4,1.3764792118735203e-4,1.8146263356532034e-4
0x6a3d9a,runtime wasm,1.195986314041723,1.1936836253336573,1.1971988052915397,2.6658370405647377e-3,2.3474788908559446e-3,2.8001285978867057e-3
