Color,Name,Mean,MeanLB,MeanUB,Stddev,StddevLB,StddevUB
0xa6cee3,ocaml,0.3158604140167487,0.31570888535015,0.3161340836667538,2.9455920231791753e-4,6.817388123069967e-5,3.9183219575199073e-4
0x1f78b4,ocaml byte,2.8534056675209363,2.6404484595003623,3.0174928623748656,0.23711897075042326,0.13853826321886092,0.3306281237519058
0xb2df8a,haskell,0.4192912967707419,0.40867542858309963,0.42481175752080463,1.04546681687576e-2,8.501066249664291e-4,1.2748958000397943e-2
0x33a02c,haskell strict,0.42439025741676534,0.4231872462916802,0.4251617232918837,1.326739563273234e-3,5.551318471434327e-4,1.7816241226807303e-3
0xfb9a99,juvix,0.5902861389376426,0.5890744254375591,0.5909062666876821,1.1678305718592337e-3,6.131546250571773e-4,1.432123693669051e-3
0xe31a1c,juvix wasm,1.3494605996041666,1.3475503087291638,1.3529731640625755,3.5310143000370805e-3,3.617978749161921e-4,4.411627803653477e-3
0xcab2d6,runtime,0.2831691121833016,0.283048001833328,0.2833228472999326,2.0641913317085865e-4,9.717809474282418e-5,2.828917631660655e-4
0x6a3d9a,runtime wasm,0.7286915309791198,0.7265981310001735,0.731345712354198,3.297474683237435e-3,1.4291029903817436e-3,4.217026170233641e-3
