Color,Name,Mean,MeanLB,MeanUB,Stddev,StddevLB,StddevUB
0xa6cee3,ocaml,0.31551459359007217,0.31432298503000916,0.31780662675026483,2.5119915166586073e-3,2.094424253839132e-4,3.1866983754270848e-3
0x1f78b4,ocaml byte,2.6947175762501843,2.622231863750244,2.737285251250057,8.45902194276096e-2,7.440159312244576e-2,9.417361764843488e-2
0xb2df8a,haskell,0.42889793591670394,0.42322259766653286,0.43205419941674944,5.467864689399403e-3,2.8038561802780785e-3,7.289078325538633e-3
0x33a02c,haskell strict,0.4327399396667791,0.4297857603750117,0.4348301768751526,3.590350499139955e-3,2.004402716012919e-3,4.82719605969837e-3
0xfb9a99,juvix,0.28135268228338645,0.2812750905999565,0.28142390480006724,1.1216184690113791e-4,8.552243880387186e-5,1.4523064461416623e-4
0xe31a1c,juvix wasm,0.3185299422665988,0.3182361925999885,0.31868089059999877,3.121854729206785e-4,5.7871956269828705e-5,4.1643145803375164e-4
0xcab2d6,runtime,0.28384769936333215,0.2828722020933128,0.28556654745002563,1.9425163446615999e-3,3.1459701006749025e-4,2.5698850712769722e-3
0x6a3d9a,runtime wasm,0.7216742423124174,0.721319008874957,0.7220294757498777,5.318018195831336e-4,2.8422621780407425e-4,7.448714810092747e-4
