Color,Name,Mean,MeanLB,MeanUB,Stddev,StddevLB,StddevUB
0xa6cee3,ocaml,0.3147743760668042,0.31461615866672826,0.3150676138002564,3.205521947188829e-4,4.44797014698259e-5,4.1483154925248117e-4
0x1f78b4,ocaml byte,2.5630379942916193,2.3873121408332736,2.666927741541656,0.20712881798335164,0.16623794139982062,0.23992309416340335
0xb2df8a,haskell,0.43156264466644717,0.43152781399970763,0.4315811854164811,3.304811657327702e-5,1.216291921827866e-5,4.2818028092280166e-5
0x33a02c,haskell strict,0.432404793729025,0.4315379446248926,0.43408392287494735,1.691043548221018e-3,2.836189905009801e-5,1.978802903393451e-3
0xfb9a99,juvix,0.28184585697325015,0.28176645667996125,0.2819529176398464,1.3473485349356468e-4,7.917542181433989e-5,1.7675050733918335e-4
0xe31a1c,juvix wasm,0.3184695884333602,0.31831733540007007,0.3185830475334266,1.987057904813457e-4,1.1928356243596963e-4,2.935181284591495e-4
0xcab2d6,runtime,0.2826403162666581,0.28255329726660117,0.282760567000023,1.4725529835127985e-4,7.493778304347898e-5,2.0269897321080002e-4
0x6a3d9a,runtime wasm,0.7214310038333261,0.7212061696249634,0.7218579238751204,4.3525888053877145e-4,4.1875249848999374e-5,5.192323628850823e-4
