Color,Name,Mean,MeanLB,MeanUB,Stddev,StddevLB,StddevUB
0xa6cee3,ocaml,0.4158800536044964,0.41564030441759314,0.41626036712523273,4.032572985545371e-4,1.0004282098802258e-4,5.247050658838781e-4
0x1f78b4,ocaml byte,3.0946535894373333,3.092619754125053,3.0960998399998516,2.535612906128983e-3,1.4227712146394598e-3,3.3399726063427187e-3
0xb2df8a,haskell,1.523393892500015,1.521587983750199,1.5268232216245299,3.412578208833248e-3,3.166572571283153e-4,4.170567611352439e-3
0x33a02c,haskell strict,1.5211501658538584,1.5206462846666302,1.522029767915986,9.080525020689887e-4,1.375556665456079e-4,1.1251836497004801e-3
0xfb9a99,juvix,1.0115453286666707,1.0110846922495966,1.0118760960003783,5.459160586359107e-4,4.61268062456984e-4,6.14767762858769e-4
0xe31a1c,juvix wasm,1.6206389712083364,1.6199354476666485,1.6212754988332563,1.0456091218706107e-3,6.456087912385855e-4,1.4699975823764017e-3
0xcab2d6,runtime,0.4464202193958802,0.4459085588750895,0.44724273600013476,9.012175394869647e-4,1.7680387463769875e-4,1.163153715876465e-3
0x6a3d9a,runtime wasm,1.1636064148331873,1.1626883756668271,1.1647951689992624,1.4328895990077478e-3,4.843494122936515e-4,1.934832387218215e-3
