Color,Name,Mean,MeanLB,MeanUB,Stddev,StddevLB,StddevUB
0xa6cee3,ocaml,0.3143934210032088,0.31428133673319586,0.31443288763988675,9.107805300798647e-5,3.0463438751439317e-5,1.2398625585981814e-4
0x1f78b4,ocaml byte,2.7017222914583194,2.5239428667498487,2.829590533625037,0.21653513351288906,0.12767162931097945,0.29529905614303453
0xb2df8a,haskell,0.432103554541546,0.42625246712492526,0.4364654517914535,7.283830843050101e-3,3.8956792459949067e-3,1.0073370205646432e-2
0x33a02c,haskell strict,0.4213022786876195,0.42109405912526654,0.42164018387518354,3.868746227635158e-4,1.4064037497973914e-4,4.737610328279842e-4
0xfb9a99,juvix,0.28198499248005043,0.28185312067992224,0.28212970328018855,1.966024336177285e-4,1.6373884623862905e-4,2.3468191758354074e-4
0xe31a1c,juvix wasm,0.31894928780009957,0.3187967412000489,0.31909358590014564,2.256831688627117e-4,1.540572732254543e-4,2.933259283393178e-4
0xcab2d6,runtime,0.2854958747301134,0.282141306980011,0.29215793405037405,7.386339065872515e-3,1.619557756493287e-4,9.122401920440608e-3
0x6a3d9a,runtime wasm,0.7276244062919469,0.7219379935002053,0.7384208346251739,1.087284759927804e-2,4.897097502407632e-4,1.2810254316139021e-2
