Color,Name,Mean,MeanLB,MeanUB,Stddev,StddevLB,StddevUB
0xa6cee3,ocaml,0.31388101608661906,0.3137717189333823,0.3140925858664408,2.2857794428835873e-4,2.6381659469765814e-5,2.947574258624463e-4
0x1f78b4,ocaml byte,2.824687155187424,2.689398413000049,3.039330125249838,0.22778295657310327,5.6794087863938025e-2,0.29684891502783073
0xb2df8a,haskell,0.41869115933311224,0.418598369374763,0.41885975537496734,1.7501024482131206e-4,1.672463307834864e-5,2.1428922972408656e-4
0x33a02c,haskell strict,0.4186363464374949,0.41838911162494696,0.4187763751250486,2.4424806845120686e-4,7.39668538962043e-5,3.269608187458119e-4
0xfb9a99,juvix,0.2807654692633787,0.2806534970832672,0.28092675408017387,1.973267441909426e-4,8.500628899292754e-5,2.6875296720730245e-4
0xe31a1c,juvix wasm,0.31842091509007026,0.3182897561900427,0.31850464984009397,1.5442251991586815e-4,9.097940538115833e-5,2.139417161390516e-4
0xcab2d6,runtime,0.28339162239002996,0.2820521495500695,0.2860462427899711,2.927956569640194e-3,1.2579509028107574e-4,3.635446246984106e-3
0x6a3d9a,runtime wasm,0.7221763880419113,0.7213223030003633,0.7235339160001786,1.4765975528463287e-3,3.280749601317829e-4,1.7938103047835088e-3
