Color,Name,Mean,MeanLB,MeanUB,Stddev,StddevLB,StddevUB
0xa6cee3,ocaml,0.31555366240674326,0.3146128827000666,0.31743148990012743,2.034608656606408e-3,2.679419648847674e-4,2.5718902401285723e-3
0x1f78b4,ocaml byte,2.7772134360000678,2.649116855250213,2.843638700999918,0.12409959374194474,5.3450331015105865e-2,0.1639001718420255
0xb2df8a,haskell,0.4316644359373451,0.43163551468741923,0.43170612474970466,4.948823018427474e-5,1.643061211110157e-5,6.679076572004461e-5
0x33a02c,haskell strict,0.4334979717082585,0.4316124046666422,0.4353685700831799,2.403555266708026e-3,1.2479482500111772e-3,2.9135240400517057e-3
0xfb9a99,juvix,0.2816964095399847,0.2816053888800616,0.2817955937998704,1.4181415455738036e-4,8.944241105245873e-5,2.1445408506941252e-4
0xe31a1c,juvix wasm,0.31870809461659516,0.3180019977498887,0.3201317343999108,1.498021697019255e-3,1.9792188103190454e-4,1.9451911050670494e-3
0xcab2d6,runtime,0.28235524942014006,0.2819950549399649,0.28280599380019944,5.968626984293405e-4,3.7818410883854684e-4,7.661522391683225e-4
0x6a3d9a,runtime wasm,0.7210781260413531,0.720354047249316,0.7223248488747345,1.2786981149281072e-3,2.4102735570870663e-4,1.6085310477852296e-3
