Color,Name,Mean,MeanLB,MeanUB,Stddev,StddevLB,StddevUB
0xa6cee3,ocaml,0.4698408266248559,0.46267083624957195,0.4741069891250239,8.428578152800367e-3,7.043579750264456e-3,9.852280271514777e-3
0x1f78b4,ocaml byte,3.5242749230209633,3.5049939080630566,3.5347763013540616,1.8415300791120123e-2,5.942477300519677e-3,2.4251894429905833e-2
0xb2df8a,haskell,1.7207330022500287,1.6941307804999042,1.7374942397501059,3.224000893756775e-2,2.2726779623422733e-2,3.8708419930483254e-2
0x33a02c,haskell strict,1.7204236483958653,1.7138155287500467,1.727131244166685,8.855477627615932e-3,5.086496478516733e-3,1.1945941333170371e-2
0xfb9a99,juvix,1.1599402902292202,1.1485859856248908,1.1678548528751662,1.3335780680689389e-2,1.1080362407184175e-2,1.5526841437217833e-2
0xe31a1c,juvix wasm,1.8264238637085366,1.80118930887528,1.8381284475001394,2.471873668206064e-2,4.785132333533171e-3,2.9399127047297306e-2
0xcab2d6,runtime,0.505359325624795,0.49525287625010606,0.5102544312499049,9.79153600030446e-3,4.1690618366810725e-3,1.3248037181925135e-2
0x6a3d9a,runtime wasm,1.3396212251665058,1.328487722124919,1.3518090094999593,1.508166142519869e-2,6.719481166480024e-3,1.8341481711960504e-2
