Color,Name,Mean,MeanLB,MeanUB,Stddev,StddevLB,StddevUB
0xa6cee3,ocaml,0.31513928420005566,0.3141899286000504,0.3169239744001061,1.923359815718546e-3,3.675710605314036e-4,2.529131780775899e-3
0x1f78b4,ocaml byte,2.683460731916815,2.604245602417071,2.7377527392917123,9.076390492535807e-2,4.871978327107689e-2,0.12538202029096857
0xb2df8a,haskell,0.42409826535407547,0.4199972808332859,0.42723525429141773,4.972844669119645e-3,3.252860443353179e-3,6.1964363012802625e-3
0x33a02c,haskell strict,0.4242099227290055,0.4212080862498624,0.42768633697903624,4.114719024312625e-3,1.7368794167396118e-3,5.107141610311759e-3
0xfb9a99,juvix,0.2815012336600315,0.28119732517996454,0.28169893710019095,3.560365031478776e-4,1.7450431043582445e-4,4.724613289087976e-4
0xe31a1c,juvix wasm,0.3184669218967368,0.3184057605132936,0.3185261740668769,9.119786361821628e-5,5.254795447157602e-5,1.2669120070676768e-4
0xcab2d6,runtime,0.28339334955328316,0.28172077029985304,0.286724403619919,3.7084318544840277e-3,4.625891637417183e-5,4.567265230222092e-3
0x6a3d9a,runtime wasm,0.7217531686040198,0.721427869749732,0.721948482770775,3.8407066611522827e-4,3.2622647188642175e-4,4.5105874701050896e-4
