Color,Name,Mean,MeanLB,MeanUB,Stddev,StddevLB,StddevUB
0xa6cee3,ocaml,0.4937148852082487,0.4921183522082515,0.4945169018747606,1.6522903470195759e-3,7.982721042126775e-4,2.3136252599092345e-3
0x1f78b4,ocaml byte,3.7059123547291506,3.6966639891249997,3.7101166228957823,8.826743751372169e-3,3.2571827749226442e-3,1.1648844053481676e-2
0xb2df8a,haskell,1.8771919204375724,1.8406564799376497,1.9423964469999646,6.715917578411472e-2,2.4489899381393287e-3,8.192599569222861e-2
0x33a02c,haskell strict,1.8188760465834737,1.8172379569999748,1.8205141361669726,2.609826110005896e-3,1.0108447284630983e-3,3.56053922122322e-3
0xfb9a99,juvix,1.132603564125058,1.131508840250111,1.133698288000005,1.6924029292553656e-3,9.32080400399123e-4,2.384870283065505e-3
0xe31a1c,juvix wasm,0.5718563121039324,0.5586005872290798,0.5936978707497929,2.3375276234018826e-2,5.688810333595029e-3,2.9207525569657614e-2
0xcab2d6,runtime,0.5348439534168771,0.5324536605833903,0.5367362571670734,2.963350100771953e-3,1.815441536982974e-3,3.800414690435986e-3
0x6a3d9a,runtime wasm,1.5223792423126004,1.504358496250082,1.5354181831250646,2.1672101320610572e-2,1.2457834907756425e-2,3.011214395209536e-2
