Color,Name,Mean,MeanLB,MeanUB,Stddev,StddevLB,StddevUB
0xa6cee3,ocaml,0.45272606320774383,0.44741519783353095,0.4562765178322176,5.798542199833471e-3,3.5468878390658267e-3,8.199423732741969e-3
0x1f78b4,ocaml byte,3.5323463780840334,3.464270798374855,3.6140174927500084,0.10388965730192747,4.519480783538381e-2,0.13605171740445934
0xb2df8a,haskell,1.6786944327501867,1.6698710964992642,1.6875177690011092,1.2630479214132745e-2,5.146542485094521e-3,1.705712896691647e-2
0x33a02c,haskell strict,1.6658223267702397,1.648359979936913,1.6867637396878763,2.6158168096596802e-2,1.0619411600605215e-2,3.4511638451620114e-2
0xfb9a99,juvix,0.9408394339999026,0.9336913804995675,0.9462452283744369,8.488668208747534e-3,7.1417720983561256e-3,9.6805708161722e-3
0xe31a1c,juvix wasm,1.68101944681257,1.6568546602507013,1.7169128604373327,3.917990241101931e-2,8.290772999316687e-3,4.904887251465984e-2
0xcab2d6,runtime,0.4896265717296349,0.4718813705012508,0.5026780978123497,2.22335400107855e-2,1.3070413347252837e-2,2.871427329356757e-2
0x6a3d9a,runtime wasm,1.1932368069378754,1.1658136370006105,1.21480786406255,3.308626148908919e-2,2.175833124852728e-2,3.900081406734203e-2
