Color,Name,Mean,MeanLB,MeanUB,Stddev,StddevLB,StddevUB
0xa6cee3,ocaml,0.31484813598324457,0.3146041714499643,0.31515013773316847,4.163740446618743e-4,2.1490689084919352e-4,5.795989191736186e-4
0x1f78b4,ocaml byte,2.868126396249901,2.727476103499839,2.994868430749989,0.1791252361290942,9.332442749027323e-2,0.23149351003311866
0xb2df8a,haskell,0.39692108387491015,0.3939862524997201,0.39896328312511287,3.6930498445630748e-3,1.7852642499747164e-3,4.541074353311827e-3
0x33a02c,haskell strict,0.40184010650000346,0.3928072890000749,0.4073024272499879,1.0774169238601533e-2,8.787533689005986e-3,1.2614689421614353e-2
0xfb9a99,juvix,0.5775226055626111,0.5763869700001578,0.578326529812595,1.4215169390545015e-3,1.021735869090259e-3,1.8565835285449764e-3
0xe31a1c,juvix wasm,1.3505180997499149,1.3477166849999473,1.3539500415000514,4.326758947966193e-3,1.8390557964610664e-3,5.665139819998359e-3
0xcab2d6,runtime,0.286469120529952,0.2836284239999865,0.2916843527598394,6.178897881580522e-3,2.686283274993468e-3,7.707017095586615e-3
0x6a3d9a,runtime wasm,0.7255401511039471,0.7253848213746323,0.7256554115415005,1.9850502199606903e-4,1.228062261683036e-4,2.661825785934512e-4
