Color,Name,Mean,MeanLB,MeanUB,Stddev,StddevLB,StddevUB
0xa6cee3,ocaml,0.31512189498011745,0.31478551968006896,0.3154336744801912,4.7056039742987354e-4,3.622533037956256e-4,5.891783636203438e-4
0x1f78b4,ocaml byte,3.002826661083134,2.969590987582933,3.0232838099999526,3.431494052853305e-2,1.6417667037350193e-2,4.7970999255508955e-2
0xb2df8a,haskell,0.424017853416539,0.4157205810000164,0.42810751949991754,8.249841848456781e-3,2.799441392901843e-4,9.73858297098812e-3
0x33a02c,haskell strict,0.4246975348748947,0.4198974895000447,0.4273772599998438,5.561002946954611e-3,4.957300749765636e-3,5.956378966818225e-3
0xfb9a99,juvix,0.281961599263271,0.28187802779975757,0.2820877941833563,1.5490794497952578e-4,7.343147235536658e-5,2.2629650432542259e-4
0xe31a1c,juvix wasm,0.3222349782867665,0.3220462266334228,0.32260511826010774,3.9723840386593815e-4,1.692441503722885e-4,5.104172670214116e-4
0xcab2d6,runtime,0.2833569972098333,0.2820831781099544,0.2858693473495654,2.7427376783958667e-3,1.7013355677181034e-4,3.457034344019659e-3
0x6a3d9a,runtime wasm,0.7260538177291475,0.7258863521250305,0.7261922504582874,2.351070256311433e-4,1.0599462113923246e-4,3.1969669373445227e-4
