Color,Name,Mean,MeanLB,MeanUB,Stddev,StddevLB,StddevUB
0xa6cee3,ocaml,0.31494146321662203,0.31457632903334043,0.3153250797499368,5.758958032937723e-4,3.285859720325664e-4,8.056152723194008e-4
0x1f78b4,ocaml byte,2.9179211521458037,2.8603356055209397,3.0157217636872815,0.1008360592675748,2.381703185005704e-2,0.13298812338118798
0xb2df8a,haskell,0.42497628937494863,0.421818942749951,0.42663957249988016,3.0996558611670476e-3,1.3057830122505012e-3,4.24201297534012e-3
0x33a02c,haskell strict,0.420838603895902,0.4194208725000408,0.42199763377089994,1.7054114172135235e-3,1.1429340487090949e-3,2.09390412652398e-3
0xfb9a99,juvix,0.2822267786434986,0.2817227490602272,0.28255651209368804,6.468775523964801e-4,5.235032762671221e-4,7.741316188582457e-4
0xe31a1c,juvix wasm,0.320013767666666,0.3196078158666448,0.3203126025000347,5.376165642212144e-4,3.6014915827752383e-4,6.706539561210302e-4
0xcab2d6,runtime,0.2833844851534468,0.28308381643364555,0.283558221520052,3.2066168554563705e-4,1.3663739783803752e-4,4.794429155170234e-4
0x6a3d9a,runtime wasm,0.7245268112292441,0.7229450000626798,0.7253100492291841,1.4915571496268265e-3,3.54150504531458e-5,1.8266898665224732e-3
