Color,Name,Mean,MeanLB,MeanUB,Stddev,StddevLB,StddevUB
0xa6cee3,ocaml,0.31387723189005556,0.3137676296800419,0.3140343823900912,1.8443991024461831e-4,1.1863834931698998e-4,2.8389624075970623e-4
0x1f78b4,ocaml byte,2.8777223578750672,2.7453833988751626,2.9692106231250364,0.14910872891419918,9.419643019358097e-2,0.21010853833470425
0xb2df8a,haskell,0.39947199187508886,0.3935304652502509,0.4054339049999953,7.604067246932615e-3,3.947426749846272e-3,9.184943034110927e-3
0x33a02c,haskell strict,0.3999119546248456,0.3933550334997259,0.4051498663747566,7.848268643150856e-3,5.948632081442625e-3,9.19392862512932e-3
0xfb9a99,juvix,0.28095875034324913,0.28073794202658364,0.28118964109989975,3.3590448900198993e-4,1.801973858238686e-4,4.2407443670532184e-4
0xe31a1c,juvix wasm,0.3184525028134825,0.31822363889355376,0.3186378447666963,3.2533573273728366e-4,2.1604585942792279e-4,4.5716216462416705e-4
0xcab2d6,runtime,0.30952548501990956,0.2816747594998105,0.36518979161995047,6.212774981631721e-2,3.1585706138247127e-4,7.622843936351525e-2
0x6a3d9a,runtime wasm,0.726405215270745,0.7215453398957266,0.7357517872081871,9.266164133952643e-3,6.88968166741688e-4,1.122340142397967e-2
