Color,Name,Mean,MeanLB,MeanUB,Stddev,StddevLB,StddevUB
0xa6cee3,ocaml,0.3154945126599432,0.3136387190999358,0.3191009879799731,4.030057203546607e-3,1.6462557573512608e-4,5.026855578882657e-3
0x1f78b4,ocaml byte,2.650431895771021,2.3351119718338396,2.827187933770915,0.30402908190270994,0.1274971620922547,0.40820058448052216
0xb2df8a,haskell,0.4213445684793366,0.4184507701667523,0.42601660468778846,5.153071392853682e-3,1.1026486423947757e-3,6.68294093900411e-3
0x33a02c,haskell strict,0.4180035190207529,0.41689857099981964,0.4187597495625255,1.2931417429289682e-3,1.1346980184749598e-3,1.4609160073876216e-3
0xfb9a99,juvix,0.2816193963065992,0.2812102557397611,0.28202574423997245,6.588903438680178e-4,5.46606680599775e-4,7.494429474625391e-4
0xe31a1c,juvix wasm,0.31836742180993194,0.31807129680984875,0.3188253587600411,5.597018131938716e-4,2.375511914787601e-4,8.109717119339771e-4
0xcab2d6,runtime,0.2891561216432607,0.2826264219299719,0.30209685163314737,1.4022843567105255e-2,1.4607949573295677e-4,1.7763170843915925e-2
0x6a3d9a,runtime wasm,0.7313184156457737,0.7211914640834038,0.7514770625830351,2.0167018761822197e-2,8.311106262073875e-5,2.3345711280364837e-2
