Color,Name,Mean,MeanLB,MeanUB,Stddev,StddevLB,StddevUB
0xa6cee3,ocaml,0.31395876822675745,0.3137854587933816,0.3143165289002354,3.4514282454167685e-4,9.252998920171256e-5,4.590361058836395e-4
0x1f78b4,ocaml byte,2.794689488895964,2.6899098445001073,2.9579830311251953,0.17444019511162379,4.174609012500241e-2,0.21895167971377824
0xb2df8a,haskell,0.41761918727070224,0.40899514849979823,0.42184984962489125,8.405091438431076e-3,5.989823750951473e-4,9.96172652066183e-3
0x33a02c,haskell strict,0.4159804142082824,0.4132772381666806,0.4186835902498842,3.803522685528397e-3,1.8538656289762685e-3,5.229171469335009e-3
0xfb9a99,juvix,0.28099861512986235,0.280887770529871,0.28111707407981157,1.6537880958084636e-4,1.1087044160839413e-4,2.12948916134482e-4
0xe31a1c,juvix wasm,0.31880308058341444,0.31868786698333984,0.31903316673354615,2.484602269886386e-4,3.0200126835492605e-5,3.150590133439564e-4
0xcab2d6,runtime,0.28269551691646483,0.28149061238318607,0.28516885509961865,2.6415580658574376e-3,6.953137030766415e-5,3.2977592483444725e-3
0x6a3d9a,runtime wasm,0.72332511731247,0.7213983591250326,0.7268641004372967,3.5024002890676298e-3,4.816348534792225e-4,4.384543147553372e-3
