Color,Name,Mean,MeanLB,MeanUB,Stddev,StddevLB,StddevUB
0xa6cee3,ocaml,0.31462383065346633,0.31439942395337617,0.3150329262335921,4.531868369247109e-4,1.474628545756596e-4,5.788969073418651e-4
0x1f78b4,ocaml byte,2.719050568979128,2.6245340255624114,2.841637062624841,0.1654158887225682,6.563901112485837e-2,0.2019726394595892
0xb2df8a,haskell,0.4245634995833522,0.4241566787083381,0.42518641662491063,7.098322750064466e-4,1.8836547790419106e-4,9.395125668053786e-4
0x33a02c,haskell strict,0.42464877287483205,0.42420754174963804,0.42485445762503105,4.339019626604915e-4,1.6592146139279758e-4,5.939984531032992e-4
0xfb9a99,juvix,0.28144933982993886,0.28135025289990756,0.28157943474999836,1.6636816072736088e-4,6.672484080390631e-5,2.2219856358306246e-4
0xe31a1c,juvix wasm,0.31882593411997734,0.31877275065997307,0.31888306119990373,7.911453697666158e-5,5.170035132072907e-5,1.0244246694238345e-4
0xcab2d6,runtime,0.28212161238328615,0.2818603780499598,0.2825054197999634,4.893272184346281e-4,1.8637306616780066e-4,6.748219518416326e-4
0x6a3d9a,runtime wasm,0.7227401870626599,0.7221760660002019,0.7230261275624912,5.441122594701535e-4,1.370457777107075e-4,7.199137833865992e-4
