Color,Name,Mean,MeanLB,MeanUB,Stddev,StddevLB,StddevUB
0xa6cee3,ocaml,0.31498688981988987,0.3147913009200541,0.3151824787197256,2.938401923329101e-4,2.5918748447300536e-4,3.584156195757664e-4
0x1f78b4,ocaml byte,2.919545793520664,2.5751837474996364,3.0906407132082827,0.33811185333114285,5.016496366730905e-3,0.39765086144038886
0xb2df8a,haskell,0.4036869303958686,0.3920757710000089,0.4104104689374708,1.344228877869951e-2,1.1929893668809479e-2,1.4168661301680395e-2
0x33a02c,haskell strict,0.4135966481457937,0.4012900670831338,0.42075583464586924,1.2106568602124317e-2,4.6460344666560795e-3,1.6533433011989347e-2
0xfb9a99,juvix,0.28213429485658104,0.28200736315665687,0.2823729525398085,2.6838035117847115e-4,3.113628777891861e-5,3.432955262457603e-4
0xe31a1c,juvix wasm,0.32183227570659256,0.32166346623986103,0.3219553350398746,2.3055622255336263e-4,1.769379019199741e-4,2.9426157056904886e-4
0xcab2d6,runtime,0.2839476252967264,0.28246379864328147,0.2868183872167113,3.211884068974308e-3,1.2920373489570466e-4,4.0169655463837255e-3
0x6a3d9a,runtime wasm,0.7264390588541119,0.7257617313121045,0.7277594184999998,1.3222255450761463e-3,3.1046750336827245e-5,1.556718431749897e-3
