Color,Name,Mean,MeanLB,MeanUB,Stddev,StddevLB,StddevUB
0xa6cee3,ocaml,0.41384420741682487,0.4129099740835803,0.4146192268751747,1.1101955578244349e-3,9.10729305500871e-4,1.2872427432655098e-3
0x1f78b4,ocaml byte,3.1046096555837344,3.103587730500294,3.106602577500098,1.9912562507419904e-3,6.120850025581603e-5,2.3600348880631426e-3
0xb2df8a,haskell,1.690526422416686,1.6838702968335988,1.6971825479997733,8.788680288637168e-3,4.24122463213078e-3,1.1537559355629801e-2
0x33a02c,haskell strict,1.6897267968122758,1.6847647714998857,1.69221424587469,4.918489336414122e-3,2.972848690638817e-5,5.729691861336538e-3
0xfb9a99,juvix,0.38358408272900607,0.38341864335423753,0.3838769819369645,3.0913940280515706e-4,6.469645829079718e-5,3.8206587022871744e-4
0xe31a1c,juvix wasm,0.6192322991042071,0.61828576337507,0.6208144469166351,1.6505998111467036e-3,3.3850426372394817e-4,2.144891757000702e-3
0xcab2d6,runtime,0.4244407105419441,0.424077597874998,0.42502989050035467,6.292880912848878e-4,1.5033924933050002e-4,7.678638511529587e-4
0x6a3d9a,runtime wasm,1.1926131396874855,1.187229694125108,1.197969101624949,7.118080122346796e-3,3.790920594988914e-3,8.812455981892108e-3
