Color,Name,Mean,MeanLB,MeanUB,Stddev,StddevLB,StddevUB
0xa6cee3,ocaml,0.31449141631003535,0.31436822986996654,0.3146965314001136,2.2798971598490944e-4,8.415353818318517e-5,3.139525324159799e-4
0x1f78b4,ocaml byte,2.7860207368541032,2.7394835631666488,2.867896110374886,8.298967149649868e-2,1.630031874741794e-2,0.10747299902310482
0xb2df8a,haskell,0.4250354826460428,0.42120797918801145,0.42760527502089946,4.2291228687715956e-3,2.312622723492092e-3,5.9346812775397636e-3
0x33a02c,haskell strict,0.4252098157916369,0.4224376816667548,0.429052436624886,4.177533040435561e-3,1.0333511588452547e-5,5.100657234304579e-3
0xfb9a99,juvix,0.2820096840797911,0.28191511387991947,0.28219521247947343,1.9498097629461398e-4,3.4836180521323316e-5,2.525042448840306e-4
0xe31a1c,juvix wasm,0.31849065394013454,0.31842768448015707,0.3185580646000744,1.1137014614632212e-4,7.398563631171735e-5,1.720311654362808e-4
0xcab2d6,runtime,0.2838016342534562,0.28191033952010913,0.2892552203333859,4.106383097942697e-3,4.040258395267729e-4,5.16559746976304e-3
0x6a3d9a,runtime wasm,0.7219384883125031,0.7214277564999065,0.7224357290625676,8.122921989440119e-4,4.951913997526316e-4,1.148328323607209e-3
