Color,Name,Mean,MeanLB,MeanUB,Stddev,StddevLB,StddevUB
0xa6cee3,ocaml,0.4575030990626298,0.4543656630006202,0.4598023799370973,3.814975654974821e-3,2.4558788806362483e-3,4.789719339229742e-3
0x1f78b4,ocaml byte,3.5693947922090197,3.5388479697519415,3.584033332041675,2.8894693236727866e-2,7.828872166858902e-3,3.5333324322113724e-2
0xb2df8a,haskell,1.777761580291326,1.7606191722916265,1.7858091899158808,1.6777404502182864e-2,2.0943775011801335e-3,2.100353716046093e-2
0x33a02c,haskell strict,1.7858815577709872,1.7628754524169685,1.798527743812656,2.67525500284093e-2,2.4197905347977982e-2,2.8932419128612497e-2
0xfb9a99,juvix,1.0361884917297175,1.0269543646254533,1.0515157010627263,1.6542668058236853e-2,2.9143836597759973e-3,2.1094953791723176e-2
0xe31a1c,juvix wasm,1.9136826758328123,1.9062631273333561,1.918237511999905,7.920166223043262e-3,2.7753678512653004e-3,1.0529834297392647e-2
0xcab2d6,runtime,0.6257833078957447,0.6191172910830574,0.6291627042710388,6.436068664859225e-3,3.5392058401377004e-3,7.804381627898123e-3
0x6a3d9a,runtime wasm,1.4300167088124454,1.4174414069993873,1.4484110462508397,2.1017705842553656e-2,5.189377999158751e-3,2.783522445769694e-2
