Color,Name,Mean,MeanLB,MeanUB,Stddev,StddevLB,StddevUB
0xa6cee3,ocaml,0.31459913706331155,0.31440199379005207,0.3147936750500776,2.959367682031639e-4,2.1042202899935688e-4,3.696524871877701e-4
0x1f78b4,ocaml byte,2.5659249474793078,2.260029064625428,2.736965652645817,0.29877725158424645,0.1529329112497635,0.3950015886810699
0xb2df8a,haskell,0.4242765510625948,0.4231194497499473,0.42609131906239855,1.9431724277598047e-3,2.3641829586754592e-4,2.442966875843745e-3
0x33a02c,haskell strict,0.4227253956250365,0.42230056125009696,0.4232441608748445,6.475262121407423e-4,2.6624596546330877e-4,8.493991592430317e-4
0xfb9a99,juvix,0.2819306570731624,0.2817827306131585,0.282076785299796,2.3043666625136518e-4,1.4394651984067517e-4,3.5140937187750043e-4
0xe31a1c,juvix wasm,0.3186755348632778,0.31842882093324076,0.3188058693333005,2.9188357089460356e-4,2.3124339846354098e-4,3.4140656149805144e-4
0xcab2d6,runtime,0.28264795503352313,0.2822515154000939,0.28286432723349814,4.514918889148852e-4,3.589905697343413e-4,5.483248698790531e-4
0x6a3d9a,runtime wasm,0.7220379910623365,0.7217764159997841,0.7223957791874795,4.416971659498127e-4,1.7004244520817482e-4,6.040817311114788e-4
