Color,Name,Mean,MeanLB,MeanUB,Stddev,StddevLB,StddevUB
0xa6cee3,ocaml,0.31336337113004753,0.31292929521000284,0.31379744705009216,5.994115416159157e-4,4.758929048794851e-4,6.377800590440586e-4
0x1f78b4,ocaml byte,2.899167084979259,2.8437992808750323,2.9787137203127827,9.281724116682445e-2,2.7750880369617245e-2,0.12431311818888191
0xb2df8a,haskell,0.42135936518748923,0.42125822387485334,0.4214291980000174,1.2671406980040864e-4,6.541739391663778e-5,1.6127197244557913e-4
0x33a02c,haskell strict,0.42133276658328594,0.42123315149990503,0.42143238166666686,1.527709781571429e-4,7.370326944634739e-5,2.1223597972670093e-4
0xfb9a99,juvix,0.2811076390299089,0.28101574821000214,0.281199426679838,1.3948534347487583e-4,1.1837627413953825e-4,1.6355209041547363e-4
0xe31a1c,juvix wasm,0.3187547775366693,0.3171895693065744,0.32174488447009936,3.3355678580605616e-3,2.8953649863340276e-4,4.2329157822153535e-3
0xcab2d6,runtime,0.2823974467966551,0.28154275181002053,0.28404418264995,1.7885469074347467e-3,1.8893437235622808e-4,2.2669547905395052e-3
0x6a3d9a,runtime wasm,0.7240002417291294,0.7203507716457693,0.7304734689165571,6.800710437649482e-3,7.277982712215504e-4,8.428090140109595e-3
