Color,Name,Mean,MeanLB,MeanUB,Stddev,StddevLB,StddevUB
0xa6cee3,ocaml,0.31390627546662164,0.3137999228000262,0.3140841184665684,2.0020846167363268e-4,7.950611051877032e-5,2.594375062433625e-4
0x1f78b4,ocaml byte,2.7719586028124845,2.5650470456250027,2.8643491298750328,0.20080810140167946,0.1015832876054773,0.2644749902820145
0xb2df8a,haskell,0.4228799496874937,0.41893113400010407,0.4253395799998998,4.2205522953105475e-3,2.4516167949666964e-3,5.965074439243889e-3
0x33a02c,haskell strict,0.41877835604166574,0.4185909079999419,0.4190306619168875,3.0592102567775556e-4,1.4953625020552863e-4,4.100058712900367e-4
0xfb9a99,juvix,0.2811158467633777,0.28092342122984515,0.28134334440019304,2.987956193003932e-4,1.9745080721847606e-4,3.7703974818657e-4
0xe31a1c,juvix wasm,0.31790247475015954,0.3177508537002419,0.3180407833003301,2.3878158070187098e-4,2.021867507646138e-4,2.646706064005961e-4
0xcab2d6,runtime,0.2854045367666883,0.28186620486669806,0.292371877100004,7.748293169516732e-3,1.9116859471504308e-4,9.605588432630444e-3
0x6a3d9a,runtime wasm,0.7295902200209715,0.7202593820002221,0.7375300710000374,1.1357272948008987e-2,7.116297038466952e-3,1.3369271404593258e-2
