Color,Name,Mean,MeanLB,MeanUB,Stddev,StddevLB,StddevUB
0xa6cee3,ocaml,0.4850817377713004,0.4819085525018636,0.48818784631203016,4.137952338054548e-3,2.1601746654293097e-3,4.961663296681871e-3
0x1f78b4,ocaml byte,3.571143410500478,3.5579270330003965,3.5820437225008086,1.6515959186798317e-2,1.1466404468909203e-2,2.1511326248017777e-2
0xb2df8a,haskell,1.7249953272501746,1.7174614487500244,1.730028859000716,8.800009248365204e-3,7.774545420660201e-3,9.769546267054965e-3
0x33a02c,haskell strict,1.7603709817085473,1.7408878871665365,1.7798540762505581,3.0314298858035736e-2,1.0246249089883988e-2,4.0911488675546344e-2
0xfb9a99,juvix,1.0952584190420112,1.0892876557502404,1.103592319416748,9.064030585913568e-3,2.520775416996912e-3,1.1278912786209133e-2
0xe31a1c,juvix wasm,1.797277383624305,1.780108927749552,1.820925421998254,2.856280679967623e-2,1.010543524960171e-2,3.88080671213292e-2
0xcab2d6,runtime,0.48365937835448375,0.47905252612599725,0.48898085200016794,6.763720443757645e-3,2.707163249933738e-3,9.20101800385029e-3
0x6a3d9a,runtime wasm,1.3281628902292748,1.3063560667912195,1.3403878291874207,2.2515294095088567e-2,1.2040481187345943e-2,3.1666072387078734e-2
