Color,Name,Mean,MeanLB,MeanUB,Stddev,StddevLB,StddevUB
0xa6cee3,ocaml,0.31133909461348896,0.3105526177733585,0.31211040780030996,1.1491791942740183e-3,8.972173260307943e-4,1.40694095858794e-3
0x1f78b4,ocaml byte,2.772172747312311,2.6705408284998384,2.9011370839997426,0.15228319735989995,4.9628631903668605e-2,0.20090054545701894
0xb2df8a,haskell,0.41257251360408037,0.40629952381243584,0.41568223491659256,6.026022048422131e-3,1.236618842499716e-4,7.2439524684785915e-3
0x33a02c,haskell strict,0.3983646687292435,0.39500906233342903,0.40026777360418464,3.8912090483319527e-3,3.424234717131175e-3,4.22193537937776e-3
0xfb9a99,juvix,0.2658045386334167,0.2644700548332063,0.26731459520020506,2.182524750017728e-3,1.337574832401684e-3,3.222240029914257e-3
0xe31a1c,juvix wasm,0.30131606919009146,0.29968556118006745,0.30292744309011144,2.4728534067991336e-3,1.4545378137834355e-3,3.1011206344483174e-3
0xcab2d6,runtime,0.2683017016966005,0.2670730947833363,0.26945544651644016,1.8488476177159331e-3,1.2498262940383727e-3,2.7165689627007147e-3
0x6a3d9a,runtime wasm,0.711555823270866,0.6938071206457531,0.7224629878334478,1.838509259610378e-2,9.355007089218235e-3,2.5189017585208556e-2
