Color,Name,Mean,MeanLB,MeanUB,Stddev,StddevLB,StddevUB
0xa6cee3,ocaml,0.3147798205099874,0.31460287094996603,0.315005047700015,3.034376883226563e-4,1.8799615403453234e-4,4.135425808657793e-4
0x1f78b4,ocaml byte,2.8704062887917225,2.7477825371250333,2.9348864774167773,0.1162890868948172,5.147954861962596e-2,0.1489106170402929
0xb2df8a,haskell,0.42471606164584347,0.4200837678958654,0.4319561869375548,8.224345640083957e-3,2.5868229167068935e-3,1.0069139670940638e-2
0x33a02c,haskell strict,0.42001864408338935,0.419263605124911,0.4205903495001735,9.638678776966459e-4,6.114629010503007e-4,1.3202971051099312e-3
0xfb9a99,juvix,0.2823601351033176,0.2821978924534051,0.2824834708198978,2.0158691320977035e-4,1.2597735199420865e-4,2.6786015004020517e-4
0xe31a1c,juvix wasm,0.31860322814991077,0.3184778743998322,0.318668378399913,1.3176160259097353e-4,5.316665399396166e-5,1.798419094282394e-4
0xcab2d6,runtime,0.28368201260005965,0.28227085319996453,0.28647077400019044,3.058959763898201e-3,1.5526893831404416e-4,3.8418717238785896e-3
0x6a3d9a,runtime wasm,0.7224126376044447,0.721518054624994,0.7235213621042172,1.3688121108096428e-3,5.451124868806241e-4,1.7941832710773188e-3
