Color,Name,Mean,MeanLB,MeanUB,Stddev,StddevLB,StddevUB
0xa6cee3,ocaml,0.31517630156342724,0.3149520056800975,0.315339049083453,2.945604200904087e-4,2.3268548419282377e-4,3.634844362330482e-4
0x1f78b4,ocaml byte,2.6539126798335437,2.5289711290839327,2.7175951033333567,0.12095580072729974,6.817255283434169e-2,0.14706825740105917
0xb2df8a,haskell,0.41206732495813486,0.40025053324961846,0.4218168071249693,1.4493331436471165e-2,9.406682967221781e-3,1.8468797332106365e-2
0x33a02c,haskell strict,0.4186053845208259,0.4033197220001057,0.42666259685411967,1.4652901242988169e-2,7.806703504246514e-3,1.8607334838180473e-2
0xfb9a99,juvix,0.2822000900067784,0.2820990530333195,0.2823052247468755,1.5649769336626576e-4,1.1712020778807977e-4,1.9426158140750416e-4
0xe31a1c,juvix wasm,0.32237142915994504,0.3221601583600143,0.3227671459998419,4.4253466346176644e-4,5.86416405350097e-5,5.704231866771849e-4
0xcab2d6,runtime,0.2825722774967926,0.28242899153007783,0.28271544278024524,2.257359233511958e-4,1.7807281304971784e-4,2.73209389736644e-4
0x6a3d9a,runtime wasm,0.7255497448335101,0.7254642052503186,0.7256352844167016,1.442339513014282e-4,4.8453767259214284e-5,1.9509897244621296e-4
