Color,Name,Mean,MeanLB,MeanUB,Stddev,StddevLB,StddevUB
0xa6cee3,ocaml,0.3155361530200359,0.31548957624006413,0.3155893468200126,7.807363453516163e-5,4.0309332712800985e-5,1.1503373220627935e-4
0x1f78b4,ocaml byte,2.883435353895758,2.691801008875018,2.9903655349165392,0.18878626593796655,4.732356429174911e-2,0.2246285290879611
0xb2df8a,haskell,0.4199696326041173,0.40324159543729365,0.4316067061042001,1.9482167808611433e-2,1.1757076973709665e-2,2.6874670071409076e-2
0x33a02c,haskell strict,0.4078365210625634,0.3998822300001166,0.41312113550009144,9.04043880159142e-3,7.963164931153255e-3,1.0406483413311985e-2
0xfb9a99,juvix,0.28217376468018907,0.2821125635600098,0.28225251088037717,1.0117346556076105e-4,6.231020697571466e-5,1.3642268184488112e-4
0xe31a1c,juvix wasm,0.3222381014832657,0.3221457129997907,0.3223427788167707,1.3941685768456785e-4,8.663587731446284e-5,1.8340954335321105e-4
0xcab2d6,runtime,0.28326707942000817,0.28275559959990154,0.28392202855997317,8.593416306080254e-4,3.3740165380805054e-4,1.0995578647676014e-3
0x6a3d9a,runtime wasm,0.7279453874792617,0.7253028431250641,0.7321469848752713,4.428099287993338e-3,1.4699001068677314e-4,5.343128804295063e-3
