Color,Name,Mean,MeanLB,MeanUB,Stddev,StddevLB,StddevUB
0xa6cee3,ocaml,0.3471509442500557,0.3427318635001863,0.3493474659999644,4.167711569969704e-3,1.3492884998337618e-3,5.1327801476685675e-3
0x1f78b4,ocaml byte,1.080300333562434,1.0571513781873705,1.1172331201248653,3.923565492194316e-2,8.881416374947548e-3,4.966940526456643e-2
0xb2df8a,haskell,1.835438821562434,1.8129576685000757,1.8473981261247445,2.292229076947395e-2,5.286482124802205e-3,3.040347201114158e-2
0x33a02c,haskell strict,0.9017508238751853,0.8886524303751836,0.9112160050002368,1.5957183039665937e-2,9.59131220873034e-3,2.1858899481908098e-2
0xfb9a99,juvix,1.119440322104064,1.1190642133749407,1.1196705999581886,4.0588766763987363e-4,2.2759379661735392e-4,5.709126693514392e-4
0xe31a1c,juvix wasm,1.063067826062441,1.0605414587498672,1.0659067496251282,3.653265408096795e-3,1.892145347155811e-3,4.720647318688748e-3
0xcab2d6,runtime,1.4461330482290766,1.4403601258749177,1.449332862145733,5.666109549294794e-3,2.880979142423826e-3,7.38965370455342e-3
0x6a3d9a,runtime wasm,0.988670036020892,0.987823045562493,0.989240222895944,9.411334440303132e-4,5.536071666938369e-4,1.3167901831987907e-3
