Color,Name,Mean,MeanLB,MeanUB,Stddev,StddevLB,StddevUB
0xa6cee3,ocaml,1.9319102367085936,1.930499781333386,1.9340502086256492,2.45254781495169e-3,6.691072499052098e-4,3.257307162224424e-3
0x1f78b4,ocaml byte,5.88597056487519,5.883525127749863,5.887340307250042,2.412254361063159e-3,8.038754565700824e-4,3.2551998333608663e-3
0xb2df8a,haskell,2.3134445038126614,2.3121386225002425,2.3158057679374906,2.383013280440832e-3,3.375905593058885e-4,3.0158037090190905e-3
0x33a02c,haskell strict,2.1298558400208094,2.128421975499805,2.131289704541814,2.3540679078197907e-3,1.01994616301453e-3,3.2637961462046046e-3
0xfb9a99,juvix,5.31033329977068,5.299007985208012,5.3314796403122955,2.1423537232318473e-2,5.211450764436021e-4,2.5375651888464974e-2
0xe31a1c,juvix wasm,3.9993552819375964,3.9962178844373284,4.000869688500188,3.0708705553061538e-3,1.1769522278126821e-3,4.19448088288144e-3
0xcab2d6,runtime,3.3243225642709526,3.3231381836249057,3.3249508032711597,1.1357984650824406e-3,2.580894746606494e-4,1.4966497069668647e-3
0x6a3d9a,runtime wasm,3.342767699500238,3.3379982213757557,3.3451323979999943,4.575370064158541e-3,7.075142501282716e-4,5.553600654709044e-3
