Color,Name,Mean,MeanLB,MeanUB,Stddev,StddevLB,StddevUB
0xa6cee3,ocaml,0.34722899912492267,0.3448445618749929,0.3483147041248458,2.2763600218134402e-3,7.558028976876519e-4,2.9992936565863535e-3
0x1f78b4,ocaml byte,1.254070816791587,1.2261154373750855,1.2723926575831492,3.0088567940877938e-2,1.6724590396186633e-2,4.2312478852231696e-2
0xb2df8a,haskell,2.0737770389999546,1.9636424351251283,2.286471686124628,0.21135335901616334,1.2861883999903512e-2,0.2543449727768946
0x33a02c,haskell strict,0.9261757755418216,0.896408140249946,0.946311430124922,3.486991249163693e-2,3.146942902082027e-2,4.0224883913408345e-2
0xfb9a99,juvix,0.597772699187639,0.5973597114999241,0.5981302094378217,5.917309491654603e-4,3.2742938381193884e-4,8.256345567241596e-4
0xe31a1c,juvix wasm,0.5979044256667218,0.5965509657499979,0.5999038070000324,2.331760466947469e-3,7.808296665340886e-4,2.942590354597784e-3
0xcab2d6,runtime,2.146803943666536,2.1317035694996775,2.159453666999923,1.8877005609360523e-2,1.1222316538614264e-2,2.4364094180099858e-2
0x6a3d9a,runtime wasm,1.0158688590417455,1.0110151807916168,1.0184702686667606,4.617177844662325e-3,1.8519381891859946e-3,6.007698189099792e-3
