Color,Name,Mean,MeanLB,MeanUB,Stddev,StddevLB,StddevUB
0xa6cee3,ocaml,0.30697020034282707,0.30466103775312753,0.30880038605082516,3.119565301138686e-3,2.51741325208812e-3,3.7710994955994144e-3
0x1f78b4,ocaml byte,1.0964702558963684,1.0929741178756558,1.1017055675631582,5.7358448768531295e-3,9.458407592545619e-4,7.352033609496614e-3
0xb2df8a,haskell,2.9535871397082096,2.9253401321672454,2.970177139332312,3.2739321578119165e-2,2.878073547070704e-2,3.485736469160587e-2
0x33a02c,haskell strict,1.401340482937106,1.3984232430623251,1.4035275911867302,3.6740011322856196e-3,2.0313638404959003e-3,5.050910146669668e-3
0xfb9a99,juvix,2.101840280686853,2.0849385543742756,2.115363689748847,2.0217370783028994e-2,1.589471749208434e-2,2.3917700374674125e-2
0xe31a1c,juvix wasm,1.6384334134796366,1.6339177071874929,1.644551396689394,7.319428707440446e-3,2.755635937388534e-3,9.42188830788686e-3
0xcab2d6,runtime,4.018992296728963,3.9895322703750935,4.048452323082833,4.109155247525461e-2,2.2764515786810033e-2,5.619820402546908e-2
0x6a3d9a,runtime wasm,2.5337948096668392,2.515678235749874,2.5437076928336255,1.740333260102321e-2,7.977588168883809e-3,2.2892823059157755e-2
