Color,Name,Mean,MeanLB,MeanUB,Stddev,StddevLB,StddevUB
0xa6cee3,ocaml,0.3411677656460294,0.32616513062509966,0.34858834362512425,1.4608454010296854e-2,1.3605113747416908e-3,1.810904234421762e-2
0x1f78b4,ocaml byte,1.0614535646873833,1.0508906773749231,1.08135955549983,1.9713928624556083e-2,2.267771354323808e-3,2.4393943333074163e-2
0xb2df8a,haskell,1.8639177097916975,1.8494601191667546,1.8749990560416638,1.8656547936672648e-2,1.0536018166779626e-2,2.559127296160614e-2
0x33a02c,haskell strict,0.888213590062378,0.8726800120624603,0.8986011468123252,1.7210094048020614e-2,8.952518459113957e-3,2.3989034743218073e-2
0xfb9a99,juvix,1.122040213729046,1.1218001184583577,1.122233651999636,2.89518014666256e-4,1.9058482935658353e-4,3.5514104464452143e-4
0xe31a1c,juvix wasm,1.0645334179792485,1.0639131196252265,1.0652812265624902,9.584956661368983e-4,3.9990787074313994e-4,1.3197744585079847e-3
0xcab2d6,runtime,1.4978783421040778,1.4890675957083581,1.5057474951664365,1.231571270757963e-2,6.98913608928006e-3,1.709328571864785e-2
0x6a3d9a,runtime wasm,1.0050584646873897,1.0020729375623318,1.0064585529999022,2.912159145546852e-3,7.668645564742459e-4,3.8497555735848067e-3
