Color,Name,Mean,MeanLB,MeanUB,Stddev,StddevLB,StddevUB
0xa6cee3,ocaml,0.3439473729166214,0.3420250937497258,0.34482407333340837,1.8468493778627595e-3,8.036361639911695e-4,2.414660691336816e-3
0x1f78b4,ocaml byte,1.060148129270715,1.050967955374972,1.0656059224374985,1.066320400968523e-2,9.427735828910742e-3,1.1728509489771803e-2
0xb2df8a,haskell,2.0747015227081342,2.0545371109994903,2.0883209288332787,2.4939210251113193e-2,1.309001116699915e-2,3.1452671170219944e-2
0x33a02c,haskell strict,0.8673900699790617,0.8640593088748574,0.8715739097499409,5.5102520421326726e-3,2.4570920913760765e-3,7.663377776870439e-3
0xfb9a99,juvix,1.1162552811877617,1.1159815245625282,1.1165312515004189,3.5377055511857426e-4,1.8121724736903805e-4,4.298340999509179e-4
0xe31a1c,juvix wasm,1.0307639020000086,1.0290533722501323,1.0318929519998505,2.025660791635369e-3,1.6969089140671286e-3,2.414182067643047e-3
0xcab2d6,runtime,1.4570974481458734,1.4497642271251152,1.4621686526458006,9.072270791780553e-3,6.248295469438186e-3,1.1711445132594585e-2
0x6a3d9a,runtime wasm,0.9904085765832823,0.990009078999833,0.9907288963334698,5.271370456473184e-4,3.221193637130621e-4,7.058769071132236e-4
