Color,Name,Mean,MeanLB,MeanUB,Stddev,StddevLB,StddevUB
0xa6cee3,ocaml,1.17576303670855,1.1617334247503095,1.1865550450001479,1.7514290311472707e-2,1.2122999757486395e-2,2.2798370768080688e-2
0x1f78b4,ocaml byte,7.028252744770877,6.957033803895835,7.105019725583058,9.874302930386056e-2,5.055348311256461e-2,0.12476092544273996
0xb2df8a,haskell,2.3564028847292584,2.3107692164170808,2.391416987104075,5.9176126633467656e-2,3.14517257133503e-2,8.086160572613368e-2
0x33a02c,haskell strict,2.077370185375211,2.032642746000306,2.1057438923751874,5.2566234138730426e-2,4.622323838236049e-2,6.058353140742092e-2
0xfb9a99,juvix,1.751301879479134,1.7477174494999872,1.7538166121874497,4.205941444518847e-3,3.710237463314824e-3,4.785123631335775e-3
0xe31a1c,juvix wasm,0.898581262916783,0.8979300437500797,0.8995408870002279,1.028081194172245e-3,1.9678983750605035e-5,1.2597066958777942e-3
0xcab2d6,runtime,2.0998277597709794,2.0939177608336954,2.103979854937677,6.830466245968697e-3,4.0873833209479765e-3,9.562773318915259e-3
0x6a3d9a,runtime wasm,2.3865493930000525,2.3679959469998835,2.3957969240001376,1.8400778875270665e-2,4.2655200013541616e-4,2.1669943997287142e-2
