Color,Name,Mean,MeanLB,MeanUB,Stddev,StddevLB,StddevUB
0xa6cee3,ocaml,0.34716620754143906,0.3464622945415006,0.34753414374961267,6.765703234771779e-4,1.1392679684450106e-4,8.697721184233196e-4
0x1f78b4,ocaml byte,1.0565486682499643,1.0526247012499348,1.0641867169999841,7.62645688318394e-3,3.098939116537936e-4,9.062013615032843e-3
0xb2df8a,haskell,1.8638564896667542,1.8396698626669756,1.885494073750067,3.175761959789717e-2,1.677922916659702e-2,4.322574873232086e-2
0x33a02c,haskell strict,0.9303913868125543,0.9075625665624708,0.9589494527500998,3.301223651518424e-2,1.6869324717759746e-3,4.041871513169929e-2
0xfb9a99,juvix,1.1201168304790297,1.1197527908749407,1.1203609787706532,4.038280016436139e-4,2.134188058414991e-4,5.638363275640661e-4
0xe31a1c,juvix wasm,1.0629707944791373,1.0611789327917147,1.0662122179163969,3.258418999272784e-3,4.402052083681829e-4,4.138127310336117e-3
0xcab2d6,runtime,1.482619263687468,1.474786099124799,1.4905825116251208,1.1097558834701033e-2,3.0041468625589644e-4,1.3587704024648817e-2
0x6a3d9a,runtime wasm,0.9989126326040605,0.9945239061876237,1.0019061558956537,4.908910985715653e-3,3.0140570628334755e-3,6.913245912906976e-3
