Color,Name,Mean,MeanLB,MeanUB,Stddev,StddevLB,StddevUB
0xa6cee3,ocaml,0.3046477043993946,0.3006709471992508,0.3115539668993733,7.748353021852524e-3,2.0500247781669667e-3,1.0497198479189267e-2
0x1f78b4,ocaml byte,1.0883064281459458,1.0685561932920487,1.0992785033126893,2.294588344373026e-2,2.0592290434102652e-2,2.5338922204352493e-2
0xb2df8a,haskell,2.957974111688069,2.9281971993125353,2.973803063250822,2.8592003961320375e-2,1.4211694906712998e-2,3.655539778297995e-2
0x33a02c,haskell strict,1.42374321631299,1.413695529500425,1.4412288114381226,1.8106436273794928e-2,2.938052999525098e-3,2.32041387438696e-2
0xfb9a99,juvix,2.0174519987910267,1.9951541171646263,2.0332102492917934,2.6223411280098797e-2,1.620601383359888e-2,3.639212067430092e-2
0xe31a1c,juvix wasm,1.5711612919794031,1.5510571531253845,1.5912654308334218,2.972365036451623e-2,1.5096148528109447e-2,4.1501204632896145e-2
0xcab2d6,runtime,4.178135971686667,4.16129215299831,4.186465231624728,1.6548532521716695e-2,8.237538750108797e-4,1.9461192605783998e-2
0x6a3d9a,runtime wasm,2.5028001183126585,2.4892539310003485,2.520546007000121,2.0146371556429135e-2,6.630837624925334e-3,2.5012058428653863e-2
