Color,Name,Mean,MeanLB,MeanUB,Stddev,StddevLB,StddevUB
0xa6cee3,ocaml,0.33897059570828486,0.32168284725014473,0.34752470849991823,1.6477523642263736e-2,3.1822357500459475e-3,2.0169467612247072e-2
0x1f78b4,ocaml byte,1.2561265191875843,1.226978102187445,1.2713706792501398,2.8025789635787706e-2,3.8890365000648908e-3,3.590302907316441e-2
0xb2df8a,haskell,2.008975627208448,1.991268620625135,2.0194818285001475,1.8644056544837258e-2,8.759209764627279e-3,2.602106501135089e-2
0x33a02c,haskell strict,0.9357150686040919,0.8946487753331287,0.9691096598126023,4.968869275500176e-2,3.2929046211659985e-2,6.1909495686782896e-2
0xfb9a99,juvix,0.5980600656456355,0.597318325124661,0.5984961716247881,7.452401898032505e-4,3.1518503362214174e-4,1.0303836021883432e-3
0xe31a1c,juvix wasm,0.602380241458358,0.5960071206667028,0.6060048019584011,7.374924695022841e-3,6.657200750055381e-3,7.71450935976095e-3
0xcab2d6,runtime,2.133715174353938,2.1272680639581267,2.1390275225621735,7.930980255362149e-3,4.763111575009717e-3,1.0125852115057725e-2
0x6a3d9a,runtime wasm,1.0165712891248593,1.0152988984999638,1.0180963232498925,1.9013281450127534e-3,7.200367941072863e-4,2.5804572130236243e-3
