Color,Name,Mean,MeanLB,MeanUB,Stddev,StddevLB,StddevUB
0xa6cee3,ocaml,1.1635623598541354,1.1468829195833528,1.1757049255623429,2.0772777989687814e-2,1.0477462999929249e-2,2.6183925755425882e-2
0x1f78b4,ocaml byte,7.21738088120829,7.13234430762509,7.263929518083235,8.256562995659911e-2,4.199183824994179e-2,0.10749947212063914
0xb2df8a,haskell,1.9080789141456194,1.8713095377498803,1.9308928726247814,3.806574167456833e-2,1.6996676835172884e-2,5.268658027690053e-2
0x33a02c,haskell strict,1.824126775645728,1.7800570378957634,1.8840304429582677,6.715954249577802e-2,2.028576203707934e-2,8.413922358963014e-2
0xfb9a99,juvix,2.703525866958254,2.700599254749932,2.7066575715000454,4.369331760901128e-3,2.1385824730323325e-3,6.0894160573736885e-3
0xe31a1c,juvix wasm,0.8336747328333066,0.8333810033332915,0.8342349714999955,5.668407258262775e-4,1.514967113555696e-5,6.708499240026926e-4
0xcab2d6,runtime,2.8625617387709212,2.8543389106042127,2.875374235833533,1.4458910048180137e-2,3.5924337259648324e-3,1.8989808222196747e-2
0x6a3d9a,runtime wasm,2.3732177041456644,2.339088931124593,2.3962720445832324,4.1767788608857395e-2,2.824361077616944e-2,5.3241718630476734e-2
