Color,Name,Mean,MeanLB,MeanUB,Stddev,StddevLB,StddevUB
0xa6cee3,ocaml,0.29440679057301167,0.2871676413991736,0.2985718279333014,9.171705066266016e-3,7.678185791236526e-3,1.0810795300273929e-2
0x1f78b4,ocaml byte,1.0487106339789232,1.0034713162079547,1.0785594225414268,5.542158947790454e-2,3.403861456612785e-2,6.893282444618273e-2
0xb2df8a,haskell,2.7247242763745967,2.6591853697488355,2.7598492450000167,6.441212056600451e-2,2.5929899513640872e-2,8.799898729043283e-2
0x33a02c,haskell strict,1.3471446656664436,1.3196811425835526,1.3648380346655056,3.22043971849863e-2,2.8474669392968624e-2,3.6973835323820904e-2
0xfb9a99,juvix,1.9349285769794733,1.86225411372925,1.9698735296669838,6.87199545147105e-2,1.8790773416185402e-2,8.713257231909997e-2
0xe31a1c,juvix wasm,1.6431025460617548,1.6088093731241315,1.702984186812273,6.338948640664481e-2,6.853065999166574e-3,7.919669050761266e-2
0xcab2d6,runtime,3.754992654978802,3.718577741124136,3.8151279764997525,6.457094174391564e-2,8.463004125587759e-3,8.107164296447733e-2
0x6a3d9a,runtime wasm,2.4607450347706012,2.427661717165999,2.4878390195626707,3.976305844396595e-2,2.7524196833231374e-2,4.717654127713639e-2
