Color,Name,Mean,MeanLB,MeanUB,Stddev,StddevLB,StddevUB
0xa6cee3,ocaml,0.3451281297499425,0.34139068312509835,0.3476012447497965,4.044363778641685e-3,2.4175667497274844e-3,5.711414443610345e-3
0x1f78b4,ocaml byte,1.0795122330001732,1.0420888965002177,1.1070700247501009,4.673283027660005e-2,2.6479086698404236e-2,5.9946406910488644e-2
0xb2df8a,haskell,1.8486636498541884,1.8411770106041558,1.8525396620417496,7.162026708828611e-3,3.5757635985779095e-3,8.951266719482855e-3
0x33a02c,haskell strict,0.8898569396250195,0.8771207549998508,0.8976365771251267,1.5069584579897186e-2,1.177537750820314e-2,1.796630321953823e-2
0xfb9a99,juvix,1.1204078771457944,1.1198798829584575,1.1209743699372439,7.279791262766764e-4,4.3914536799204596e-4,9.625066956616323e-4
0xe31a1c,juvix wasm,1.0608931493957812,1.0559183086874668,1.0637620903332845,4.866697850461971e-3,1.9452147164696959e-3,6.625535290226761e-3
0xcab2d6,runtime,1.4708420677708887,1.4681155958750196,1.4729596746458924,3.6129745111195335e-3,2.069228368451719e-3,4.890403597284824e-3
0x6a3d9a,runtime wasm,0.9950205926042864,0.9939044413750935,0.9958185597503189,1.3419839277833494e-3,9.504873864124469e-4,1.6357050486166408e-3
