Color,Name,Mean,MeanLB,MeanUB,Stddev,StddevLB,StddevUB
0xa6cee3,ocaml,1.690671683458504,1.6766085982501409,1.7008496283754084,1.7011428603893212e-2,1.014821519845208e-2,2.350495695028771e-2
0x1f78b4,ocaml byte,6.772760778104764,6.747330337458456,6.789082965917866,3.012302863437016e-2,2.421129962352061e-2,3.5196232399913235e-2
0xb2df8a,haskell,2.5892857860630634,2.5813595861254726,2.6012135760628325,1.3860348727018988e-2,4.11838597862931e-3,1.830477467047513e-2
0x33a02c,haskell strict,2.506522702770932,2.4905122309378385,2.5153880984998978,1.561093449020276e-2,7.162388728341811e-3,2.1197222682899454e-2
0xfb9a99,juvix,3.847407389458302,3.8121582870833968,3.871817239083233,4.073776777024333e-2,2.560070945924476e-2,5.637213300732823e-2
0xe31a1c,juvix wasm,1.5699607257915507,1.5596184696248656,1.5749958481665847,9.809824406453083e-3,2.196744500679415e-3,1.2256300492940481e-2
0xcab2d6,runtime,3.702796680562377,3.6896996856248734,3.712207999624752,1.5595018828901096e-2,9.465703119131402e-3,2.1631502572615948e-2
0x6a3d9a,runtime wasm,3.6233068185204806,3.612256368624685,3.6314265291873653,1.3719785158900984e-2,8.101968873219713e-3,1.6335421787808918e-2
