Color,Name,Mean,MeanLB,MeanUB,Stddev,StddevLB,StddevUB
0xa6cee3,ocaml,1.9660160763124093,1.9634353579375556,1.9671943699372985,2.4671820367655854e-3,5.176086615837356e-4,3.2387612276405173e-3
0x1f78b4,ocaml byte,5.955441428645865,5.950100476958066,5.95870658704151,5.515545104035398e-3,2.8685408386299256e-3,7.750436183194603e-3
0xb2df8a,haskell,2.300840011291674,2.2983246853749506,2.3020974468333106,2.5108845170186906e-3,1.2965333250347655e-5,2.9044482852080148e-3
0x33a02c,haskell strict,2.2897521233333387,2.284900511416784,2.293343799124841,5.97784730179239e-3,3.5438999849223447e-3,7.299188883124174e-3
0xfb9a99,juvix,3.4153663409170654,3.41063619300121,3.417597452833358,4.665549739421504e-3,5.35848166540065e-4,5.771276428248345e-3
0xe31a1c,juvix wasm,1.3129510728545408,1.3107945447087181,1.3148251225004515,2.602828728656325e-3,1.8838360521041624e-3,3.2412428234241206e-3
0xcab2d6,runtime,3.264243997812438,3.2631582353753856,3.2650127328121243,1.2860432696655511e-3,7.491086193067413e-4,1.7753174360172943e-3
0x6a3d9a,runtime wasm,3.4869988814792428,3.4826986426251096,3.4952560299375364,8.206145687146013e-3,4.6330112490977626e-4,9.84500594631896e-3
