Color,Name,Mean,MeanLB,MeanUB,Stddev,StddevLB,StddevUB
0xa6cee3,ocaml,0.2693190962834342,0.26903718220019074,0.26965406466675634,4.749313330578044e-4,3.1996958173927185e-4,6.963414135086526e-4
0x1f78b4,ocaml byte,0.9416478683956105,0.9409137571249175,0.9424810578957098,1.0463182824238097e-3,4.1548452015838754e-4,1.4023696106462544e-3
0xb2df8a,haskell,2.6031382945834216,2.599016978750228,2.606706195375182,5.3979722685094265e-3,3.1006404718979816e-3,7.328422340599736e-3
0x33a02c,haskell strict,1.2136404990833778,1.2113120722085948,1.2179778539579427,4.340236353421132e-3,4.0768066658836144e-4,5.37727153177721e-3
0xfb9a99,juvix,1.760953561208377,1.759520100500822,1.7616537730412651,1.3612101441354565e-3,7.629577985729819e-5,1.6560968137412616e-3
0xe31a1c,juvix wasm,1.9036691838126292,1.9025103712501732,1.9052077262499552,1.935558281833476e-3,7.704442305314005e-4,2.6641060295936082e-3
0xcab2d6,runtime,3.664831666375259,3.6486499252507656,3.678182244624736,2.1040778454123405e-2,1.4144447562676354e-2,2.8273965916869283e-2
0x6a3d9a,runtime wasm,2.470224863541565,2.460274390124823,2.477117791458265,1.137261409375544e-2,7.020273084675458e-3,1.5918535152845567e-2
