Color,Name,Mean,MeanLB,MeanUB,Stddev,StddevLB,StddevUB
0xa6cee3,ocaml,1.1913741730624945,1.1687798313124822,1.228139297249906,4.044891633039944e-2,6.800831500110349e-3,5.2179397166128114e-2
0x1f78b4,ocaml byte,7.062424337625013,7.004797894250032,7.099557554874991,6.169082072958429e-2,2.8875228533545266e-2,8.575549190060681e-2
0xb2df8a,haskell,2.2090511073542607,2.1840343037500816,2.2265665432917863,2.988983888206711e-2,1.7323666566530865e-2,4.045016661401616e-2
0x33a02c,haskell strict,2.015484813708516,1.9421491186252524,2.1490878332504053,0.13875898849651103,1.9581794583321765e-2,0.16652853348112343
0xfb9a99,juvix,1.7169458972499,1.7109050373750279,1.7216783249997434,7.498438636823011e-3,3.3991334129530575e-3,1.0405780489179043e-2
0xe31a1c,juvix wasm,0.8425778290000684,0.8420980545002598,0.8428475366250344,4.6270230624560933e-4,1.7910392122493424e-4,6.228630795065312e-4
0xcab2d6,runtime,2.0999940282916136,2.096072634333116,2.1035305694999806,5.82057126608339e-3,3.2762748500891675e-3,8.167292074603299e-3
0x6a3d9a,runtime wasm,2.3593329756665944,2.317384448249868,2.390941294375125,4.9845325633326366e-2,4.607270145463219e-2,5.711218674089714e-2
