Color,Name,Mean,MeanLB,MeanUB,Stddev,StddevLB,StddevUB
0xa6cee3,ocaml,0.34780747718747307,0.3461792232500329,0.3485840366249704,1.6025003959973987e-3,1.5027012489099434e-4,1.8841448776590855e-3
0x1f78b4,ocaml byte,1.257924475729169,1.218980374250009,1.2793080256458325,3.7299573939507315e-2,1.5521430082364458e-2,4.938319320246181e-2
0xb2df8a,haskell,1.9595465659168099,1.9397715092502494,1.9739001481667628,2.5147235339602364e-2,1.479015373903689e-2,3.3148178303383145e-2
0x33a02c,haskell strict,0.9482487909580755,0.8921673658748546,0.9919756149996601,6.619605442425455e-2,3.6610103211876924e-2,9.290440026146474e-2
0xfb9a99,juvix,1.1292053283335122,1.1284664104584863,1.1305627253751709,1.3688395618076921e-3,1.4871215039330508e-4,1.706457736220897e-3
0xe31a1c,juvix wasm,1.0064748346041104,1.0063242237499708,1.0067296520625746,2.796033782692865e-4,8.268300007330254e-5,3.439235621250736e-4
0xcab2d6,runtime,2.134323905979329,2.1296363079380285,2.1373513373958417,5.042676200664797e-3,2.3404587236401306e-3,6.991553373106781e-3
0x6a3d9a,runtime wasm,1.0196819515833038,1.0177581555832755,1.0232179559998258,3.6540607438281768e-3,2.312076668052887e-4,4.313461744915781e-3
