Color,Name,Mean,MeanLB,MeanUB,Stddev,StddevLB,StddevUB
0xa6cee3,ocaml,1.1915843676874072,1.176361359437351,1.2188728817500305,2.7679921669478774e-2,1.6128731546517922e-3,3.3013902180091904e-2
0x1f78b4,ocaml byte,6.995858811145979,6.943517079250114,7.05749592562529,7.558031046785409e-2,2.8697566208279568e-2,9.625185056447591e-2
0xb2df8a,haskell,1.9773184111666637,1.961850059125311,1.9885698625415102,1.8593392908340604e-2,9.797551691367996e-3,2.598411392016647e-2
0x33a02c,haskell strict,1.9351528921251127,1.9151956775003025,1.944213687500034,1.90531725970218e-2,6.922325653394618e-3,2.5164202348505325e-2
0xfb9a99,juvix,1.7524714911457597,1.738135737249877,1.7652954745624356,1.9050192722989013e-2,9.653520708373775e-3,2.578513549092134e-2
0xe31a1c,juvix wasm,0.8497830603958505,0.8473834522499146,0.8526237075000154,3.795009234739856e-3,1.7115115549534827e-3,5.284320352284452e-3
0xcab2d6,runtime,2.1278952614790683,2.120037077624943,2.132815635270788,9.37547005038588e-3,7.010833038316044e-3,1.136311653265159e-2
0x6a3d9a,runtime wasm,2.376423278979132,2.3560328706250857,2.387019772583244,2.3570215377091634e-2,2.049549557804896e-2,2.4471553739200513e-2
