Color,Name,Mean,MeanLB,MeanUB,Stddev,StddevLB,StddevUB
0xa6cee3,ocaml,0.3473486068542873,0.3456815005625913,0.3482661490626242,1.5960931154736196e-3,5.559756066104526e-4,2.118972963904572e-3
0x1f78b4,ocaml byte,1.0849525285000443,1.042309335375061,1.1641496013749777,8.144111351218837e-2,6.021896233126517e-3,9.848023611925716e-2
0xb2df8a,haskell,1.870741245270968,1.86274115406286,1.8809886942501635,1.3039523526125385e-2,5.993491604061902e-3,1.6682425369156647e-2
0x33a02c,haskell strict,0.8937743624373601,0.8780775069998679,0.9094712178748523,2.2129393226443295e-2,1.1606829192892314e-2,3.0180311553990084e-2
0xfb9a99,juvix,1.1205136429373586,1.1154773041247381,1.125549981749979,7.898457908842908e-3,3.911102267676274e-3,1.1037975136891438e-2
0xe31a1c,juvix wasm,1.0641282411669029,1.059950245750315,1.0721314892501823,7.976391750486025e-3,4.993959998955688e-4,9.648667113760364e-3
0xcab2d6,runtime,1.4484341441458544,1.4459610505416927,1.4502569196249624,3.118249612301977e-3,1.6352983050588708e-3,4.076066727316603e-3
0x6a3d9a,runtime wasm,0.9925468768126583,0.991125629187593,0.9947404730000926,2.491845260445867e-3,8.909242499157699e-4,3.1256249679778186e-3
