Color,Name,Mean,MeanLB,MeanUB,Stddev,StddevLB,StddevUB
0xa6cee3,ocaml,1.1655258201666545,1.1482349683751067,1.1888296218749588,2.62102363046633e-2,1.0257451759887778e-2,3.383427288078398e-2
0x1f78b4,ocaml byte,7.081388304854386,6.897764925062916,7.17638889952093,0.17528029550759155,8.53023261064462e-2,0.2193944756156153
0xb2df8a,haskell,2.2744511566458336,2.2212783466664705,2.313817161249972,6.295286730867206e-2,4.884184893571428e-2,7.512248203035514e-2
0x33a02c,haskell strict,1.9656828087915983,1.8963773533332642,2.026205760541643,8.541442323514715e-2,5.0580952661768486e-2,0.10388931493635818
0xfb9a99,juvix,1.7145066572707037,1.712934896374918,1.7160784181664894,2.390317312972461e-3,8.445327810332607e-4,3.2287600776053165e-3
0xe31a1c,juvix wasm,0.8442992884166264,0.8438103607500125,0.844538941291565,4.6309321895036644e-4,1.1188924986527127e-4,5.756754723035026e-4
0xcab2d6,runtime,2.091398772437534,2.0855325857501916,2.093897497562523,5.942269485196491e-3,2.8387551320306083e-3,8.305477493329681e-3
0x6a3d9a,runtime wasm,2.377768562604198,2.346399552354152,2.3939838263334723,3.1034904796396933e-2,2.331757828926046e-3,3.755009464273922e-2
