Color,Name,Mean,MeanLB,MeanUB,Stddev,StddevLB,StddevUB
0xa6cee3,ocaml,0.26719459939650425,0.2653029862900621,0.2681659042332588,1.9953427732920075e-3,3.3138186911551865e-4,2.593536255478218e-3
0x1f78b4,ocaml byte,0.9720161458748559,0.9711562133749491,0.972688678999854,1.1336018414523053e-3,5.510877844847458e-4,1.553148723026497e-3
0xb2df8a,haskell,2.593563482458535,2.592265310458856,2.5961280705832905,2.5329559177699732e-3,7.333705099906622e-5,2.997999813875829e-3
0x33a02c,haskell strict,1.2539702465209455,1.2521064576670446,1.255760782374864,2.3513532396320248e-3,1.277562528638942e-3,2.846477988968068e-3
0xfb9a99,juvix,1.8242392371044314,1.822472232125392,1.8255242067918214,2.1896157382399113e-3,1.2186742496851366e-3,2.6735193890104056e-3
0xe31a1c,juvix wasm,1.547532627791649,1.5452789388746169,1.5498125248335177,3.2169907869985487e-3,1.1217728336608834e-3,3.969884988422547e-3
0xcab2d6,runtime,3.592357252916296,3.5829568724993806,3.598826990416607,1.1598543470716297e-2,7.757747266190111e-3,1.4941218749562299e-2
0x6a3d9a,runtime wasm,2.218089547624951,2.206146761500046,2.2246098637498712,1.1406390502398377e-2,4.518315106793498e-3,1.505802507969631e-2
