Color,Name,Mean,MeanLB,MeanUB,Stddev,StddevLB,StddevUB
0xa6cee3,ocaml,0.34647408168761257,0.3446720301874393,0.34771162150051776,2.02333291789252e-3,1.2791730782908863e-3,2.8523239498256686e-3
0x1f78b4,ocaml byte,1.0990684445000813,1.050056311999981,1.1502637718748474,6.366112565064842e-2,3.1219291750289813e-2,7.723843429721526e-2
0xb2df8a,haskell,1.870185083104199,1.8634330889375406,1.8747771031042173,8.045648429127602e-3,4.042619171174819e-3,1.0604815932538699e-2
0x33a02c,haskell strict,0.8750396156666133,0.8564538649166783,0.8840857970415831,1.796003126945651e-2,1.1394307784489167e-3,2.147609506329574e-2
0xfb9a99,juvix,1.1214126741666632,1.1193036172500115,1.1253721057499888,3.9762688105621615e-3,2.78962370872399e-4,4.8706583142605255e-3
0xe31a1c,juvix wasm,1.0605142546665054,1.0601918638332486,1.0607479942914513,4.083491047533437e-4,2.70655076578621e-4,5.397985415311518e-4
0xcab2d6,runtime,1.4435034821875092,1.4395562430625546,1.4499765431874607,6.653126733669257e-3,2.710919405807686e-3,9.115758285393558e-3
0x6a3d9a,runtime wasm,0.9908469868541943,0.9905698102916176,0.9912939189167673,4.6184029922401816e-4,1.9743828673162654e-4,6.401118520667177e-4
