Color,Name,Mean,MeanLB,MeanUB,Stddev,StddevLB,StddevUB
0xa6cee3,ocaml,0.3469704403958834,0.34295749229174055,0.3502556887501669,5.086419577146051e-3,3.47903003344e-3,6.6962947616905745e-3
0x1f78b4,ocaml byte,1.0507457694582552,1.0359105186665452,1.0664789272082469,2.3231855045186902e-2,1.288638282141034e-2,3.2718899999233386e-2
0xb2df8a,haskell,2.0532518207290877,2.0364343208123046,2.0681986684164713,2.3359165809432238e-2,1.5844477963738387e-2,3.0899134193708277e-2
0x33a02c,haskell strict,0.8727415924791823,0.8713856252500136,0.8738108444999853,1.6188686257492262e-3,1.3255572063741265e-3,1.8927967658368947e-3
0xfb9a99,juvix,1.1158071379374708,1.1155483523749958,1.1160659234999457,4.1762383513959056e-4,1.3883700688145818e-4,5.625042843085473e-4
0xe31a1c,juvix wasm,0.9989117582918728,0.9984908852502485,0.9992876899999601,5.7125991641055e-4,3.638508177973153e-4,7.832279864231185e-4
0xcab2d6,runtime,1.444847618937634,1.4439589138751594,1.4458249704377408,1.326952813372874e-3,6.116387177063243e-4,1.8413791536779649e-3
0x6a3d9a,runtime wasm,0.9882876070833314,0.9878094811666263,0.9887542635000273,6.89914419835643e-4,3.647193285282717e-4,9.617443049485771e-4
