Color,Name,Mean,MeanLB,MeanUB,Stddev,StddevLB,StddevUB
0xa6cee3,ocaml,1.1611393291042493,1.146530689333455,1.1749200074376063,2.0727421535089944e-2,1.1211429063644727e-2,2.8819225759398957e-2
0x1f78b4,ocaml byte,7.191312777291652,7.102751168499935,7.243325325249998,8.883388698508855e-2,3.2595160402547604e-2,0.12126427349350812
0xb2df8a,haskell,1.8893591675000987,1.838459749500089,1.9197387585001404,6.054754231006631e-2,4.9715405935922385e-2,7.015866016697929e-2
0x33a02c,haskell strict,1.8331455675001582,1.793669406625554,1.8509575176249957,3.88636663515967e-2,7.829218249905012e-3,5.0103345479178406e-2
0xfb9a99,juvix,1.730662647916726,1.7284475496251162,1.7319236464167413,2.1509039728728075e-3,7.772123700276147e-4,2.9121512937263657e-3
0xe31a1c,juvix wasm,0.8674006393750157,0.8648655837500883,0.868572628874972,2.4793546026255545e-3,7.409543556437673e-4,3.3188587625414515e-3
0xcab2d6,runtime,2.091583777833326,2.0878678898332246,2.098062117333446,6.4296330089516586e-3,1.8868068289887253e-3,8.581475748548603e-3
0x6a3d9a,runtime wasm,2.3959758464793026,2.3920036986249897,2.3999479943336155,6.226402835278647e-3,3.2190640008796564e-3,8.730901744173758e-3
