Color,Name,Mean,MeanLB,MeanUB,Stddev,StddevLB,StddevUB
0xa6cee3,ocaml,2.136782520603674,2.1263235289372915,2.143029618541277,1.2420841346085199e-2,5.190791376207926e-3,1.510164044898862e-2
0x1f78b4,ocaml byte,7.996111483978969,7.9113780690624935,8.0453710351253,8.728251941006221e-2,4.875069990248204e-2,0.122693362345595
0xb2df8a,haskell,2.882680988812505,2.8643529870005295,2.9010089906244803,2.48460869135246e-2,1.1903206699467959e-2,3.343422837082824e-2
0x33a02c,haskell strict,2.806725977375057,2.7824064017504497,2.8247433284996077,3.022131384360747e-2,1.7849221170813296e-2,3.842691086667561e-2
0xfb9a99,juvix,6.683586704666065,6.655237876582609,6.7372796547495,5.353292091142552e-2,4.196331665904385e-3,6.546881410077617e-2
0xe31a1c,juvix wasm,5.616297500563102,5.586939346501367,5.630747985125254,2.834178980992866e-2,5.874035997078964e-3,3.645155787156009e-2
0xcab2d6,runtime,4.334038786916229,4.296530677333218,4.356341131416532,4.4083621799511565e-2,3.805997849894993e-2,5.150505840324035e-2
0x6a3d9a,runtime wasm,4.646252688917532,4.609533580500283,4.700416347376631,5.889919777826193e-2,1.6339599000275484e-2,7.399136836813122e-2
