Color,Name,Mean,MeanLB,MeanUB,Stddev,StddevLB,StddevUB
0xa6cee3,ocaml,0.31217350890005036,0.31099184650000095,0.3141424372999609,2.2256415565819134e-3,1.1340365407497242e-3,3.2361157593137177e-3
0x1f78b4,ocaml byte,1.1171780459796234,1.1157304383335336,1.1191057339789647,2.3944051049603517e-3,9.256563179242097e-4,3.283302694310437e-3
0xb2df8a,haskell,3.0601219897923784,3.047016110749837,3.0690866269178514,1.4847379828772324e-2,8.200362729401365e-3,2.070294263031664e-2
0x33a02c,haskell strict,1.442346114437593,1.4392313831244792,1.4445339375001822,3.62989640906898e-3,2.1320462868195003e-3,5.05256093650056e-3
0xfb9a99,juvix,2.0789990515208956,2.072214449666717,2.0832997482084465,8.164457174720571e-3,5.715271633119569e-3,9.932033561041899e-3
0xe31a1c,juvix wasm,2.2506651707290075,2.2325940828131934,2.264287285478531,2.2820033732960876e-2,1.2001118205402488e-2,3.145892647027737e-2
0xcab2d6,runtime,4.20870286433266,4.201285111749485,4.220950609498914,1.3706648496256017e-2,4.436556300392164e-3,1.678036742207012e-2
0x6a3d9a,runtime wasm,2.891240484854355,2.8813237308124826,2.9025268535006035,1.6655889230994245e-2,4.887125306462865e-3,2.117762659787668e-2
