Color,Name,Mean,MeanLB,MeanUB,Stddev,StddevLB,StddevUB
0xa6cee3,ocaml,0.3336154701668761,0.3146959182918181,0.34398081983363227,1.861482559176071e-2,3.781785750220479e-3,2.402983175693094e-2
0x1f78b4,ocaml byte,1.0961014885000016,1.0522301682499346,1.1214432623751236,5.0909029508069845e-2,4.584807798531061e-2,5.546839623901115e-2
0xb2df8a,haskell,2.1044223031041347,2.054151463500034,2.1312972990416106,4.9084409630837315e-2,7.7721515801083205e-3,6.2065144555887214e-2
0x33a02c,haskell strict,0.8655056559166686,0.8446341920000009,0.8749252454166102,2.0544969894211493e-2,7.584985963690175e-3,2.7929274623663344e-2
0xfb9a99,juvix,1.1175058249374008,1.1172542259997347,1.1176738565624948,3.177371455901573e-4,1.6368741182052647e-4,3.8805241592166864e-4
0xe31a1c,juvix wasm,1.0034805920624308,1.0026297416873717,1.0040584648124309,1.0088951440535867e-3,5.047857716388126e-4,1.334539951079621e-3
0xcab2d6,runtime,1.4711138639791177,1.468433930166687,1.4739033074166248,3.9672273120578624e-3,1.9326353750557246e-3,5.172717967809237e-3
0x6a3d9a,runtime wasm,0.9952679100210275,0.9943496597917374,0.9958296945627012,1.0932114062474462e-3,8.232222428089863e-4,1.2973858254474325e-3
