Color,Name,Mean,MeanLB,MeanUB,Stddev,StddevLB,StddevUB
0xa6cee3,ocaml,0.34225826827069267,0.33894645958336395,0.3469414999997298,5.194950960891565e-3,1.979742830470724e-3,6.772984727148112e-3
0x1f78b4,ocaml byte,1.0861075476042288,1.0518964675000007,1.1235192173750193,4.7145150766333466e-2,2.2101935670471206e-2,5.9210337278464184e-2
0xb2df8a,haskell,2.1186065048958462,2.0999246460625614,2.127969245333285,1.8112102181728384e-2,2.864193886078739e-3,2.3004049395758727e-2
0x33a02c,haskell strict,0.8421917085000056,0.8165926584999852,0.8596419640000097,3.209678241305522e-2,1.629758900003253e-2,4.029963884142057e-2
0xfb9a99,juvix,1.1173899284376414,1.1169827749379806,1.1176718171874618,5.003230633238063e-4,2.505294996808516e-4,6.509941823611665e-4
0xe31a1c,juvix wasm,1.0300945880624681,1.0299117936250468,1.0302291867499207,2.209688339833354e-4,1.4429397338189132e-4,2.723567621897272e-4
0xcab2d6,runtime,1.479402274354148,1.4660027003748155,1.5047272424378093,2.5163306171289587e-2,1.7853123750910527e-3,3.0497333432650205e-2
0x6a3d9a,runtime wasm,0.9925532070208192,0.991616622437391,0.993020264520851,9.271072627581519e-4,5.7032584810583035e-6,1.0843263519627294e-3
