Color,Name,Mean,MeanLB,MeanUB,Stddev,StddevLB,StddevUB
0xa6cee3,ocaml,0.26969900862987745,0.2694916474098773,0.27005970709988103,4.0020127096094643e-4,1.1939158225748495e-4,5.440837717910641e-4
0x1f78b4,ocaml byte,0.9427063680624315,0.9416687552500207,0.9439937054999064,1.576792228975578e-3,6.070587768917479e-4,2.0720650827054763e-3
0xb2df8a,haskell,2.638703415666631,2.621390759583316,2.6513404488747483,2.0460129490326617e-2,1.7215786588854646e-2,2.31185946305088e-2
0x33a02c,haskell strict,1.2184077049166149,1.2171503855000765,1.2191961391247332,1.4880406619914824e-3,1.2083940751814583e-3,1.7253036034169523e-3
0xcab2d6,runtime,3.6665530404166398,3.657741457333448,3.6804013759164413,1.5528493987016374e-2,3.4636021665999106e-3,2.0349479460269507e-2
0x6a3d9a,runtime wasm,2.429774888687575,2.421311549062466,2.43489256450016,8.526684847316317e-3,3.707870830184031e-3,1.1818766032084333e-2
