Color,Name,Mean,MeanLB,MeanUB,Stddev,StddevLB,StddevUB
0xa6cee3,ocaml,0.3469417431251145,0.3444228987502811,0.34813329700000395,2.421949636276029e-3,7.910814420953006e-4,3.227225769081589e-3
0x1f78b4,ocaml byte,1.2550268205417296,1.227824332416617,1.267865621666715,2.5797770282198134e-2,7.263386719514969e-3,3.317151422431623e-2
0xb2df8a,haskell,2.018774988083256,1.9862198052500162,2.056860552249759,4.4967157940386776e-2,1.8016534333317735e-2,5.497383579625359e-2
0x33a02c,haskell strict,0.9448291314167818,0.8922522957499268,0.9704950300001656,4.966716844870799e-2,1.3931661000015083e-2,6.2148147077148844e-2
0xfb9a99,juvix,1.1281844227084623,1.1280092517501998,1.128298602541728,2.1259120033982317e-4,1.4085296974006813e-4,2.636870298882309e-4
0xe31a1c,juvix wasm,0.999304772354132,0.9880286414166146,1.004898301041673,1.1024348963967014e-2,7.555525416288456e-4,1.3123407754885555e-2
0xcab2d6,runtime,2.1344710973749934,2.132219931625002,2.1355765770000517,2.191307000347139e-3,3.061679998761502e-4,2.6114151096058836e-3
0x6a3d9a,runtime wasm,1.0128493115624906,1.0112670495000202,1.014431573624961,2.3265940958366424e-3,1.1460341497597575e-3,3.2038334129534363e-3
