Color,Name,Mean,MeanLB,MeanUB,Stddev,StddevLB,StddevUB
0xa6cee3,ocaml,0.3142756927634643,0.31164490524039135,0.315528572416891,2.739508096827283e-3,2.6965009465837204e-4,3.439534531153662e-3
0x1f78b4,ocaml byte,1.1675544899167107,1.1671852224171744,1.1677324358333863,3.5625502851704114e-4,1.21268585205753e-4,4.7778044152901997e-4
0xb2df8a,haskell,3.200795858604503,3.1695028011664967,3.2621987424178465,6.151536139689909e-2,1.4283024162675684e-3,7.226822054239708e-2
0x33a02c,haskell strict,1.5677780686875546,1.4903929226250816,1.6108397945627075,8.968490043536652e-2,7.916632607506581e-2,9.691760369595603e-2
0xfb9a99,juvix,2.1867527977921477,2.1852061888342478,2.187783035541694,1.8834771568004768e-3,1.3434344497116094e-3,2.3792321681196183e-3
0xe31a1c,juvix wasm,1.876764234624564,1.8615445149989682,1.8866906046246186,1.8091212010919382e-2,1.350051977152274e-2,2.183350473081544e-2
0xcab2d6,runtime,4.280967328521608,4.267259446376556,4.295977488000972,2.2275671630820573e-2,1.2165584761484218e-2,3.141788898996366e-2
0x6a3d9a,runtime wasm,2.653049716458478,2.6495988152503287,2.659187385875157,6.351611208522508e-3,5.864293336041992e-4,7.697630139668763e-3
