Color,Name,Mean,MeanLB,MeanUB,Stddev,StddevLB,StddevUB
0xa6cee3,ocaml,0.2695536939667848,0.2694037408332103,0.2698453022004469,2.989046051862929e-4,1.1212214369074445e-4,4.195218859816335e-4
0x1f78b4,ocaml byte,0.9416299522084728,0.9408297212501111,0.942199417875031,9.557374936041014e-4,7.022988857241398e-4,1.1566456313174913e-3
0xb2df8a,haskell,2.5871269663128564,2.5859807495004743,2.5882731831252386,1.8342517971770048e-3,1.0324999170060129e-3,2.5899530367380352e-3
0x33a02c,haskell strict,1.206579355354658,1.2054491669590184,1.2087274108123438,2.1297623720470814e-3,2.069191018025942e-4,2.610058297830205e-3
0xfb9a99,juvix,1.7703519663743918,1.7639440721247865,1.7738889509992077,6.363082448868712e-3,2.794774198477922e-3,8.782039437005527e-3
0xe31a1c,juvix wasm,1.686730928999964,1.6861447630001294,1.6874845152499347,9.056829708774074e-4,3.399611205688888e-4,1.2193193123122407e-3
0xcab2d6,runtime,3.644854354312239,3.6419118301248545,3.647095462249581,3.4939552171958546e-3,2.770860875064729e-3,4.187565813920191e-3
0x6a3d9a,runtime wasm,2.47110312416684,2.4686366300835134,2.473026209000068,3.300705599186542e-3,1.6655967055045854e-3,4.441174184553678e-3
