Color,Name,Mean,MeanLB,MeanUB,Stddev,StddevLB,StddevUB
0xa6cee3,ocaml,1.7585241831042329,1.737970009145878,1.7986041394374865,3.9848081623228816e-2,1.8529997916706398e-3,4.746783147130601e-2
0x1f78b4,ocaml byte,7.081581273583292,7.061948260749887,7.103212640999914,2.82879438684199e-2,1.3615041108156095e-2,3.638664190686925e-2
0xb2df8a,haskell,2.8326170512709155,2.777645319270789,2.940477350625315,0.1081769718179397,7.057571548454433e-4,0.12589413045515707
0x33a02c,haskell strict,2.6091874361247087,2.5663879722498373,2.689636014124517,8.230884219810315e-2,5.12399246822208e-3,9.884112795731474e-2
0xfb9a99,juvix,4.96629627347924,4.962703149624986,4.970389805937657,5.2984276982101135e-3,2.4904271681607166e-3,7.255677986988221e-3
0xe31a1c,juvix wasm,2.9416919063541136,2.926721503166694,2.9495890321874754,1.728980992876756e-2,1.5071391741787891e-2,1.7605031051396432e-2
0xcab2d6,runtime,3.884862037895933,3.876751638750193,3.8929724370416734,1.2342877946259535e-2,6.591770286216955e-3,1.7349348886695145e-2
0x6a3d9a,runtime wasm,3.8362600081667133,3.7987276059169894,3.869038827583343,4.795259796236915e-2,2.1878449166295617e-2,6.621279525888726e-2
