Color,Name,Mean,MeanLB,MeanUB,Stddev,StddevLB,StddevUB
0xa6cee3,ocaml,1.186148140312601,1.173370656312727,1.192045880000099,1.2568537145646201e-2,4.84989237225845e-3,1.7179113839916063e-2
0x1f78b4,ocaml byte,7.028173871187543,6.968279255249892,7.076935594000247,7.367970162225798e-2,4.012081678137685e-2,0.10213194164250718
0xb2df8a,haskell,1.8568379440417477,1.8133289125000829,1.9024173947500458,5.937322888985373e-2,2.8457689847348547e-2,7.43056181940335e-2
0x33a02c,haskell strict,1.79258029191656,1.7384143811246417,1.820492145041707,5.1168746225793614e-2,1.467706508329536e-2,6.26039664715868e-2
0xfb9a99,juvix,3.805394188666772,3.7701434146668666,3.828679136166746,3.810426295292727e-2,2.206196693836177e-2,5.377428282870493e-2
0xe31a1c,juvix wasm,2.5521861527291776,2.5424467087084395,2.559587948791659,1.2679583355232707e-2,8.187088652381207e-3,1.709371579664158e-2
0xcab2d6,runtime,2.8610656196874893,2.858032057125115,2.8640484267500597,4.109953954800027e-3,1.4364458818994256e-3,5.5692667660623306e-3
0x6a3d9a,runtime wasm,2.3738342578542415,2.367009347500243,2.385733972125081,1.2170688626010099e-2,1.3467972498801828e-3,1.4622137702886458e-2
