Color,Name,Mean,MeanLB,MeanUB,Stddev,StddevLB,StddevUB
0xa6cee3,ocaml,0.2689382600967292,0.2687041587500062,0.2690778607100583,2.736644838575614e-4,1.0162449253699527e-4,3.719855318221434e-4
0x1f78b4,ocaml byte,0.9398490309793033,0.9394729884998014,0.9403306841877566,5.820357439205288e-4,2.145267503692594e-4,7.393258394539599e-4
0xb2df8a,haskell,2.5756665507499292,2.570964598000046,2.5789054104998286,5.313708056897414e-3,3.190133034328584e-3,7.479826193887329e-3
0x33a02c,haskell strict,1.2121439764997224,1.2114189539999338,1.212868998999511,9.54318980186278e-4,6.224237069102387e-4,1.2935867640639681e-3
0xfb9a99,juvix,1.7651741167500556,1.7616282740001832,1.7676696838749801,4.133590485074604e-3,2.459294264406645e-3,5.763265405423742e-3
0xe31a1c,juvix wasm,1.9017734410836435,1.901027563500179,1.9026397011669665,1.1287985766893847e-3,5.758980749557899e-4,1.482058718353412e-3
0xcab2d6,runtime,3.6219649204163793,3.6157045062495854,3.628225334583173,8.009965180188384e-3,3.988937547454613e-3,1.046886967029316e-2
0x6a3d9a,runtime wasm,2.444659658125223,2.4417533380005807,2.446894532500058,3.8172882827588266e-3,2.184976600950086e-3,5.161221287664563e-3
