Color,Name,Mean,MeanLB,MeanUB,Stddev,StddevLB,StddevUB
0xa6cee3,ocaml,1.1913304449998539,1.1611359712499052,1.206016651999903,2.8721290821195816e-2,1.2807159500084708e-2,3.4891408866195024e-2
0x1f78b4,ocaml byte,6.987663588708263,6.938321820749934,7.043665433000115,7.858886705409104e-2,4.01309132420534e-2,0.11025840610389412
0xb2df8a,haskell,2.219486758833265,2.1253011568746842,2.2636607686667576,8.94336512281137e-2,2.406639785118761e-2,0.11549682470408552
0x33a02c,haskell strict,1.9505017179791366,1.9290844219999599,1.9719190139583134,3.160133419613837e-2,1.1185135524242669e-2,4.2254238355611234e-2
0xfb9a99,juvix,1.7031188013542267,1.7014710358128582,1.7043697922499632,2.0760175946891953e-3,1.3097438552255296e-3,2.824717176115077e-3
0xe31a1c,juvix wasm,0.8413561639791093,0.839237363499933,0.8427363066873568,2.508585024368018e-3,2.034330333420542e-3,2.9922276109448855e-3
0xcab2d6,runtime,2.0956196597292283,2.090613807416806,2.0994007167916684,6.4647680363964805e-3,3.906841196741622e-3,8.731977251284603e-3
0x6a3d9a,runtime wasm,2.3768199231250073,2.351781162500098,2.3893966844999186,2.4605873614154505e-2,1.9088467183356224e-3,2.9866693733099636e-2
