Color,Name,Mean,MeanLB,MeanUB,Stddev,StddevLB,StddevUB
0xa6cee3,ocaml,0.3455663042291424,0.34262817893755937,0.3472854189165749,2.888438425802995e-3,1.444257918877224e-3,3.970125310227894e-3
0x1f78b4,ocaml byte,1.0793316960208206,1.0597491933749552,1.094795946333382,2.457130817711666e-2,1.6010820821338624e-2,3.222645654477194e-2
0xb2df8a,haskell,2.1266522554791814,2.1116504836249987,2.134162015333307,1.732256779937114e-2,1.5011445031972732e-2,1.7343047493315715e-2
0x33a02c,haskell strict,0.8654622216251558,0.8600187631250265,0.8688319331253069,5.57915629311935e-3,2.5919290003457718e-3,7.78201536681449e-3
0xfb9a99,juvix,1.116125971499817,1.1154707010002387,1.116474475999818,6.414378444068795e-4,2.267058211522257e-4,8.699941092232911e-4
0xe31a1c,juvix wasm,0.9977851453334287,0.9973092630004317,0.9980118895832865,4.581635895308368e-4,5.881871345145463e-5,5.753597574631534e-4
0xcab2d6,runtime,1.4473264991874923,1.4437468494999546,1.453924410500046,6.749528361268311e-3,8.156977500372031e-4,8.093439678321377e-3
0x6a3d9a,runtime wasm,0.9882941056250729,0.9880261870002869,0.9886558217501715,4.070719791693576e-4,1.3905949981563026e-4,5.112266316381116e-4
