Color,Name,Mean,MeanLB,MeanUB,Stddev,StddevLB,StddevUB
0xa6cee3,ocaml,1.9809646471872686,1.9780785855621918,1.9830093149997385,3.387373595371607e-3,2.025913977820855e-3,4.721958047731497e-3
0x1f78b4,ocaml byte,5.975959523562513,5.971060907125093,5.983076020749877,8.101150056774043e-3,1.8798611251895636e-3,1.0696356549707157e-2
0xb2df8a,haskell,2.24928758693765,2.2439288691246775,2.253393662875851,6.6723957790530055e-3,4.15662549764051e-3,8.646256902458353e-3
0x33a02c,haskell strict,2.19200044747898,2.191973413249798,2.1920313176874515,4.0665718294113206e-5,1.7617889340557687e-5,5.6155541003038694e-5
0xfb9a99,juvix,3.455114267374938,3.4443228400000407,3.460910059124899,1.0276637883239254e-2,2.511830762238514e-3,1.3384807708027288e-2
0xe31a1c,juvix wasm,1.3117634703123333,1.3060577297494547,1.3156578470625768,6.452656864069308e-3,3.5370731889780888e-3,8.993677860315772e-3
0xcab2d6,runtime,3.300707395750237,3.2976013528750627,3.3027044195002873,3.271395370754239e-3,1.7738569650312698e-3,4.611928798678179e-3
0x6a3d9a,runtime wasm,3.494876053562431,3.4916192564377297,3.497398320124603,3.910020654349517e-3,2.124511249803618e-3,5.068076502628381e-3
