Color,Name,Mean,MeanLB,MeanUB,Stddev,StddevLB,StddevUB
0xa6cee3,ocaml,0.3156908500332065,0.31530761893282033,0.3160277544000564,5.418794542975066e-4,3.3730886199676236e-4,7.123887544266935e-4
0x1f78b4,ocaml byte,1.1816926012707352,1.1708913726247374,1.2019187891251022,2.0622360487654076e-2,7.094196242750372e-4,2.4244816249777073e-2
0xb2df8a,haskell,3.461453711520903,3.412290550541684,3.4964791503332435,6.216004570136865e-2,3.1829687294603094e-2,8.088778610715781e-2
0x33a02c,haskell strict,1.528524951749887,1.5069110568749693,1.5704669551246297,4.2391575453055025e-2,9.456735001549532e-4,4.991515209707981e-2
0xfb9a99,juvix,2.186291602729284,2.1843347820004055,2.187552289041605,2.3518622604196786e-3,1.6529802516136293e-3,2.9114303271288544e-3
0xe31a1c,juvix wasm,2.1155361571666162,2.0176536467499773,2.1877225797916253,0.12034666236801,7.489395630496572e-2,0.16670740213754032
0xcab2d6,runtime,4.302839958083799,4.294059616334228,4.314124848583636,1.4332914250581677e-2,5.996759652852663e-3,1.9051393597978892e-2
0x6a3d9a,runtime wasm,2.728887085166548,2.700830493416561,2.767404418916726,4.508000068724903e-2,1.3545291452886486e-2,5.844247979933205e-2
