Color,Name,Mean,MeanLB,MeanUB,Stddev,StddevLB,StddevUB
0xa6cee3,ocaml,1.767686214854071,1.7613889282291855,1.7778818243746173,1.1296118403685348e-2,1.783748242177455e-3,1.4542960512167727e-2
0x1f78b4,ocaml byte,7.1334151701457245,7.120588545145836,7.154139037437119,2.2340670264881183e-2,4.518114479946725e-3,2.7905369772283684e-2
0xb2df8a,haskell,2.8025052624374402,2.794524392499966,2.816202899750124,1.5048221297201035e-2,4.4593436249442675e-3,1.8401217091732605e-2
0x33a02c,haskell strict,2.57693856202089,2.573329013000148,2.5836122530624834,6.858187315407595e-3,4.8303600033250405e-4,8.287883177268345e-3
0xfb9a99,juvix,4.98306183960447,4.979280023375509,4.988035283000272,6.099611686813194e-3,2.3166612901859775e-3,8.320490332191928e-3
0xe31a1c,juvix wasm,2.957436730249962,2.94215843912491,2.966710409125009,1.5626341819709278e-2,9.226864766435923e-3,2.1416643979546478e-2
0xcab2d6,runtime,3.9011924493334127,3.895256550374995,3.908993756375139,1.0028426069277388e-2,4.11645408894446e-3,1.3708371446098813e-2
0x6a3d9a,runtime wasm,3.8160617085623585,3.800262746062401,3.8423095174998707,2.8671298097298244e-2,4.034768125279697e-3,3.648614100906853e-2
