Color,Name,Mean,MeanLB,MeanUB,Stddev,StddevLB,StddevUB
0xa6cee3,ocaml,1.1572501881873904,1.1429759100623187,1.1745194673748074,2.3659331581376723e-2,1.1531334365747138e-2,3.2965033271991066e-2
0x1f78b4,ocaml byte,7.031403976395818,7.004073671916634,7.067086563375028,4.31319329751614e-2,1.472311968650624e-2,5.8397491608305374e-2
0xb2df8a,haskell,1.8462536930208746,1.8173623936249896,1.8657081386042287,3.630035195740598e-2,1.8873707625061797e-2,4.4928117577937736e-2
0x33a02c,haskell strict,1.844001147166826,1.8364852765834407,1.8515170177502114,1.2391787896649204e-2,5.5695520930536925e-3,1.7243221563123075e-2
0xfb9a99,juvix,2.6858120826666436,2.6770848334999755,2.697903653791627,1.3864413834625852e-2,3.0744667501494405e-3,1.7945953258163002e-2
0xe31a1c,juvix wasm,0.838344781354086,0.8365993314165129,0.8411426743124935,3.1007106899756127e-3,6.223747500371246e-4,4.030943965259343e-3
0xcab2d6,runtime,2.857875713020898,2.849902076812498,2.865995481833503,1.1379493259069206e-2,5.840752362200399e-3,1.5116513067928106e-2
0x6a3d9a,runtime wasm,2.4141410414168263,2.410495215750416,2.4173639066667647,5.310801325852532e-3,3.3131346814929915e-3,7.442888478455355e-3
