Color,Name,Mean,MeanLB,MeanUB,Stddev,StddevLB,StddevUB
0xa6cee3,ocaml,0.2684344504468087,0.26807312828001156,0.26873362970036396,5.3719426283282e-4,4.3980262861453146e-4,6.419907124527425e-4
0x1f78b4,ocaml byte,0.9403221813332721,0.9388919931661803,0.9415322279589873,1.7969571823531448e-3,9.842012102035662e-4,2.3186768828453407e-3
0xb2df8a,haskell,2.5740879419999296,2.5724959913745806,2.57498918850024,1.575720834621192e-3,5.601793272143006e-4,2.1406609348625775e-3
0x33a02c,haskell strict,1.2141287774376603,1.213765371188174,1.2146449270001085,6.573051891400026e-4,3.2820220381492185e-4,8.096436852968446e-4
0xfb9a99,juvix,1.7619216668335866,1.7587466916252197,1.76391127337547,3.2079178710542225e-3,1.9339526641622784e-3,4.2649471563211035e-3
0xe31a1c,juvix wasm,1.9003777611670027,1.8994254767500252,1.9008355572505025,9.292638137625141e-4,3.2168706130814256e-4,1.2604468596282008e-3
0xcab2d6,runtime,3.5742203483123376,3.5662199147498086,3.5792971138748726,8.323198563339011e-3,4.563844381450524e-3,1.1724287856568821e-2
0x6a3d9a,runtime wasm,2.447674713812565,2.445018790937752,2.4489750903749155,2.581218041399361e-3,4.118447498815403e-4,3.3045742506490118e-3
