Color,Name,Mean,MeanLB,MeanUB,Stddev,StddevLB,StddevUB
0xa6cee3,ocaml,1.1922427524790844,1.1693744218123356,1.2131181416665793,3.221116747623739e-2,2.0778128202071703e-2,4.075488150120285e-2
0x1f78b4,ocaml byte,7.1235646080833135,7.045593511958259,7.1787914564583275,9.142814818201819e-2,5.445013104913226e-2,0.12754094310323594
0xb2df8a,haskell,2.312198760541681,2.225564781333257,2.3759527827915767,0.10253438368156055,8.646632486768974e-2,0.11643397638913391
0x33a02c,haskell strict,2.0135146798750156,1.974719986999844,2.0590389111251852,5.913073362305432e-2,2.8760317838246847e-2,7.520027179986227e-2
0xfb9a99,juvix,1.759261869354134,1.7558216993749056,1.7621456013126249,4.547221088649646e-3,3.000137786820614e-3,6.171922153496513e-3
0xe31a1c,juvix wasm,0.9019536899582855,0.8984744702501075,0.9051558347497348,4.9386962578971e-3,2.754581788364724e-3,6.878223749139084e-3
0xcab2d6,runtime,2.1166681026665324,2.1140415654999742,2.1213988288749306,4.71393595612188e-3,4.93387000005896e-4,5.853528731551987e-3
0x6a3d9a,runtime wasm,2.3941778153540176,2.384929586562521,2.3990438877498264,9.398287080382352e-3,2.2104241876827226e-3,1.2338810245007529e-2
