Color,Name,Mean,MeanLB,MeanUB,Stddev,StddevLB,StddevUB
0xa6cee3,ocaml,1.7720281591457858,1.7709450541456515,1.7727288102084156,1.2784344294344244e-3,5.715128163408178e-4,1.6180843184690908e-3
0x1f78b4,ocaml byte,7.128521237375101,7.125311197250539,7.131677571375121,4.278571365177841e-3,1.7251976586625658e-3,5.688072461438524e-3
0xb2df8a,haskell,2.693444145437373,2.690026095999883,2.699221439437224,6.088041184585623e-3,1.2558151252051175e-3,7.561942145512699e-3
0x33a02c,haskell strict,2.6386605964584455,2.6322471132083742,2.6476747928337923,9.74040358829842e-3,8.039698547486832e-6,1.1880254522387572e-2
0xfb9a99,juvix,3.958798861291484,3.954331057875038,3.9662788307496157,7.593433122358796e-3,2.789815020066865e-3,1.0317950020686308e-2
0xe31a1c,juvix wasm,1.5344087794583554,1.5320230816251978,1.5390040928749613,4.609935537053989e-3,1.4303141650395812e-4,5.389156170663094e-3
0xcab2d6,runtime,3.8376796583959276,3.831045106625197,3.8411665549374447,6.436529090389685e-3,2.1458068094302833e-3,8.733823906282629e-3
0x6a3d9a,runtime wasm,4.165887284582975,4.161343370332967,4.173992475749856,8.489761397298833e-3,7.826001668340687e-4,1.0493720461664979e-2
