Color,Name,Mean,MeanLB,MeanUB,Stddev,StddevLB,StddevUB
0xa6cee3,ocaml,1.5458235479372888,1.535708899875317,1.5549992286241832,1.3717133687742467e-2,7.431347301018457e-3,1.877079895980986e-2
0x1f78b4,ocaml byte,6.370404505062727,6.197843185000238,6.4736797741250784,0.20683235233228447,0.17351574045061563,0.2385040175751177
0xb2df8a,haskell,2.4243928736658895,2.3865139843331535,2.4861540657479964,6.614585425992443e-2,9.013805333173197e-3,7.878220061542507e-2
0x33a02c,haskell strict,2.3620382892286975,2.3380565355834433,2.384118478937353,2.987473265509717e-2,1.5828753770643078e-2,3.60489813439928e-2
0xfb9a99,juvix,3.6029406273740583,3.5371953147496242,3.648912580999119,8.173909282875928e-2,4.566461656428481e-2,0.10616767920240737
0xe31a1c,juvix wasm,1.524812032604738,1.5178164885628576,1.5282089524588023,6.616151562929934e-3,1.7241290828072797e-3,8.084471181913968e-3
0xcab2d6,runtime,3.7099383890209388,3.663816055625375,3.7433555703541215,5.7256597146532855e-2,3.7933221602883746e-2,7.717367455308607e-2
0x6a3d9a,runtime wasm,3.8170880583750963,3.7368768487500956,3.897299268000097,0.12339186847660244,5.3437832208644676e-2,0.1693832413676003
