Color,Name,Mean,MeanLB,MeanUB,Stddev,StddevLB,StddevUB
0xa6cee3,ocaml,1.9418889733127191,1.9372692343749804,1.9465087122504579,7.084356357696869e-3,3.1856259325710877e-3,9.842172022605707e-3
0x1f78b4,ocaml byte,5.908471860583707,5.9058171724583035,5.911332059750748,3.71122460179953e-3,1.8921457079424343e-3,4.713201328165696e-3
0xb2df8a,haskell,2.135312936083286,2.1335830377084526,2.137626858082816,2.5556688283629027e-3,2.6301287848894735e-5,3.139235663439792e-3
0x33a02c,haskell strict,2.073522847146213,2.0720903148129537,2.0741636376462416,1.3767845727505233e-3,3.4860717143375014e-4,1.8284494421767483e-3
0xfb9a99,juvix,5.034061733666931,5.012440720250424,5.044971309666835,2.082648981356345e-2,1.1264530333392031e-2,2.5194586561156116e-2
0xe31a1c,juvix wasm,4.146537712729166,4.144477086833225,4.147954558937499,2.5660522944392283e-3,1.4867455037550742e-3,3.272066159127074e-3
0xcab2d6,runtime,3.248919256291894,3.2476771777506883,3.250219250249984,1.720276722348958e-3,8.928448801488956e-4,2.305769254255074e-3
0x6a3d9a,runtime wasm,3.353146705853836,3.3499915754584135,3.3553487431662083,3.918335682295357e-3,2.616644314359937e-3,5.085387340255083e-3
