Color,Name,Mean,MeanLB,MeanUB,Stddev,StddevLB,StddevUB
0xa6cee3,ocaml,0.26759267133327735,0.2673112550999394,0.2678250639331964,3.84953664024765e-4,2.543266329625473e-4,5.750873243444895e-4
0x1f78b4,ocaml byte,0.9413295089373719,0.939817746999779,0.9428412708749647,1.930753272936277e-3,9.466855001392105e-4,2.3981263897928417e-3
0xb2df8a,haskell,2.588325824729054,2.5843491911664387,2.590443964854103,3.8167694798847632e-3,1.8795599750996625e-3,4.89163508551295e-3
0x33a02c,haskell strict,1.2117152763125887,1.2107023156876267,1.2132581658751178,1.7671144033963582e-3,4.1588687486182607e-4,2.339332358001287e-3
0xcab2d6,runtime,3.608503689708357,3.6033980082501103,3.6136093711666035,8.155788340142304e-3,3.4970690268394406e-3,1.1264573714811928e-2
0x6a3d9a,runtime wasm,2.198591154791624,2.195808198250006,2.1998713812498636,2.6616182997165365e-3,5.154057816048789e-4,3.4719621427580275e-3
