Color,Name,Mean,MeanLB,MeanUB,Stddev,StddevLB,StddevUB
0xa6cee3,ocaml,1.206317123354135,1.193292909374918,1.2128109936875262,1.2484740873592673e-2,2.0504132501173444e-3,1.5039184835243646e-2
0x1f78b4,ocaml byte,7.09730756099998,7.028497660374796,7.131298596000079,6.489628146835015e-2,2.111552225005653e-2,8.041072576607879e-2
0xb2df8a,haskell,1.95486756572897,1.8909919499997159,1.995139964437385,7.846642219523708e-2,4.7388900833387426e-2,9.279442643823875e-2
0x33a02c,haskell strict,2.04120162425005,2.0159295614997745,2.0664736870003253,4.18189239531183e-2,9.437884570484667e-3,5.4326396829598965e-2
0xfb9a99,juvix,1.8123482761460157,1.8054550186253664,1.8206543835001412,1.0241793166073182e-2,4.262383906482143e-3,1.3193005212700276e-2
0xe31a1c,juvix wasm,0.8744511671249597,0.8739869244998317,0.8747029732500096,4.456385552166068e-4,2.0897659600605342e-4,5.815213363244519e-4
0xcab2d6,runtime,2.162614037666856,2.1498653189171364,2.1699180148333426,1.2648733328764195e-2,4.449895695893418e-3,1.718133779295689e-2
0x6a3d9a,runtime wasm,2.4126644152918097,2.3905811945417477,2.4263101236668754,2.4674755424093472e-2,7.997303333430184e-3,3.018145266558564e-2
