Color,Name,Mean,MeanLB,MeanUB,Stddev,StddevLB,StddevUB
0xa6cee3,ocaml,1.9755221713541005,1.957614885666544,1.9878643342291298,2.0873007685716663e-2,1.1130245625054158e-2,2.8503004233121527e-2
0x1f78b4,ocaml byte,7.71537799981265,7.4540805780629285,7.855956080062488,0.2510330941834908,0.12208364293279317,0.3246511698976201
0xb2df8a,haskell,2.416309001562562,2.4039005125000585,2.4254321662500615,1.575524218869678e-2,1.045159528719182e-2,2.1069046352756027e-2
0x33a02c,haskell strict,2.3855488284789885,2.299769358499816,2.4521032416873254,0.10202052119485061,8.094049194510354e-2,0.12086112389733615
0xfb9a99,juvix,6.083985596499872,6.041268600750016,6.106060629999774,4.2322827051780386e-2,2.056761866072511e-2,5.831407430897661e-2
0xe31a1c,juvix wasm,3.674476841541415,3.635881136333258,3.7018877029995565,4.6958406294488775e-2,3.1424881933912456e-2,5.925570507778551e-2
0xcab2d6,runtime,3.7517014564791302,3.716418049354123,3.786639938666743,4.602023548430896e-2,2.375222137493438e-2,5.6485870336918854e-2
0x6a3d9a,runtime wasm,4.046828166500063,4.025381760749951,4.073468780250096,2.9829893456119923e-2,1.335307886197816e-2,4.020362145026227e-2
