Color,Name,Mean,MeanLB,MeanUB,Stddev,StddevLB,StddevUB
0xa6cee3,ocaml,1.1630581747709432,1.1387803690837093,1.1798641274583208,2.7953601381493647e-2,1.760057907437328e-2,3.8811685232182314e-2
0x1f78b4,ocaml byte,6.9315978592499805,6.899769591249954,6.9748055390000445,5.381915320912356e-2,2.0264904382023795e-2,7.350423639061959e-2
0xb2df8a,haskell,1.985596614541426,1.9412398558749828,2.0396501852499114,7.309632822987532e-2,3.06786824288012e-2,9.343779387190689e-2
0x33a02c,haskell strict,1.8545284622086153,1.8204426413751662,1.9013615202504752,5.82197268489476e-2,2.618102004809622e-2,7.340910927370062e-2
0xfb9a99,juvix,1.7397378442084346,1.7367505026668368,1.742083889124956,3.6439062207265717e-3,2.320185400513606e-3,4.565762716337834e-3
0xe31a1c,juvix wasm,0.8500124660833231,0.8493081990833767,0.8512966462499207,1.2985080437245707e-3,1.2793215937698826e-4,1.5951164102445813e-3
0xcab2d6,runtime,2.1015289403751845,2.0935930660003805,2.105519731375087,7.6684722141049265e-3,4.3100123263024315e-3,9.216337032293012e-3
0x6a3d9a,runtime wasm,2.352016562791448,2.3096069364996765,2.3752433389581142,4.935672816509098e-2,4.3960675975130224e-2,5.3639941888927754e-2
