Color,Name,Mean,MeanLB,MeanUB,Stddev,StddevLB,StddevUB
0xa6cee3,ocaml,1.1713676074794155,1.1476838975835713,1.192282403062734,2.955583458851441e-2,1.72867874099276e-2,3.7797841849643805e-2
0x1f78b4,ocaml byte,6.960728453937501,6.8787687429374955,7.0772208923750295,0.15175515377965507,7.20192213750579e-2,0.1841775623036199
0xb2df8a,haskell,1.8669333501459846,1.8446976924583396,1.878054016750184,2.1159846385244596e-2,8.209660200794697e-3,2.7680193497156568e-2
0x33a02c,haskell strict,1.8199884629374499,1.8007453663748265,1.8346507699998256,2.29070532251583e-2,1.7790172397826952e-2,2.7759741827273962e-2
0xfb9a99,juvix,3.752087755250102,3.729221119000158,3.78995105350009,3.8278545224057436e-2,5.005049999908806e-3,4.86763700183753e-2
0xe31a1c,juvix wasm,2.555576220583324,2.530643140874872,2.568148443750033,2.424213797170127e-2,3.2092072499381175e-3,2.890923657090753e-2
0xcab2d6,runtime,2.8649798787085388,2.8601190095417337,2.8717565478336837,8.258398218531509e-3,3.1213325129656796e-3,1.1225696487801813e-2
0x6a3d9a,runtime wasm,2.3766866091248176,2.3619633646248985,2.395967665999706,2.4876601662465227e-2,1.0632712047511058e-2,3.338169974419226e-2
