Color,Name,Mean,MeanLB,MeanUB,Stddev,StddevLB,StddevUB
0xa6cee3,ocaml,0.3150474764599676,0.31437911895984144,0.3156715765201079,9.883140573603657e-4,8.077217551537408e-4,1.1998080617690579e-3
0x1f78b4,ocaml byte,1.1297201002292354,1.1286914824376595,1.1313437408749678,1.820153481791651e-3,4.021576600446318e-4,2.3754910354383957e-3
0xb2df8a,haskell,3.1338127491042846,3.1312596435417013,3.13506640022941,2.482186090642132e-3,2.0392816698699967e-4,2.9490210580315986e-3
0x33a02c,haskell strict,1.4546422384790578,1.4526017239583475,1.4557708646664953,2.379957287598126e-3,2.118958488867245e-3,2.597761410973612e-3
0xcab2d6,runtime,4.246428420604123,4.244215486249914,4.250511786437528,4.164301598742065e-3,1.8920605487594052e-4,4.97303151420761e-3
0x6a3d9a,runtime wasm,2.70478891006231,2.6886751637496977,2.727175341187376,2.6144731994572987e-2,1.1711344385294257e-2,3.354123187175407e-2
