Color,Name,Mean,MeanLB,MeanUB,Stddev,StddevLB,StddevUB
0xa6cee3,ocaml,1.2539202822293305,1.1901567795417805,1.371292001666916,0.12049187648445334,5.290838684855498e-3,0.14465846821088427
0x1f78b4,ocaml byte,6.9492553720416295,6.885041398499936,6.99005702795832,7.014393317553831e-2,3.325941081365224e-2,9.422738810753523e-2
0xb2df8a,haskell,1.8864672822708333,1.809866531833298,1.928419335791697,7.650874860154049e-2,3.440127452533513e-2,0.1062536003250512
0x33a02c,haskell strict,1.8351206624373806,1.8176813711871205,1.8476367569375232,2.1145275071474692e-2,1.2454134056486672e-2,2.8904682115440433e-2
0xfb9a99,juvix,1.7871265959165232,1.7827100829998699,1.791904462499815,5.9497725828592685e-3,2.7987878347206317e-3,7.372294514068685e-3
0xe31a1c,juvix wasm,0.8985872551874081,0.8975629134997689,0.8993197061248566,1.2120178292527775e-3,9.864877370909866e-4,1.446617206074004e-3
0xcab2d6,runtime,2.1270377773334417,2.1200633911666955,2.1311345157502046,8.138612060714673e-3,7.0777163334696525e-3,9.22238131257743e-3
0x6a3d9a,runtime wasm,2.4157025060415926,2.3791898425832487,2.4703652396249822,6.211284244203039e-2,1.5437092083478321e-2,8.207033239388928e-2
