Color,Name,Mean,MeanLB,MeanUB,Stddev,StddevLB,StddevUB
0xa6cee3,ocaml,0.30884120106716484,0.30560318800038655,0.3123508886667453,5.078785329728741e-3,4.156963123840354e-3,5.885738966235194e-3
0x1f78b4,ocaml byte,1.1706897486874368,1.1544299793749815,1.187261227624731,2.4838682335418163e-2,1.3490967280491208e-2,3.4952349685943e-2
0xb2df8a,haskell,3.144352092020881,3.1320427018749797,3.1593589131248336,1.9003025058483867e-2,8.241943775916513e-3,2.4795032943566973e-2
0x33a02c,haskell strict,1.5008982763749827,1.4823785520002275,1.5178403278746373,2.3265683019196855e-2,1.2823888010166677e-2,2.9035147397933166e-2
0xfb9a99,juvix,2.1520300478342356,2.133010108084212,2.1625903113345735,1.8358944721367322e-2,8.54266389048348e-3,2.4387883898533858e-2
0xe31a1c,juvix wasm,1.8757011486662425,1.8699007006665245,1.8841322816654913,9.124612652887786e-3,2.442140916476432e-3,1.1335332896816016e-2
0xcab2d6,runtime,4.439443951145601,4.412168836999626,4.4775311801879525,4.704871093326331e-2,1.774428618322083e-2,6.298917797742484e-2
0x6a3d9a,runtime wasm,2.8249676686868193,2.799758872998609,2.853863722749338,3.61389719279583e-2,1.653301369598099e-2,4.848588080397495e-2
