Color,Name,Mean,MeanLB,MeanUB,Stddev,StddevLB,StddevUB
0xa6cee3,ocaml,1.9602226833542697,1.9451241009792664,1.9875943146250847,2.8449567456283048e-2,2.7021050110242403e-3,3.4868682394359786e-2
0x1f78b4,ocaml byte,5.923306496228899,5.921099216332854,5.924774336979037,2.6876659242382503e-3,1.7076615597565914e-3,3.389833008878334e-3
0xb2df8a,haskell,2.13737277514565,2.1364955052708865,2.1388653185827025,1.554850279401392e-3,2.9465754179448366e-4,1.8901578933367426e-3
0x33a02c,haskell strict,2.0757594824168186,2.074469386749797,2.076381370417115,1.2433473938895819e-3,1.3719250046051457e-4,1.5431595050333514e-3
0xfb9a99,juvix,5.038465032541732,5.035564881749906,5.042587501250182,4.599674702831538e-3,8.112738342644522e-4,5.946864234710559e-3
0xe31a1c,juvix wasm,4.150145254353977,4.144406234936923,4.152816704354184,5.461508958863788e-3,1.3305962157553605e-3,7.084248114297772e-3
0xcab2d6,runtime,3.253697680124825,3.2530821302498225,3.254741767374867,1.0774629072005802e-3,1.2467499997614873e-4,1.2957682824837654e-3
0x6a3d9a,runtime wasm,3.3555329802707092,3.3539992401038035,3.3585288801252773,2.883671195224307e-3,3.580636248443625e-4,3.4613414487485107e-3
