Color,Name,Mean,MeanLB,MeanUB,Stddev,StddevLB,StddevUB
0xa6cee3,ocaml,1.677634276312574,1.6271793107498524,1.7166653588126337,6.276846304036061e-2,3.895696494873733e-2,8.118570606329102e-2
0x1f78b4,ocaml byte,6.885120189583252,6.40492731100062,7.116689902582796,0.46784107147788806,7.768008516692726e-2,0.5993275935070467
0xb2df8a,haskell,2.2797579714997482,2.2311597139996593,2.3669033402497917,8.757184968535348e-2,1.3625597500322328e-2,0.11223286819929242
0x33a02c,haskell strict,2.413469524042057,2.3045958830007294,2.5278143545001512,0.15197943362115482,6.844114913239156e-2,0.20603570929097
0xfb9a99,juvix,5.951191064832983,5.839086657916596,6.059733118999702,0.15072762718450722,7.470525875904933e-2,0.20287171742520843
0xe31a1c,juvix wasm,4.960529161395546,4.885460185625561,5.035598137165531,0.11233347428065109,5.383429131759688e-2,0.1563541127461826
0xcab2d6,runtime,3.7963466257920118,3.7570078348326206,3.835685416751403,5.6050485301400464e-2,3.467546243974917e-2,7.812578519311673e-2
0x6a3d9a,runtime wasm,4.064858667021099,4.027210943417231,4.100725871875511,5.305980020530086e-2,2.8102567424137137e-2,7.353752900508082e-2
