Color,Name,Mean,MeanLB,MeanUB,Stddev,StddevLB,StddevUB
0xa6cee3,ocaml,0.26876426728997105,0.2685910240900012,0.26902973630003546,3.2209575598212526e-4,1.441932294384255e-4,4.744460427893934e-4
0x1f78b4,ocaml byte,0.9728308957290513,0.9722587007499897,0.9733113575625794,6.976715117804469e-4,4.4405879905192255e-4,8.395116028753854e-4
0xb2df8a,haskell,2.5861393986250127,2.5822546439994767,2.5915534477499023,5.879865596296471e-3,1.6091345002375856e-3,7.2030568877929e-3
0x33a02c,haskell strict,1.2538670315209401,1.2520573983333634,1.2556678960836507,2.3338478312707116e-3,1.2122678749619809e-3,2.83973867601498e-3
0xfb9a99,juvix,1.8408671863335258,1.8391099615837447,1.841868082958399,1.71548727293556e-3,8.389302830554537e-4,2.311471743206463e-3
0xe31a1c,juvix wasm,1.8428089291666083,1.8401510814995845,1.8460163317497518,3.934048077228815e-3,1.486184079455059e-3,5.213279518745661e-3
0xcab2d6,runtime,3.646394998979796,3.6365031902294427,3.660681256917693,1.571324753372302e-2,3.664906375206556e-3,1.9679508352624542e-2
0x6a3d9a,runtime wasm,2.567817056103839,2.5628514602084733,2.572172419416878,6.732651449544865e-3,3.914713109024533e-3,9.238698000748821e-3
