Color,Name,Mean,MeanLB,MeanUB,Stddev,StddevLB,StddevUB
0xa6cee3,ocaml,0.336734208770982,0.30750580368754754,0.35125257387528563,2.8414604715849265e-2,3.1013028336322745e-3,3.554059311164476e-2
0x1f78b4,ocaml byte,1.2672805740416113,1.236548254375009,1.2845012393333186,3.140228725601992e-2,1.188006561121345e-2,4.2692957202399726e-2
0xb2df8a,haskell,2.0053207016665433,1.9707651999999598,2.0377236734998405,4.033513753493314e-2,3.5304956083412664e-2,4.573770651171936e-2
0x33a02c,haskell strict,0.9563600057083477,0.9496019529999558,0.960790204583418,7.30484774468568e-3,3.7304114891516336e-3,1.0231106052341765e-2
0xfb9a99,juvix,1.1278000604377023,1.1274062080626095,1.1282199937503872,4.8815454103334625e-4,4.3415468978728634e-4,5.187220812238652e-4
0xe31a1c,juvix wasm,1.004265145187541,1.0019570178124582,1.0052928675000508,2.2209173342951564e-3,9.731616001965033e-4,2.956968830193607e-3
0xcab2d6,runtime,2.1157105632918083,2.107587768041848,2.1291097371667242,1.463812809340732e-2,1.8028164376794574e-3,1.790282750041983e-2
0x6a3d9a,runtime wasm,1.0149878021876095,1.0132723662502485,1.0163110986875001,2.1193437619580627e-3,1.3242263045236743e-3,2.714624177921699e-3
