Color,Name,Mean,MeanLB,MeanUB,Stddev,StddevLB,StddevUB
0xa6cee3,ocaml,1.6915866507082835,1.6540672752496448,1.7300825899167953,4.99515611029953e-2,2.432038555732817e-2,6.1652172596110506e-2
0x1f78b4,ocaml byte,6.178144032416564,6.11962545224992,6.2162566378331885,6.318352847329377e-2,3.074076374307723e-2,8.801729198722363e-2
0xb2df8a,haskell,2.250857930499857,2.2186017676248184,2.2657889674998537,3.084800914155556e-2,5.741665000343392e-3,4.001066435079881e-2
0x33a02c,haskell strict,2.1653781118540487,2.1374736691666762,2.1845520535625838,3.83864778561166e-2,3.2226833983412806e-2,4.343383909678887e-2
0xfb9a99,juvix,5.22165758158324,5.148376504999874,5.271031750249961,8.688918791555782e-2,7.31643638629057e-2,0.10366333571079984
0xe31a1c,juvix wasm,3.3838913641667054,3.327678700916598,3.4890873481668527,0.10738694634680575,1.160979216668534e-2,0.12819388167666226
0xcab2d6,runtime,3.458196974520812,3.4176372906666375,3.4987566583749867,5.618931002646354e-2,3.1978273970389166e-2,7.686268406130317e-2
0x6a3d9a,runtime wasm,3.3885994700208357,3.352717705750024,3.4064147531458957,3.47646637440083e-2,1.111918394705759e-2,4.6610124241377934e-2
