Color,Name,Mean,MeanLB,MeanUB,Stddev,StddevLB,StddevUB
0xa6cee3,ocaml,1.1789619633123796,1.1665261601872317,1.1938467879999735,1.8880906718148814e-2,8.115337800067872e-3,2.4775039977446046e-2
0x1f78b4,ocaml byte,7.063600040146109,6.9078283366252435,7.145027957167107,0.15194886190704543,5.11165578561026e-2,0.2053494096588545
0xb2df8a,haskell,1.8901462898331072,1.871626215666614,1.904776097833216,2.2714938619023524e-2,1.4261369787204716e-2,2.8707194836733153e-2
0x33a02c,haskell strict,1.9655875473960123,1.932662516437631,1.983718958687632,3.225837196050502e-2,1.451375912529329e-2,4.187270076001798e-2
0xfb9a99,juvix,1.7262133281457182,1.724887700666386,1.7270096810833593,1.5637527887867669e-3,1.4144430019375801e-3,1.7830960772471564e-3
0xe31a1c,juvix wasm,0.850640584291663,0.8500086506250568,0.8510583351666506,6.828053458091045e-4,4.008368693574759e-4,9.647543205132451e-4
0xcab2d6,runtime,2.0968356873124776,2.0896032960625917,2.1023518455624526,9.40543800630826e-3,6.237698049848007e-3,1.2739021802062515e-2
0x6a3d9a,runtime wasm,2.3940612367916096,2.3874151366248952,2.3972589672498543,6.446825784596584e-3,2.5031209828754106e-3,8.743367842885869e-3
