Color,Name,Mean,MeanLB,MeanUB,Stddev,StddevLB,StddevUB
0xa6cee3,ocaml,0.2649872068099588,0.2584255330498915,0.26892178095998437,7.233174088065497e-3,3.8277328343408255e-3,1.0775275080728636e-2
0x1f78b4,ocaml byte,0.9775376136877109,0.9610072102506516,0.9862152819373856,1.5726328760457296e-2,7.275500057398724e-3,2.004021639955195e-2
0xb2df8a,haskell,2.662259090520706,2.6437057835206588,2.69820152412467,3.6123777530232784e-2,4.04932838704776e-4,4.224059837264062e-2
0x33a02c,haskell strict,1.2756559265209262,1.257608894000441,1.2999097980000442,2.8445491140745433e-2,1.296869332649903e-2,3.641735915442274e-2
0xcab2d6,runtime,3.7037582317913498,3.6775145362494186,3.730001927333281,4.248941085487773e-2,7.043856592399089e-3,5.458888681954838e-2
0x6a3d9a,runtime wasm,2.245737336853987,2.226239044770712,2.277060219562145,3.5515982060140006e-2,1.2472397625060694e-2,4.502937673206663e-2
