Color,Name,Mean,MeanLB,MeanUB,Stddev,StddevLB,StddevUB
0xa6cee3,ocaml,0.3470269128955958,0.3438617468747225,0.34858822264576855,3.147111496742573e-3,1.014517916549662e-4,3.655757499744904e-3
0x1f78b4,ocaml byte,1.084748472395707,1.0587566986248476,1.1294330903747323,4.578194519695606e-2,5.997513625061401e-3,5.7019938965607135e-2
0xb2df8a,haskell,2.125541442541627,2.1117524829999184,2.1330944979583437,1.606671761904268e-2,1.4401203700819258e-2,1.744303431218243e-2
0x33a02c,haskell strict,0.857828251937652,0.8165884543127504,0.8778181139376027,3.901372921235411e-2,1.0019735375105199e-2,4.907462421331053e-2
0xfb9a99,juvix,1.1169018311458292,1.1135363629375092,1.1185459774166397,3.26061717842994e-3,3.044771666887991e-4,3.8881509621367166e-3
0xe31a1c,juvix wasm,1.0000677264585913,0.9994238641252764,1.001237207000031,1.186751450271437e-3,1.0665124966635631e-4,1.4124170565410691e-3
0xcab2d6,runtime,1.467263551583244,1.4607135400000288,1.4760851667498969,1.0111150810675016e-2,2.127346370922857e-3,1.3251314703173582e-2
0x6a3d9a,runtime wasm,0.9946881822290644,0.9928322764999393,0.9959700438957004,2.3315058260316803e-3,1.2448566330503822e-3,2.9603327131847365e-3
