Color,Name,Mean,MeanLB,MeanUB,Stddev,StddevLB,StddevUB
0xa6cee3,ocaml,0.30509831651983405,0.30023525132040957,0.308196601599775,6.8118736452985485e-3,5.671212729728864e-3,7.2028679403624285e-3
0x1f78b4,ocaml byte,1.1133697028537124,1.0982816904158124,1.1250745185828541,1.702491070772333e-2,1.0534387480480953e-2,2.3846736666334103e-2
0xb2df8a,haskell,3.033108857917265,2.994401211000877,3.055976521667086,3.99130563143418e-2,2.273831774223029e-2,5.5747199164613855e-2
0x33a02c,haskell strict,1.522687336145206,1.512792203062645,1.536818426748141,1.699220182429947e-2,7.955744601846577e-3,2.135488202913006e-2
0xfb9a99,juvix,2.1118855720834895,2.081248686750314,2.1314001503334716,3.351244236368939e-2,1.3705850561390561e-2,4.506698802299684e-2
0xe31a1c,juvix wasm,1.8467232278333086,1.8203931393327366,1.8843857662498067,4.6572428422218766e-2,2.1275704993187507e-2,5.802242206842583e-2
0xcab2d6,runtime,4.265000277395984,4.166171575188173,4.3166802779164755,9.523619845855538e-2,5.0418297148207454e-2,0.11934984884890278
0x6a3d9a,runtime wasm,2.8560908132085387,2.825086103166541,2.8788701463345205,3.661828468900731e-2,3.1221022332289138e-2,4.1789671922600725e-2
