Color,Name,Mean,MeanLB,MeanUB,Stddev,StddevLB,StddevUB
0xa6cee3,ocaml,0.34532212804168694,0.34086107712511193,0.34761418841662817,4.229765430492486e-3,9.629858332118602e-4,5.293286697884774e-3
0x1f78b4,ocaml byte,1.0979448296459016,1.050705294250065,1.1262346810001418,5.478916932586462e-2,4.8748919599980824e-2,5.829395355616603e-2
0xb2df8a,haskell,1.830458720562433,1.8207763423749839,1.8403189922498768,1.5681978146454386e-2,9.316139472437906e-3,2.2172833979266574e-2
0x33a02c,haskell strict,0.8970498937293124,0.8864899172292363,0.9027053815833217,1.0338553911290679e-2,2.136945929157027e-3,1.3367710490147854e-2
0xfb9a99,juvix,1.1195683075000982,1.1192987225000102,1.119996954750017,4.420690114717617e-4,2.1295541393386602e-4,6.185638407722918e-4
0xe31a1c,juvix wasm,1.0602217084792376,1.0596128875001796,1.0606035218958518,7.452933239093993e-4,4.5401512488751905e-4,8.817603154499241e-4
0xcab2d6,runtime,1.448026915729012,1.4456987808333301,1.450825646187468,3.823430414780738e-3,1.8380404973486822e-3,5.3493928754367375e-3
0x6a3d9a,runtime wasm,0.9956668109792304,0.9936001890417856,0.9994374126665662,3.745183565012709e-3,6.006932084119398e-4,4.772658927587717e-3
