Color,Name,Mean,MeanLB,MeanUB,Stddev,StddevLB,StddevUB
0xa6cee3,ocaml,1.1849657515624206,1.1763603859998661,1.193571117124975,1.1855462783612557e-2,5.632664153396611e-3,1.6093842702605728e-2
0x1f78b4,ocaml byte,7.188579424666595,7.054078723083327,7.36764543341648,0.23133743911314217,7.249485491504304e-2,0.3106160650611737
0xb2df8a,haskell,2.26571218108351,2.231564974250091,2.2815851275001933,3.2693705633069677e-2,8.203645376532898e-3,4.237255994234925e-2
0x33a02c,haskell strict,1.9913299676874203,1.9703543962498316,2.001320464312471,2.041292411896633e-2,5.13995816864957e-3,2.6856181006319178e-2
0xfb9a99,juvix,1.7493921029793,1.7439568047501552,1.7526740990417693,5.455055891658539e-3,2.5251642846083073e-3,7.5794452405836795e-3
0xe31a1c,juvix wasm,0.8981445060000889,0.8968751926253162,0.8988106901249276,1.2216025264154646e-3,4.667739306060063e-4,1.6311923341430533e-3
0xcab2d6,runtime,2.104069602062623,2.1004606312501437,2.1065044955626036,4.484185953379324e-3,2.3481546249968233e-3,5.623145670647748e-3
0x6a3d9a,runtime wasm,2.379435449416652,2.3624458765832896,2.393687359250123,2.10525788169035e-2,1.2155082522914208e-2,2.7080655272119773e-2
