Color,Name,Mean,MeanLB,MeanUB,Stddev,StddevLB,StddevUB
0xa6cee3,ocaml,1.1809715763333581,1.1688566896667303,1.190027971500001,1.497848439899128e-2,9.708504226581729e-3,1.8883799207138164e-2
0x1f78b4,ocaml byte,7.09181976787507,6.978140714374907,7.150808923000264,0.11149361275237173,4.3961798799900434e-2,0.15268850564022324
0xb2df8a,haskell,2.208056600041649,2.1480632284168073,2.2563636649997534,7.600386471638028e-2,4.373395672035172e-2,0.10390660782756922
0x33a02c,haskell strict,1.9339674250209289,1.8950436250003122,1.9756441853125466,5.23869011320551e-2,2.508363180185042e-2,6.500241520517731e-2
0xfb9a99,juvix,1.705742662229189,1.6998157766041306,1.7171204051668003,1.1259079856644092e-2,9.42750981474139e-4,1.3687556044334076e-2
0xe31a1c,juvix wasm,0.8431588917916125,0.8414162300832306,0.844353089916846,2.084088550354379e-3,1.4812979374303355e-3,2.5018535723362054e-3
0xcab2d6,runtime,2.0843608735000885,2.077862961250105,2.087836423000226,6.3677764541436215e-3,2.3868774341655125e-3,8.644175410161983e-3
0x6a3d9a,runtime wasm,2.38865845118742,2.375319147312382,2.3948930104999513,1.2990659181793214e-2,7.488227219389354e-4,1.5468310513612405e-2
