Color,Name,Mean,MeanLB,MeanUB,Stddev,StddevLB,StddevUB
0xa6cee3,ocaml,1.1786765834167643,1.1542346635832623,1.195184697500224,3.0493263473976673e-2,1.5839684213213696e-2,3.8123856439594046e-2
0x1f78b4,ocaml byte,7.088119071062503,7.016170301312627,7.16632713149996,9.975484886554427e-2,5.228765013895887e-2,0.12661386132074956
0xb2df8a,haskell,1.874296667375025,1.8025136510000266,1.917338518499946,8.3723751926505e-2,7.135223918377881e-2,9.442353612561588e-2
0x33a02c,haskell strict,1.9137903031664791,1.8961886167497823,1.9251405480831636,1.8666142541186214e-2,9.872675007455407e-3,2.6212267832063818e-2
0xfb9a99,juvix,1.7621392407917067,1.7588953701667076,1.7642795922916814,3.5084803412383466e-3,2.073664749900672e-3,4.9429300586832795e-3
0xe31a1c,juvix wasm,0.850352116354126,0.8496642686665533,0.8508464693541479,8.3445827199419e-4,4.939030660962911e-4,1.1416593505493128e-3
0xcab2d6,runtime,2.1157212792707774,2.107664081687517,2.120004319666502,8.48036751158654e-3,3.1333638972391997e-3,1.147996452888344e-2
0x6a3d9a,runtime wasm,2.391036556041835,2.389436036750226,2.392055526916844,1.9397959325318879e-3,1.3430285394836722e-3,2.353212435931379e-3
