Color,Name,Mean,MeanLB,MeanUB,Stddev,StddevLB,StddevUB
0xa6cee3,ocaml,0.34598249629177263,0.34409571725007027,0.347869275333475,2.673683903918437e-3,1.1134205051528448e-3,3.605611609542757e-3
0x1f78b4,ocaml byte,1.268996099354221,1.2582926227084577,1.2754842069375059,1.2863755168012575e-2,8.611254124957668e-3,1.4983642638962997e-2
0xb2df8a,haskell,2.0114575631874536,1.9827260713750547,2.0401890549998525,4.2212596839118995e-2,2.151968661727898e-2,5.890735150720414e-2
0x33a02c,haskell strict,0.9645736035416803,0.9488485796250643,0.9722707566249937,1.523336022324754e-2,1.4522902499720658e-3,1.8165723240523117e-2
0xfb9a99,juvix,1.1189876744583482,1.118701242958404,1.1193763875000968,4.8478338489005046e-4,1.8291896066548733e-4,6.614852143887545e-4
0xe31a1c,juvix wasm,1.0619840107916616,1.061142951750071,1.0631243062499607,1.3133927377677913e-3,3.098993964670625e-4,1.7318470028065494e-3
0xcab2d6,runtime,1.4653200267500022,1.4555627835000755,1.4749090322498357,1.2272632892760866e-2,6.477449709216221e-3,1.566740991714258e-2
0x6a3d9a,runtime wasm,0.9922384266247756,0.9917325714998242,0.9924787593747055,4.8049282269891264e-4,2.0725958246863832e-4,6.131976587781365e-4
