Color,Name,Mean,MeanLB,MeanUB,Stddev,StddevLB,StddevUB
0xa6cee3,ocaml,1.1826264930000814,1.1584457555002245,1.198030888000062,2.813458830509724e-2,2.474936150998784e-2,3.1197049626743387e-2
0x1f78b4,ocaml byte,7.06886497987504,7.014545053750112,7.105827836875013,6.203392758511061e-2,3.705921862446482e-2,8.536206175580804e-2
0xb2df8a,haskell,1.9773572938334119,1.914885262000098,2.007100908583387,5.9111373836178725e-2,1.670707749997291e-2,7.558304165286335e-2
0x33a02c,haskell strict,1.998339408416674,1.9870565609165474,2.006209856166739,1.32033574898921e-2,7.8805996571224e-3,1.8176020508571807e-2
0xfb9a99,juvix,1.7677348580207308,1.7624187968749538,1.7730509191665078,7.890113860400057e-3,2.956204955890796e-3,1.067052705320843e-2
0xe31a1c,juvix wasm,0.8542594077914979,0.8524301276665179,0.8567967318750789,3.1136691649096227e-3,1.1189156774919942e-3,4.224541490321647e-3
0xcab2d6,runtime,2.1445063699789935,2.138275055937413,2.1481563574581815,6.137881528905333e-3,2.4679666719377045e-3,8.429285014592051e-3
0x6a3d9a,runtime wasm,2.3767837457290852,2.339252363979085,2.3983210675415876,3.7044029484015376e-2,1.982482780827101e-2,4.9738314184287306e-2
