Color,Name,Mean,MeanLB,MeanUB,Stddev,StddevLB,StddevUB
0xa6cee3,ocaml,0.34714102716678025,0.34607354075023977,0.3478758880417369,1.3172960309946117e-3,8.928408774305942e-4,1.6970884958926213e-3
0x1f78b4,ocaml byte,1.2660609058752357,1.2374691362501835,1.2788983472502764,2.7641000602754325e-2,6.7362616898401124e-3,3.6383062624183324e-2
0xb2df8a,haskell,2.0183646178334507,2.0073702806253095,2.0242641654584,1.0559978503230087e-2,3.6127310041300436e-3,1.40850096465234e-2
0x33a02c,haskell strict,0.9542419167708166,0.9443665949999058,0.9623203455624321,1.2678349787744075e-2,7.301211069837944e-3,1.7257632755063153e-2
0xfb9a99,juvix,1.1216325789583834,1.121140043875016,1.1218704371667627,4.7622726209942525e-4,5.763995664663057e-5,5.975505042582398e-4
0xe31a1c,juvix wasm,1.062523907229244,1.06225159062501,1.0627173397501792,3.399836781152512e-4,1.9161483364536522e-4,4.132752612799957e-4
0xcab2d6,runtime,1.5045749131251114,1.494721070000196,1.5150679529999707,1.3939915886771759e-2,4.996002404895646e-3,1.8993706106050015e-2
0x6a3d9a,runtime wasm,1.001094737083444,0.9998097856667604,1.0018844118332975,1.5161082662470673e-3,1.3084031119310019e-3,1.7413703954704907e-3
