Color,Name,Mean,MeanLB,MeanUB,Stddev,StddevLB,StddevUB
0xa6cee3,ocaml,1.165978281583212,1.137841052124827,1.1834191512499501,2.9814372249997705e-2,1.5930532303317268e-2,4.19298633442333e-2
0x1f78b4,ocaml byte,7.049601644812431,6.946148182374827,7.131674701187535,0.12360612897645071,8.914363774740962e-2,0.1497718998003884
0xb2df8a,haskell,2.1840270087293256,2.155279865687646,2.2215298356251196,4.804743944676184e-2,2.4625168994263195e-2,6.0621487184132045e-2
0x33a02c,haskell strict,1.939002557374901,1.9189893007498806,1.9539994549999544,2.4991871607974357e-2,1.4194835134462703e-2,3.4633851523335375e-2
0xfb9a99,juvix,1.7463913527916475,1.7449984534999885,1.746973969041619,1.3931347341656988e-3,5.654319453626845e-4,1.9183754034523357e-3
0xe31a1c,juvix wasm,0.8910334846667259,0.8780861039999763,0.8953632213335065,8.646425082063527e-3,3.336079964708031e-4,1.0332706516814635e-2
0xcab2d6,runtime,2.093232802374947,2.085839621250178,2.0978355246247893,7.835370943648277e-3,3.005120248362598e-3,1.0629531719806296e-2
0x6a3d9a,runtime wasm,2.3655154500209883,2.3332079021874392,2.384406993187838,3.1771882332232e-2,1.4546985154738214e-2,4.3628150131152205e-2
