Color,Name,Mean,MeanLB,MeanUB,Stddev,StddevLB,StddevUB
0xa6cee3,ocaml,2.348992729020589,2.3420845726662565,2.355900885374922,1.0859143889135909e-2,5.051562238760106e-3,1.5092286344026656e-2
0x1f78b4,ocaml byte,6.361390669166667,6.340326139624949,6.400879531874807,4.030766508089594e-2,4.5989384203125316e-4,4.7957709000812476e-2
0xb2df8a,haskell,2.1182746151666456,2.1146391385000243,2.1204344664166306,4.339362653483239e-3,3.6289082308737517e-3,4.9879628023534826e-3
0x33a02c,haskell strict,2.062415303541343,2.0606105513747934,2.065444385749288,3.0984360627799522e-3,9.980456725745316e-4,4.16789659671144e-3
0xfb9a99,juvix,4.94025768329152,4.938951940083371,4.941259209750115,1.6666339002580502e-3,1.0722513474376468e-3,2.2178999111240575e-3
0xe31a1c,juvix wasm,4.014923197458302,3.993993639416658,4.029282513624821,2.598818562964251e-2,1.5173323660975954e-2,3.316142021647573e-2
0xcab2d6,runtime,3.301815897249867,3.29913422062441,3.3044721112502202,3.509952918899809e-3,1.8047595003736205e-3,4.318312700163799e-3
0x6a3d9a,runtime wasm,3.274790577874986,3.2723008117500285,3.276928683125031,3.538481939499875e-3,2.109851673525995e-3,4.937742566676899e-3
