Color,Name,Mean,MeanLB,MeanUB,Stddev,StddevLB,StddevUB
0xa6cee3,ocaml,0.3413956659166881,0.3332767874168591,0.345143355041652,7.7491796862470584e-3,3.3596861461006157e-3,1.0094829449028618e-2
0x1f78b4,ocaml byte,1.1275729995209456,1.081187527187467,1.200869852438018,8.08994651664148e-2,1.499116281869256e-2,0.10342555857365697
0xb2df8a,haskell,1.868748115437408,1.8500954577498305,1.877888358874922,1.7911908260872612e-2,2.498231374829629e-3,2.1546806756063734e-2
0x33a02c,haskell strict,0.9052580042082733,0.8912160281248589,0.9114754205416677,1.3734532327387593e-2,6.093544304786071e-4,1.6425302117988084e-2
0xfb9a99,juvix,1.1201087202291546,1.119856477124813,1.1203484830000434,3.456846656522606e-4,1.7814345034611575e-4,4.730199965688634e-4
0xe31a1c,juvix wasm,1.060731287916705,1.0600140685000952,1.0611594568332712,8.444090760550218e-4,7.10575750649072e-4,9.8881375695229e-4
0xcab2d6,runtime,1.4749647884791557,1.4727652157502007,1.4760287701457173,2.0779414795081648e-3,6.014558334754838e-4,2.5425383644710324e-3
0x6a3d9a,runtime wasm,0.9923370545834397,0.9916366169582981,0.9932161216668949,1.209036979431829e-3,4.1252706337026855e-4,1.6175914057041875e-3
