Color,Name,Mean,MeanLB,MeanUB,Stddev,StddevLB,StddevUB
0xa6cee3,ocaml,0.3459748748332648,0.3439424484584113,0.347024226083325,1.9373928236193006e-3,9.283960766778457e-4,2.423372906786968e-3
0x1f78b4,ocaml byte,1.1770606256251313,1.1014296332505182,1.227091006999899,8.25273020651107e-2,4.287387224613389e-2,0.11554021661752728
0xb2df8a,haskell,1.8729551455417095,1.8625633195001683,1.8833469715832507,1.5568966504460468e-2,7.795564045037748e-3,2.1729063221001172e-2
0x33a02c,haskell strict,0.8952386844790491,0.8848549105415865,0.913230879624507,1.9121959496478005e-2,3.8510472089408974e-3,2.3436971549660623e-2
0xfb9a99,juvix,1.1184146591458746,1.1176628682707321,1.1189084670835048,8.455132328285692e-4,3.851139833484847e-4,1.1404005828750993e-3
0xe31a1c,juvix wasm,1.0617263298125106,1.060892371312434,1.0629556305000278,1.4447355906445382e-3,3.9638964239941364e-4,1.9259446580484558e-3
0xcab2d6,runtime,1.4591776421249467,1.453603588249867,1.4687159608750449,9.639570612487918e-3,2.912192285818344e-3,1.2872726021018962e-2
0x6a3d9a,runtime wasm,0.9904295592917643,0.9896314556249877,0.9911245827502739,1.1172544456386237e-3,6.819230719718747e-4,1.4673224303647793e-3
