Color,Name,Mean,MeanLB,MeanUB,Stddev,StddevLB,StddevUB
0xa6cee3,ocaml,0.3468662193122327,0.34460358337491925,0.34840220249952836,2.7654474277481788e-3,1.6933699192758333e-3,3.3462027927605186e-3
0x1f78b4,ocaml byte,1.1508182624166732,1.0567489018331648,1.2332066345002772,0.11097591969969303,8.996483166689961e-2,0.13085852698025038
0xb2df8a,haskell,1.874182172374958,1.861730004500032,1.8807838699999593,1.2212194422986041e-2,4.90428770261857e-3,1.665937273539174e-2
0x33a02c,haskell strict,0.9124619752289883,0.9040108836248919,0.9187583064370415,1.0045842068613935e-2,8.441428083491076e-3,1.2144037812101492e-2
0xfb9a99,juvix,1.1219284653958728,1.1198605742292593,1.1254215518332178,3.756557581932446e-3,6.311994584015101e-4,4.775590086796333e-3
0xe31a1c,juvix wasm,1.0634973557709675,1.0615165600834946,1.0670696093126253,3.633947150219709e-3,4.3014038457404825e-4,4.574451693488495e-3
0xcab2d6,runtime,1.5093039278333624,1.5071386091666263,1.512881716375091,3.83029857819299e-3,1.033428691739128e-3,5.000589260485467e-3
0x6a3d9a,runtime wasm,0.9999717596249222,0.9967275185000897,1.0016563167498211,3.1851493475415025e-3,3.7094325000452955e-4,3.960291158720467e-3
