Color,Name,Mean,MeanLB,MeanUB,Stddev,StddevLB,StddevUB
0xa6cee3,ocaml,1.9832042622703436,1.9780364120418503,1.988372112498837,7.344440482098807e-3,3.049400336206422e-3,9.914431256592178e-3
0x1f78b4,ocaml byte,7.6336723770202,7.4380217410832,7.89832568916548,0.36373609223105646,0.14191272729143156,0.44732394142973014
0xb2df8a,haskell,2.625538865312213,2.6186651776247345,2.631203496499893,8.429932841786848e-3,6.011210664609578e-3,1.0739718874982537e-2
0x33a02c,haskell strict,2.506787192666858,2.498044522166007,2.511032377917369,8.316951540990235e-3,1.6321921672595163e-3,1.0386497279840924e-2
0xfb9a99,juvix,5.981781399041286,5.970816669166273,6.001061132624272,2.0338338157664348e-2,2.081346833316733e-3,2.4180085381745847e-2
0xe31a1c,juvix wasm,5.110971087458286,5.104769715249859,5.116491018749457,8.163101201740902e-3,4.44270695977539e-3,1.0978835561161195e-2
0xcab2d6,runtime,4.020181440833388,4.005440953334376,4.030186307332845,1.705074613682109e-2,8.604928373427875e-3,2.3105249466672043e-2
0x6a3d9a,runtime wasm,4.213207989437706,4.205380333250105,4.218266574062909,9.620924016259734e-3,5.759339916916583e-3,1.1682300780318662e-2
