Color,Name,Mean,MeanLB,MeanUB,Stddev,StddevLB,StddevUB
0xa6cee3,ocaml,0.35889965406245966,0.34680026349993415,0.38220428037504917,2.329737585161617e-2,1.0547918748216034e-3,2.7942345593218093e-2
0x1f78b4,ocaml byte,1.0624015709167527,1.0404598208334996,1.0843433210000057,3.2282528577803164e-2,1.5226480465806637e-2,4.4190554918328726e-2
0xb2df8a,haskell,1.8665366058749935,1.8607306978748852,1.8690863633750232,5.609829790601116e-3,2.503554384457045e-3,7.519757470969135e-3
0x33a02c,haskell strict,0.8964145279375278,0.8878113787499918,0.9007668959999744,8.533013021041393e-3,3.6041178738372565e-4,1.0126568414330454e-2
0xfb9a99,juvix,1.1211069234166946,1.12069665008327,1.1214987332502915,5.115571315202963e-4,2.6457674994162517e-4,6.419787623756753e-4
0xe31a1c,juvix wasm,1.0625209929791974,1.0613751282500061,1.0637660561250186,1.598519462803022e-3,8.174021766296438e-4,2.0329034140576887e-3
0xcab2d6,runtime,1.4778554400417836,1.472579437625086,1.4807902670002022,5.26249629426757e-3,2.3977006421428866e-3,7.291053152122421e-3
0x6a3d9a,runtime wasm,0.9989580504374848,0.9983703812499698,0.9993209168749976,6.98722300570832e-4,5.217776299386423e-4,8.380041415116309e-4
