Color,Name,Mean,MeanLB,MeanUB,Stddev,StddevLB,StddevUB
0xa6cee3,ocaml,0.31645988320010776,0.316044872200085,0.31680817419995344,5.789447861382155e-4,4.2410102828368694e-4,7.681157080799909e-4
0x1f78b4,ocaml byte,1.0009652524372161,1.0008640181248816,1.0010471626870867,1.212891525227828e-4,8.762099999637396e-5,1.4516981755885246e-4
0xb2df8a,haskell,2.837095820895911,2.8338589432501067,2.838790277458429,3.0636480265660818e-3,8.216816668209503e-4,3.913179809999809e-3
0x33a02c,haskell strict,1.4304073088541145,1.4218542898747728,1.4341387328541941,8.667942508674382e-3,3.7254167531129744e-3,1.2019826146467712e-2
0xfb9a99,juvix,1.8318792602292053,1.8290282106252107,1.833816472812373,3.3616565460754607e-3,2.8228156711590357e-3,3.956345835634119e-3
0xe31a1c,juvix wasm,1.4747361433748363,1.4690496223745413,1.4777348251249502,5.536004744157542e-3,2.8676737500367144e-3,6.925158862569284e-3
0xcab2d6,runtime,3.369880729791703,3.368642952000073,3.3707392614999208,1.5096116932324527e-3,7.141851696774499e-4,1.982694051389792e-3
0x6a3d9a,runtime wasm,2.069146031771121,2.065568961145724,2.0709122993336373,3.420860087829665e-3,5.792483331485965e-4,4.181870543214862e-3
