Color,Name,Mean,MeanLB,MeanUB,Stddev,StddevLB,StddevUB
0xa6cee3,ocaml,0.26877812019003916,0.2684777048298474,0.2689992950402545,4.0877319438796864e-4,2.801063326357288e-4,5.691149575555129e-4
0x1f78b4,ocaml byte,0.9410485078750336,0.9398245488749618,0.9430475027501567,2.1387146219581784e-3,7.338994103104242e-4,2.8266122326740125e-3
0xb2df8a,haskell,2.582193382041737,2.580876578791731,2.583761683666694,1.8599372806258586e-3,7.102032500370115e-4,2.3249094748199785e-3
0x33a02c,haskell strict,1.2139836915417657,1.2124481590001324,1.216695105874976,2.8723730920232823e-3,6.190092500446553e-4,3.5075579999961446e-3
0xcab2d6,runtime,3.612564243124931,3.6076115819998904,3.615668120375024,5.905193877794008e-3,4.2695834714984665e-3,7.168097463490947e-3
0x6a3d9a,runtime wasm,2.2154297681249204,2.211105125500012,2.2186748189996592,5.125687095017547e-3,4.118045249924762e-3,6.124616525708084e-3
