Color,Name,Mean,MeanLB,MeanUB,Stddev,StddevLB,StddevUB
0xa6cee3,ocaml,0.3396905502917207,0.3302547553749946,0.34471198033338624,8.98074652029285e-3,2.0905968720511137e-3,1.1596495945089923e-2
0x1f78b4,ocaml byte,1.0749320375625568,1.0519117285000448,1.0991609194374519,3.0184490920636443e-2,1.4541157500085888e-2,3.684765768469522e-2
0xb2df8a,haskell,1.8839060866874888,1.8758203393749682,1.891523929749951,1.2473811106785323e-2,7.074346826383262e-3,1.759265497102766e-2
0x33a02c,haskell strict,0.8979508181874772,0.8671894119372041,0.9147731380001762,3.1149957301494138e-2,9.271189014005529e-3,4.163866393846179e-2
0xfb9a99,juvix,1.1215505069791523,1.1204253249584704,1.1224118263125433,1.3378051917948602e-3,1.233175735098779e-3,1.5391773275319127e-3
0xe31a1c,juvix wasm,1.0636832542290715,1.0626071069165544,1.0656254464374229,2.023777923405806e-3,1.5748124997116975e-4,2.397784077897555e-3
0xcab2d6,runtime,1.505268687583225,1.4986329598750672,1.5133575082498965,9.782927439137435e-3,3.91263960514045e-3,1.2507765306429917e-2
0x6a3d9a,runtime wasm,1.0069700656042262,1.0048208838541843,1.0079689995418069,2.050823589572498e-3,4.2428855470718935e-4,2.656383536637014e-3
