Color,Name,Mean,MeanLB,MeanUB,Stddev,StddevLB,StddevUB
0xa6cee3,ocaml,1.1712825332709826,1.1611839234376475,1.1860754845000656,1.739486651165274e-2,5.450647844279781e-3,2.3321740422868095e-2
0x1f78b4,ocaml byte,6.902856290500115,6.731321781000095,7.002012478000097,0.18114153566900407,8.178878104412382e-2,0.25161224837968416
0xb2df8a,haskell,1.9626708895624838,1.913431379749909,1.9954136366250168,5.968852883675013e-2,3.897902054848771e-2,7.15665963483662e-2
0x33a02c,haskell strict,1.866664056041562,1.8373845936665323,1.8831595183332106,2.8997713450304632e-2,1.0952103941049254e-2,3.959313185281322e-2
0xfb9a99,juvix,1.7206777365209216,1.7103019351876583,1.7258130930208988,1.0115834350456914e-2,2.4269111009822888e-4,1.198217233631938e-2
0xe31a1c,juvix wasm,0.848118452687288,0.847789227937426,0.8486638758749905,5.884049290288443e-4,7.535087468113488e-5,7.423630383719623e-4
0xcab2d6,runtime,2.102847672728861,2.0962527836664626,2.11120476233297,1.1181201023709427e-2,6.451029775872576e-3,1.5230243901806153e-2
0x6a3d9a,runtime wasm,2.3621137143957753,2.3210387418124014,2.3814694298541212,3.9156867232034286e-2,9.670897134114308e-3,5.015847579093441e-2
