Color,Name,Mean,MeanLB,MeanUB,Stddev,StddevLB,StddevUB
0xa6cee3,ocaml,0.2828232506469431,0.274760208026637,0.2903685031002169,1.093400518240705e-2,7.938319343649764e-3,1.4239800923885191e-2
0x1f78b4,ocaml byte,1.0071337362079096,0.9850296757490469,1.023390590833363,2.748864432885679e-2,1.4048908250060775e-2,3.4824859104446826e-2
0xb2df8a,haskell,2.9304584282497217,2.9075874829998156,2.9415050419995623,2.1830725846805867e-2,3.6824594994868676e-3,2.7307123898200645e-2
0x33a02c,haskell strict,1.3563694805842867,1.326611646251422,1.3745348664587407,3.531463278519058e-2,2.9265095427844875e-2,4.195116169819761e-2
0xfb9a99,juvix,1.9080856661877685,1.8937988043753649,1.9235161498754678,2.0104004661263417e-2,8.682217691221945e-3,2.718119370058313e-2
0xe31a1c,juvix wasm,1.737896696000765,1.6807703062502999,1.7655716092507039,5.395735842915777e-2,1.730808244864341e-2,6.602763825236325e-2
0xcab2d6,runtime,4.027685544916191,3.9890738262497507,4.094576150249395,6.857479761155597e-2,1.0704193887068801e-2,8.671567909189362e-2
0x6a3d9a,runtime wasm,2.5453466316249282,2.525902415749897,2.5647908474999594,3.0847094774866888e-2,6.718078249377868e-3,4.077654430819932e-2
