Color,Name,Mean,MeanLB,MeanUB,Stddev,StddevLB,StddevUB
0xa6cee3,ocaml,1.7871150080005311,1.7827604266262824,1.7894431927503924,4.406811713948382e-3,2.2613158833072913e-3,6.152303934540821e-3
0x1f78b4,ocaml byte,7.173292330896326,7.168715230708737,7.176485512271408,5.322930951312797e-3,3.196023595751274e-3,7.374336505898694e-3
0xb2df8a,haskell,2.7696099877911515,2.764176204832741,2.773836700374659,6.704800263324784e-3,4.237151070827655e-3,8.590413419257531e-3
0x33a02c,haskell strict,2.757107500104515,2.7535462818759697,2.758781837270969,3.378026205344878e-3,8.423885835024958e-4,4.357565156509479e-3
0xfb9a99,juvix,4.012148624291361,3.9996389523748803,4.020343143041221,1.3392050662287429e-2,7.730231410582388e-3,1.8924430424445433e-2
0xe31a1c,juvix wasm,1.5503954561252158,1.5426992000000155,1.554755403999934,7.63158198835338e-3,2.886730614281672e-3,1.0425968984929986e-2
0xcab2d6,runtime,3.879262404937208,3.8679841052498887,3.8865077996247237,1.187495393173346e-2,6.39012290917117e-3,1.6732522292889157e-2
0x6a3d9a,runtime wasm,4.2136940918961345,4.177420145458503,4.276002577562849,6.648067838342354e-2,8.601598375207686e-3,8.377109096134719e-2
