Color,Name,Mean,MeanLB,MeanUB,Stddev,StddevLB,StddevUB
0xa6cee3,ocaml,1.1637798218749633,1.1498547476249428,1.171312198250045,1.3628592159954482e-2,6.293649743268339e-3,1.859399900925586e-2
0x1f78b4,ocaml byte,6.957080071624868,6.903453327124718,7.041188968624851,9.215301385438612e-2,1.890628699989838e-2,0.11594090001441647
0xb2df8a,haskell,1.9338436564166273,1.906481514833331,1.9612057979999236,4.140696148505685e-2,1.3916280000245102e-2,5.545716206098839e-2
0x33a02c,haskell strict,1.9320706667083605,1.886368546500023,1.98039122425007,6.475442324539195e-2,3.316583454072185e-2,8.291666717011718e-2
0xfb9a99,juvix,1.7784165778542729,1.7753129002082915,1.7802176266876586,3.631344025568667e-3,3.2556318363061785e-3,4.15934411511563e-3
0xe31a1c,juvix wasm,0.8531722393333515,0.8527793766249943,0.8534109412083429,3.963135999832844e-4,1.8179772015306187e-4,5.512583671294601e-4
0xcab2d6,runtime,2.122953187916721,2.1207730744999935,2.124395417666733,2.6492506261637885e-3,1.7040693344359543e-3,3.3306869376105073e-3
0x6a3d9a,runtime wasm,2.3748045212082047,2.3486181461665865,2.3912794762084104,3.1086612468653685e-2,2.6446066750054342e-2,3.744754650593531e-2
