Color,Name,Mean,MeanLB,MeanUB,Stddev,StddevLB,StddevUB
0xa6cee3,ocaml,1.1728448289582427,1.14951705149997,1.2008672194997416,3.744438683713738e-2,1.8162918636958538e-2,4.820932348041902e-2
0x1f78b4,ocaml byte,7.066910980000084,6.988609099749928,7.121584075000025,9.87851907064878e-2,5.312699725534775e-2,0.12626210446258468
0xb2df8a,haskell,1.914958366729157,1.9023998188749829,1.9356999349791029,2.2977023482360893e-2,6.662934250016406e-3,2.8399935422417675e-2
0x33a02c,haskell strict,1.9405266400415446,1.9003330986665408,1.9620519910834369,3.954365985401106e-2,6.191095139569974e-3,4.994514544392497e-2
0xfb9a99,juvix,1.742711006895983,1.7392051406667028,1.746054233750101,4.05560312319842e-3,3.4745521060843307e-3,4.287300619565335e-3
0xe31a1c,juvix wasm,0.8498641574373096,0.849018705999697,0.850357853937453,9.899061671276236e-4,9.015328442534787e-4,1.1401432290231062e-3
0xcab2d6,runtime,2.118792315541517,2.1097499189996824,2.1236211967498093,8.856651073340464e-3,3.0507065857479304e-3,1.2011931410576947e-2
0x6a3d9a,runtime wasm,2.386118685937466,2.369026218312456,2.3942727486248714,1.6805853366359737e-2,2.0012452500850486e-3,2.0892101052679957e-2
