Color,Name,Mean,MeanLB,MeanUB,Stddev,StddevLB,StddevUB
0xa6cee3,ocaml,1.199440866708206,1.190034672916719,1.2070581753749252,1.1324509512533604e-2,7.811964356494144e-3,1.4046740176508117e-2
0x1f78b4,ocaml byte,7.103335264354087,6.9330156278749655,7.233290489437422,0.20214534039671805,0.15753743583331925,0.2410136493547349
0xb2df8a,haskell,1.791597091687682,1.758314586687618,1.8462277840001207,5.640728556716079e-2,8.736962374655377e-3,7.103846923086338e-2
0x33a02c,haskell strict,1.8121229479166914,1.7692079473331432,1.8375380644167763,5.0529557953959525e-2,4.012832371226795e-2,5.869369741123881e-2
0xfb9a99,juvix,3.7272105950832874,3.7135736647499016,3.7359964257083598,1.639327493756497e-2,1.1203134889842415e-2,2.0290006705759853e-2
0xe31a1c,juvix wasm,2.541629266354145,2.5178164983122997,2.5594480022708312,2.9799566972613566e-2,1.6429335208234308e-2,4.115060791247117e-2
0xcab2d6,runtime,2.8713350712915067,2.86830062933321,2.8765842440415477,5.475937293943083e-3,4.696906666292744e-4,6.738297619381417e-3
0x6a3d9a,runtime wasm,2.378876212124927,2.3347472724998397,2.4003562947500163,4.172018178596253e-2,1.1103414250101196e-2,5.099144215144955e-2
