Color,Name,Mean,MeanLB,MeanUB,Stddev,StddevLB,StddevUB
0xa6cee3,ocaml,1.1785141028540806,1.156584345499823,1.1980154187499465,2.723778873371961e-2,1.4804442874833512e-2,3.354990708900011e-2
0x1f78b4,ocaml byte,6.96731772589582,6.8908509306249925,7.033499849833258,0.10946449356933914,6.197270182185496e-2,0.15284106828328312
0xb2df8a,haskell,2.046798128271026,1.9984078570417219,2.081540775687756,6.099965606668875e-2,3.1517837127952884e-2,8.02347073536378e-2
0x33a02c,haskell strict,1.925084629937487,1.8971089483750347,1.9713392008123947,4.814139514796381e-2,4.204038771924788e-3,6.040303035145564e-2
0xfb9a99,juvix,1.752421321312435,1.7508244558749766,1.7533854432499538,1.8977261958962493e-3,1.6098158552931353e-3,2.1824898169303876e-3
0xe31a1c,juvix wasm,0.8549846325833528,0.853963558249859,0.8557023042500873,1.1931623580176607e-3,7.431187856716221e-4,1.6573917199157971e-3
0xcab2d6,runtime,2.1089827097915568,2.1040814766662757,2.1113642057916686,4.70076137245009e-3,3.1925420305997654e-4,5.66395708148373e-3
0x6a3d9a,runtime wasm,2.3895727515206318,2.372429885874908,2.401273049145516,2.1149056014552966e-2,1.3217094559253887e-2,2.702067993330233e-2
