Color,Name,Mean,MeanLB,MeanUB,Stddev,StddevLB,StddevUB
0xa6cee3,ocaml,0.3433707033124733,0.3379014529375013,0.3463126929999589,5.235430032109548e-3,2.4165343603090423e-3,6.794234152091661e-3
0x1f78b4,ocaml byte,1.1233005908752414,1.0674676985001952,1.1847133017500937,8.554219898598234e-2,3.2540368400458056e-2,0.11056585705368946
0xb2df8a,haskell,2.0897468336039347,2.0640848584996547,2.1060227910205827,3.0688839632225802e-2,2.2402800906442963e-2,3.7587713583282695e-2
0x33a02c,haskell strict,0.8693832759166753,0.8597797323332088,0.8765157766249558,1.1367181266703785e-2,9.478619049334504e-3,1.3541460060492417e-2
0xfb9a99,juvix,1.1162845567292454,1.115092677312532,1.11686766139591,1.1581028761482796e-3,5.92825182074892e-5,1.3769020542977741e-3
0xe31a1c,juvix wasm,1.030929485187509,1.0300953941249418,1.0322559409376026,1.476692982329136e-3,3.3654393026041765e-4,1.9262507980073599e-3
0xcab2d6,runtime,1.456835073645891,1.451737397583429,1.4603634178333778,6.013423139782304e-3,3.138663749950865e-3,8.148361865756413e-3
0x6a3d9a,runtime wasm,0.9899878697501853,0.9894225585002232,0.9905531810001473,9.01923717643427e-4,3.5979991346808736e-4,1.2352732324003505e-3
