Color,Name,Mean,MeanLB,MeanUB,Stddev,StddevLB,StddevUB
0xa6cee3,ocaml,1.753996129291636,1.7447893703747468,1.7584029634167564,8.7904595908414e-3,1.4453885000875744e-3,1.1084951482470509e-2
0x1f78b4,ocaml byte,7.133162530895372,7.110690274520986,7.147563862582426,2.3579027063547413e-2,1.290957555077495e-2,3.325845090483921e-2
0xb2df8a,haskell,2.6753384349797975,2.6666356704170844,2.681568721042216,1.0553681377994575e-2,6.1513995287244315e-3,1.4388229341063008e-2
0x33a02c,haskell strict,2.4931211173955794,2.445649093082769,2.5143632619582,4.576884601237493e-2,1.8315339121829203e-2,6.0575312538334536e-2
0xfb9a99,juvix,3.7879248178542944,3.7146012306243392,3.8389109955422405,8.689963311049309e-2,4.6784337544302924e-2,0.11774753365234311
0xe31a1c,juvix wasm,1.5318350886241963,1.5265820904993839,1.5352106074992662,6.395544632830837e-3,4.695974905441053e-3,7.7954269247050125e-3
0xcab2d6,runtime,3.814668281500493,3.757060367000198,3.8436960645008185,5.6884658705688e-2,1.9180869994670502e-3,6.762729793386797e-2
0x6a3d9a,runtime wasm,4.152280003833691,4.140669266916424,4.168784777707894,1.8833361312982293e-2,4.8107671729106845e-3,2.4850508413752765e-2
