Color,Name,Mean,MeanLB,MeanUB,Stddev,StddevLB,StddevUB
0xa6cee3,ocaml,0.3454520300833603,0.3425233244999504,0.3474147308334447,3.212471421289924e-3,1.9275274193048092e-3,4.5326632255996875e-3
0x1f78b4,ocaml byte,1.0677059134374833,1.0496687816249732,1.0833275219999905,2.2127854722376886e-2,1.3693642830889141e-2,2.6109943081942727e-2
0xb2df8a,haskell,2.0800038270624364,2.037933508624633,2.1012641423126106,4.06030488325224e-2,1.0556412184949179e-2,5.385682544239298e-2
0x33a02c,haskell strict,0.8626246928543916,0.8453852398750996,0.8784353935628246,2.2672077693482007e-2,1.1693496166723605e-2,3.0304534671245803e-2
0xfb9a99,juvix,1.1174800750208267,1.1171800422915035,1.1177045046251806,3.7532496030543474e-4,2.2630185756853318e-4,4.8666393806689237e-4
0xe31a1c,juvix wasm,1.0309529630626078,1.0296485785626146,1.0329403347501511,2.1970373189104954e-3,4.5220862496841985e-4,2.6748856401990683e-3
0xcab2d6,runtime,1.4520065191459064,1.4505016039166398,1.4531535340001938,1.8380176916879256e-3,1.1746823647189827e-3,2.3139687354907968e-3
0x6a3d9a,runtime wasm,0.9963973850415755,0.9935813188748739,1.0004338665000319,4.563014480456858e-3,1.1288049355526785e-3,5.864378009308821e-3
