Color,Name,Mean,MeanLB,MeanUB,Stddev,StddevLB,StddevUB
0xa6cee3,ocaml,0.34516556508339136,0.3390418347499917,0.3481908816667669,5.9780869547382395e-3,1.6881067536602973e-4,7.072082162771478e-3
0x1f78b4,ocaml byte,1.0863037562291424,1.0500754564374688,1.1083565422500214,3.848636161088409e-2,2.750424297570121e-2,4.8318387255740045e-2
0xb2df8a,haskell,1.8587172225206625,1.8476663943957685,1.8656851358331703,1.1509673438644508e-2,5.448355279797688e-3,1.6091706506665398e-2
0x33a02c,haskell strict,0.8955199072083436,0.8867305477499485,0.9018899348750438,1.073358336554837e-2,7.6888457226039885e-3,1.3598204931698358e-2
0xfb9a99,juvix,1.1197535625000796,1.1193527599997992,1.1199491156254453,3.979419316441581e-4,2.2151031510906133e-4,5.324379036016948e-4
0xe31a1c,juvix wasm,1.0668255384375698,1.0617944126876182,1.0762628620000214,9.423643608454766e-3,8.387314999254158e-4,1.1618887224245589e-2
0xcab2d6,runtime,1.4686373408957252,1.4681885604373974,1.4688666939165387,4.370232023220405e-4,2.5514292704405315e-4,5.296681132245244e-4
0x6a3d9a,runtime wasm,0.9892645286248959,0.9892351382497964,0.9892939189999954,5.186308507986269e-5,8.067432587775248e-6,6.548075859815817e-5
