Color,Name,Mean,MeanLB,MeanUB,Stddev,StddevLB,StddevUB
0xa6cee3,ocaml,0.34692763362500045,0.3459423111250999,0.34802305862490357,1.3395387121604614e-3,5.834799999320239e-4,1.660384029865629e-3
0x1f78b4,ocaml byte,1.0501492947291051,1.0478965689166369,1.0512107532916086,2.1406985800882295e-3,9.049148934511672e-4,2.7511138697757734e-3
0xb2df8a,haskell,1.857640452395799,1.824611884625142,1.873902896083223,3.1891040467743256e-2,1.1632000484238444e-3,3.814697326329883e-2
0x33a02c,haskell strict,0.8954791835415866,0.8602057456251941,0.9134202296247622,3.327112253771984e-2,1.1510126974338897e-2,4.14330711426597e-2
0xfb9a99,juvix,1.1191533708333357,1.118960857666631,1.1193003188331734,2.39319062955536e-4,1.499711118188782e-4,3.0969337868062423e-4
0xe31a1c,juvix wasm,1.0600204464999667,1.0593630792499575,1.0604420004999042,7.966256449976062e-4,5.445873736295401e-4,9.735372613673539e-4
0xcab2d6,runtime,1.453730489833352,1.4519097449999663,1.4562789185000042,3.0539452102573647e-3,1.0681183750741517e-3,4.027273316349894e-3
0x6a3d9a,runtime wasm,0.9953103403955387,0.9926924275826726,0.9993058634371437,4.425380787865883e-3,9.491731665700054e-4,5.603724329683766e-3
