Color,Name,Mean,MeanLB,MeanUB,Stddev,StddevLB,StddevUB
0xa6cee3,ocaml,0.2696906038167375,0.2694519398168571,0.2698316376666602,2.834150005817503e-4,1.6571285125918043e-4,3.710089703078732e-4
0x1f78b4,ocaml byte,0.9420753202499176,0.9413491602497288,0.942984053750024,1.1009135418025807e-3,4.3026780715454873e-4,1.4210397232344491e-3
0xb2df8a,haskell,2.614285097520792,2.6053147795832956,2.6315077108333753,1.7051306612373997e-2,1.3882495416055463e-3,2.0716061903720474e-2
0x33a02c,haskell strict,1.2101603408333403,1.2091685067498474,1.2111521749168332,1.51065166566051e-3,5.479045397023096e-4,2.059661867292297e-3
0xcab2d6,runtime,3.688798894979186,3.6822610643750977,3.692593516750094,6.501714317886218e-3,2.2297622499536374e-3,8.812161436950409e-3
0x6a3d9a,runtime wasm,2.2258568792500077,2.2194000319999914,2.230151602750046,7.852637446041677e-3,5.359388658347218e-3,9.918239075368599e-3
