Color,Name,Mean,MeanLB,MeanUB,Stddev,StddevLB,StddevUB
0xa6cee3,ocaml,1.1755623799164898,1.149119337791338,1.2240369977499768,4.8749705919159926e-2,5.209438750171103e-3,5.8215516600080716e-2
0x1f78b4,ocaml byte,7.073094886312295,7.043905309499526,7.087222492062399,2.7707061874006532e-2,5.96849250003606e-3,3.478413219022228e-2
0xb2df8a,haskell,1.9449092378333905,1.8871379775831276,2.0144297265836335,8.639468135481801e-2,3.6412013742266075e-2,0.11171643742867238
0x33a02c,haskell strict,1.7718634124793766,1.7486087851667662,1.800583453625336,3.718483718906267e-2,2.4123250359876967e-2,4.9555359581951716e-2
0xfb9a99,juvix,1.7594981161875012,1.7535982785000215,1.7658068364374913,8.780946300543262e-3,4.1634428207454255e-3,1.149574779384318e-2
0xe31a1c,juvix wasm,0.8519275792289704,0.8504967163332822,0.8531038199995464,1.769926083857523e-3,1.0617703301272826e-3,2.240622493675034e-3
0xcab2d6,runtime,2.1281825645832555,2.1219954527499567,2.132455674416576,7.040378744762034e-3,4.339067430133294e-3,9.868324450178016e-3
0x6a3d9a,runtime wasm,2.360355641562554,2.3089566148752283,2.385433612750073,4.949405098290043e-2,9.989092625043439e-3,6.511768910405326e-2
