Color,Name,Mean,MeanLB,MeanUB,Stddev,StddevLB,StddevUB
0xa6cee3,ocaml,0.3463809845624534,0.34362017299993874,0.3483580877499814,3.372661212667646e-3,2.0793364589261204e-3,4.147107561030384e-3
0x1f78b4,ocaml byte,1.1262925671251764,1.0712568657501151,1.1991090932502857,8.562526371467583e-2,2.6409925400270456e-2,0.11419566108315848
0xb2df8a,haskell,1.8989122441665813,1.8776660595832482,1.9295624304165813,3.636682301983413e-2,1.2422439916690564e-2,4.906596155375951e-2
0x33a02c,haskell strict,0.8997917610415888,0.875840311833296,0.9180061198748604,3.043217751368659e-2,1.997401508532502e-2,4.034150135472668e-2
0xfb9a99,juvix,1.1239104483958802,1.123052654500043,1.1244469382500029,1.0431238481450012e-3,6.559284237382527e-4,1.2274924752919546e-3
0xe31a1c,juvix wasm,1.0630452788751465,1.061168492000358,1.0639061592500336,1.8316663331159712e-3,3.100522500290026e-4,2.181863170855884e-3
0xcab2d6,runtime,1.4726648721042277,1.4679111360002253,1.4749625245208526,4.5605422012649e-3,2.353608089433223e-3,5.672082312238561e-3
0x6a3d9a,runtime wasm,1.0248718846250806,1.0135790521251806,1.040214303875075,1.7060254838812287e-2,4.8288304998701514e-3,2.0863266532393843e-2
