Color,Name,Mean,MeanLB,MeanUB,Stddev,StddevLB,StddevUB
0xa6cee3,ocaml,0.34175124845832744,0.33698196941660774,0.3453094427500787,6.013462453632087e-3,3.6455447228581203e-3,7.88594515068818e-3
0x1f78b4,ocaml byte,1.2628007998127184,1.2173662067506636,1.285101156750064,4.3786605776424264e-2,9.342370719880234e-3,5.713453442973697e-2
0xb2df8a,haskell,1.996545618000103,1.9844864585002142,2.0089888768749233,1.675727830507825e-2,7.7401867141176015e-3,2.2754332798774826e-2
0x33a02c,haskell strict,0.9564024933333334,0.9416695157501636,0.963366602749943,1.3980777240694166e-2,3.2161099998120335e-3,1.794143250904878e-2
0xfb9a99,juvix,1.1185616073540245,1.118189043812265,1.1188088429790355,4.037555666453572e-4,2.435784530276405e-4,5.70966218613336e-4
0xe31a1c,juvix wasm,0.9994202542915597,0.9990212959582625,0.9998420599997644,7.063787758985656e-4,1.4191291658488536e-4,9.213548044982037e-4
0xcab2d6,runtime,1.4749965443752444,1.4683922016256474,1.4792791216250407,7.186258869367136e-3,3.6980115502589796e-3,9.890188511981054e-3
0x6a3d9a,runtime wasm,0.9925260113750104,0.9913984989998426,0.9938635362499706,1.7688388482846441e-3,8.096291761208846e-4,2.2632240247369476e-3
