Color,Name,Mean,MeanLB,MeanUB,Stddev,StddevLB,StddevUB
0xa6cee3,ocaml,0.3478642144168778,0.3436378432917498,0.35065560079200014,4.734669638371797e-3,2.5777675115754104e-3,6.4464307003565206e-3
0x1f78b4,ocaml byte,1.2356426754585261,1.173252872374917,1.2695958105837424,5.974132039706873e-2,1.2739735214964534e-2,7.841140681750136e-2
0xb2df8a,haskell,1.9747238314790632,1.9530374844996459,1.9860060261041592,2.084510003607639e-2,4.923818273390543e-3,2.750314566930761e-2
0x33a02c,haskell strict,0.9330034284998305,0.9150683866249096,0.9447219089997247,1.96917933331368e-2,1.0384322144926007e-2,2.7062671484429215e-2
0xfb9a99,juvix,1.128616975791772,1.128315154375116,1.1291180844168593,5.141950247710625e-4,9.528196385421217e-5,6.4519469937148e-4
0xe31a1c,juvix wasm,1.0071938891874008,1.0056838505001906,1.0092680064374047,2.3450873627967467e-3,7.066412497351848e-4,2.9346017033124966e-3
0xcab2d6,runtime,2.1364272194376404,2.1308646661875628,2.1421801918750134,7.451327782102522e-3,4.363964240855415e-3,9.984174208024128e-3
0x6a3d9a,runtime wasm,1.0124688233958257,1.0085929688748365,1.018432040875041,6.329754380697042e-3,1.4132541251683506e-3,8.084328861709948e-3
