Color,Name,Mean,MeanLB,MeanUB,Stddev,StddevLB,StddevUB
0xa6cee3,ocaml,1.6284395670202987,1.613898370291205,1.654721315687084,2.7609755207941296e-2,5.327213250438945e-3,3.3581455383525846e-2
0x1f78b4,ocaml byte,6.2089976245623575,6.04244254987475,6.320371049187429,0.20354462828632472,0.12743656207173246,0.2572059067514221
0xb2df8a,haskell,2.173197367312582,2.158167502750075,2.1882272318750893,2.0858684197769e-2,6.887864625014117e-3,2.5497713531641156e-2
0x33a02c,haskell strict,2.0898198837916957,2.0712462472496327,2.101937150666989,1.9903520447455265e-2,1.0917756751111894e-2,2.7983629169172613e-2
0xfb9a99,juvix,5.102941800958358,5.079062972416827,5.126820629499889,4.315490653936118e-2,7.418014916614535e-3,5.4935948231755315e-2
0xe31a1c,juvix wasm,3.303786705687647,3.2802567133126104,3.3199672645626683,2.698805354570024e-2,1.4698867000030758e-2,3.736740008852839e-2
0xcab2d6,runtime,3.4344482228959046,3.399709804500162,3.4573353527292356,4.289003599342935e-2,2.526501240347529e-2,5.28555622810067e-2
0x6a3d9a,runtime wasm,3.359166189374946,3.3327432951248284,3.3981323042498843,4.608332612591992e-2,1.5034745114070922e-2,6.091411091318255e-2
