Color,Name,Mean,MeanLB,MeanUB,Stddev,StddevLB,StddevUB
0xa6cee3,ocaml,0.31327202737986226,0.3123304076399654,0.31412444327972483,1.4508120772446526e-3,9.361782931722353e-4,2.2359524603990633e-3
0x1f78b4,ocaml byte,1.1494905337918528,1.1468484053331545,1.1514020198751496,3.2808708134692112e-3,1.6873462884779789e-3,4.022513256767227e-3
0xb2df8a,haskell,3.108911378353696,3.092763482749433,3.1188829083121163,1.8771312559115502e-2,1.6617813376963823e-2,2.034637759863008e-2
0x33a02c,haskell strict,1.6138277050001004,1.6010302508748282,1.6195234015000703,1.2324491139382809e-2,4.481672515560272e-3,1.6400806706750905e-2
0xfb9a99,juvix,2.1886986341046395,2.1758746882087507,2.1970949559377004,1.5220913752855298e-2,1.2471384242208708e-2,1.792186533858053e-2
0xe31a1c,juvix wasm,1.9506057097295677,1.943084999002167,1.9532882204788773,5.244701700116177e-3,1.4188551664725546e-3,6.412785303072191e-3
0xcab2d6,runtime,4.229807267999907,4.1946260624996885,4.273789515499932,5.3812749668442586e-2,1.917385336042378e-2,7.286484752607392e-2
0x6a3d9a,runtime wasm,2.707299997958595,2.6966764413753026,2.7125658283338603,1.0046601931302291e-2,2.1222433513154448e-4,1.226794436280072e-2
