Color,Name,Mean,MeanLB,MeanUB,Stddev,StddevLB,StddevUB
0xa6cee3,ocaml,0.34299765631241524,0.34109859849998736,0.3449710136246722,2.7640998238749963e-3,1.346771503788758e-3,3.836568460141377e-3
0x1f78b4,ocaml byte,1.0885000187497933,1.0544869159998598,1.130144208499928,4.817018249368729e-2,1.875606950011388e-2,5.958976927792672e-2
0xb2df8a,haskell,2.06978677639565,2.0247792703957166,2.1004314329580516,5.009082241945698e-2,2.966504419075604e-2,7.077080286210444e-2
0x33a02c,haskell strict,0.8704385266458227,0.8663100067291982,0.8776599224999018,7.48606503752267e-3,1.4333472432180184e-3,9.534408340871343e-3
0xfb9a99,juvix,1.1164135815207032,1.116018955999607,1.1167113355624565,4.691117790558729e-4,3.900675975736847e-4,5.38571239770219e-4
0xe31a1c,juvix wasm,1.0318754885626429,1.0307513740001468,1.033602491562533,2.0179885279785043e-3,8.143078753164446e-4,2.5082185701913403e-3
0xcab2d6,runtime,1.4446023923750506,1.4429173720000865,1.4474724817501017,2.905797873166216e-3,9.031216018534527e-4,3.8913878683021017e-3
0x6a3d9a,runtime wasm,0.9918825787083657,0.9892101643332959,0.9971240850001095,5.121835974866711e-3,3.0820183352869845e-4,6.0547214928745215e-3
