Color,Name,Mean,MeanLB,MeanUB,Stddev,StddevLB,StddevUB
0xa6cee3,ocaml,1.1892905408123322,1.169677642625023,1.201058381312123,2.3157187068266354e-2,1.82071728186553e-2,2.717666352133918e-2
0x1f78b4,ocaml byte,7.0455231561041005,6.9645931880833505,7.097652634499923,9.879838209836413e-2,6.085669254845258e-2,0.12038787353817082
0xb2df8a,haskell,1.8535415701250788,1.8187035080001501,1.875086307500131,4.0457421395013377e-2,3.613613886281537e-2,4.4318919320674416e-2
0x33a02c,haskell strict,1.7707065279791057,1.7333174795624586,1.7898558687707955,3.528436617739976e-2,1.1960617124827877e-2,4.422350824354417e-2
0xfb9a99,juvix,2.7197163146041134,2.71106076212493,2.7245303589165815,1.0066031053030892e-2,9.015164208335591e-3,1.1117559118776777e-2
0xe31a1c,juvix wasm,0.8399295491875781,0.8338347326251021,0.8512965197499701,1.1548774245446957e-2,3.6440342716226835e-4,1.3710972504865459e-2
0xcab2d6,runtime,2.8953801113750615,2.889143986500244,2.898765244500055,7.508385434743183e-3,6.617147905799527e-3,7.817630083830738e-3
0x6a3d9a,runtime wasm,2.3915430347292577,2.3424197506668256,2.4196527762917035,4.7791592000594046e-2,2.100763644130155e-2,6.491666743171565e-2
