Color,Name,Mean,MeanLB,MeanUB,Stddev,StddevLB,StddevUB
0xa6cee3,ocaml,0.346227441854334,0.342675861166678,0.3482545150418825,3.5446853848421613e-3,9.198577525738163e-4,4.681325001992721e-3
0x1f78b4,ocaml byte,1.0744413783541706,1.0560544322499936,1.0931349878751462,2.6384855279629964e-2,1.0657169370987447e-2,3.528534179429188e-2
0xb2df8a,haskell,1.8559162505624727,1.837880128062693,1.864905072124884,1.7417500275796218e-2,3.715548999934981e-3,2.2971493576069334e-2
0x33a02c,haskell strict,0.9041538955623878,0.8816155306874975,0.9160939154999141,2.2169010087219304e-2,3.1102835773646233e-3,2.7783254705593455e-2
0xfb9a99,juvix,1.121263965749904,1.1193941817498398,1.123133749749968,2.8889979396285975e-3,1.0271102837796009e-3,3.9183079796090495e-3
0xe31a1c,juvix wasm,1.0601922129793404,1.059792787166695,1.0606695358542122,5.647600432046743e-4,2.1435250027934671e-4,6.906408580811596e-4
0xcab2d6,runtime,1.4850374966040552,1.480556425437328,1.4872234427082653,4.3156243786015396e-3,8.74472423147614e-4,5.611531500309435e-3
0x6a3d9a,runtime wasm,0.9935326333334918,0.9924992320002275,0.9944318985001246,1.3553894938750268e-3,7.548016954629157e-4,1.8234672942572128e-3
