Color,Name,Mean,MeanLB,MeanUB,Stddev,StddevLB,StddevUB
0xa6cee3,ocaml,0.27354533034049383,0.264605236740681,0.28080027482028524,1.2545754674613344e-2,1.0543329154175423e-2,1.5524397969877899e-2
0x1f78b4,ocaml byte,1.003595331249926,0.963512694000201,1.0262374152493976,4.640251739310678e-2,4.027972359004503e-2,4.923319952695239e-2
0xb2df8a,haskell,2.9126946187715625,2.8533587653755603,2.9447720601885976,5.7287200066190924e-2,2.9130798788316647e-2,7.407967774815831e-2
0x33a02c,haskell strict,1.3818525406672204,1.368669564417966,1.402057236792113,2.3132700264671097e-2,4.503393492278511e-3,3.0205235669383473e-2
0xfb9a99,juvix,1.9311131039787597,1.8905696597485075,1.9544508525418678,3.969385104205699e-2,1.3893158467700829e-2,5.389622166076107e-2
0xe31a1c,juvix wasm,1.7592951168336033,1.68101949450147,1.7981125221662446,7.523270771225667e-2,1.4798911534240483e-3,9.039096068868473e-2
0xcab2d6,runtime,4.081827494207876,3.999907454666451,4.142971204624246,0.10259843159054577,6.1727242932053415e-2,0.13320372184889812
0x6a3d9a,runtime wasm,2.6088812109584674,2.5634802081670687,2.6516603553333575,5.708482832625074e-2,3.6433003814114275e-2,7.49802652624678e-2
