Color,Name,Mean,MeanLB,MeanUB,Stddev,StddevLB,StddevUB
0xa6cee3,ocaml,1.1962610671458076,1.1735154547082327,1.2384069720834912,4.2810413358861335e-2,4.262486833264689e-3,5.1165272467263434e-2
0x1f78b4,ocaml byte,7.027980672374876,6.921459178249734,7.1138441962500565,0.12838733665529456,8.458368569329562e-2,0.15725127825910748
0xb2df8a,haskell,1.8919090511041645,1.8498589926248314,1.9218372993959179,4.926178923984461e-2,2.7310789936969258e-2,6.911632883047097e-2
0x33a02c,haskell strict,1.8681682973124794,1.8503778718749118,1.89733864556257,3.18869378135315e-2,6.208655374962291e-3,3.784174518774655e-2
0xfb9a99,juvix,1.7444676683334326,1.739285823250043,1.7484385944585104,6.301766046418533e-3,3.969787275992685e-3,7.385691446038276e-3
0xe31a1c,juvix wasm,0.849519366520686,0.8484509747497668,0.8510618272498505,1.8137599457237544e-3,5.741806092636661e-4,2.438778536372991e-3
0xcab2d6,runtime,2.1232917462083,2.117312210500131,2.1264718607499162,5.6891514996769595e-3,2.4200392150000843e-3,7.344159946623972e-3
0x6a3d9a,runtime wasm,2.381299263500182,2.3677405685000394,2.3893113810003115,1.3402369050024697e-2,6.62543506606059e-3,1.850319278191479e-2
