Color,Name,Mean,MeanLB,MeanUB,Stddev,StddevLB,StddevUB
0xa6cee3,ocaml,1.2024742247708484,1.1926094195625296,1.208115736166595,9.794514057183163e-3,3.6098490709935115e-3,1.335903628353857e-2
0x1f78b4,ocaml byte,7.117114001562679,6.977062378312477,7.187222201125375,0.13349768102379012,6.617833024999209e-2,0.16171790862360477
0xb2df8a,haskell,1.912330594812488,1.8899163296250663,1.9402890918123603,3.460494359035566e-2,1.4047076796515151e-2,4.713394572100806e-2
0x33a02c,haskell strict,1.9041781971459006,1.8777400421251969,1.9232876810832142,3.2800004582531773e-2,1.8968036066659723e-2,3.955939847944741e-2
0xfb9a99,juvix,1.7467272384164403,1.7437664594997386,1.7481469928748083,2.8559395880724935e-3,2.9558125027051574e-4,3.558843543386794e-3
0xe31a1c,juvix wasm,0.8494598058125954,0.8480328035000941,0.8504504698750376,1.7915672825884667e-3,1.0076800245172619e-3,2.2878406525099525e-3
0xcab2d6,runtime,2.1367448530418756,2.135566134833425,2.137923571250326,1.8825919720289784e-3,1.0947741838795155e-3,2.6604452441939697e-3
0x6a3d9a,runtime wasm,2.3703632749164094,2.336070185499807,2.3875015224580993,3.233193603493279e-2,1.1338185083180408e-2,3.961741029754493e-2
