Color,Name,Mean,MeanLB,MeanUB,Stddev,StddevLB,StddevUB
0xa6cee3,ocaml,1.170313719708247,1.1465534445000003,1.1827310243749025,2.2878015066400886e-2,7.5639926301631025e-3,3.0560435218411675e-2
0x1f78b4,ocaml byte,7.066735086833243,6.950013302999878,7.125874810749906,0.11024255973526412,4.341193650020614e-2,0.13657734209234187
0xb2df8a,haskell,1.9493738870623172,1.9303632687497156,1.9613867044373214,2.2776534396377487e-2,1.659723524125279e-2,2.774241338073796e-2
0x33a02c,haskell strict,1.8862228023124128,1.8568743887497021,1.9022337030626773,2.8409094359863628e-2,9.047004961675025e-3,3.84121314222764e-2
0xfb9a99,juvix,1.7363525972498148,1.7323068238748647,1.7407802654997038,5.833587200242872e-3,2.6601878322100535e-3,7.769135836515319e-3
0xe31a1c,juvix wasm,0.847593139458335,0.8472372683749541,0.848191312375036,6.256407326431301e-4,1.3001572038052664e-4,8.196035555306205e-4
0xcab2d6,runtime,2.10837841125012,2.1031853047500704,2.111025404750137,5.136050787514986e-3,3.245715148353523e-3,6.1129696391129485e-3
0x6a3d9a,runtime wasm,2.3701489411456955,2.3535358787915657,2.379140591812302,1.9248419589485963e-2,1.707743651135726e-2,2.0765327731296745e-2
