Color,Name,Mean,MeanLB,MeanUB,Stddev,StddevLB,StddevUB
0xa6cee3,ocaml,0.346486178729189,0.3441432856876645,0.34797869118744984,2.5498209483690113e-3,1.0507278516590024e-3,3.446809878183049e-3
0x1f78b4,ocaml byte,1.06189478137505,1.0543948435000061,1.065060285875082,7.5263782209983015e-3,2.64886726265183e-3,1.0221512222902233e-2
0xb2df8a,haskell,1.8679494163542358,1.8559002143125554,1.8881491889167137,2.1567075301355383e-2,3.803191374800008e-3,2.6673450993094844e-2
0x33a02c,haskell strict,0.8813556651456717,0.8441082741871924,0.9000414156248553,3.606197609418418e-2,1.1907176355828143e-2,4.843508985637269e-2
0xfb9a99,juvix,1.1224993277501387,1.121266232125284,1.1248498876249375,2.3740706061063676e-3,1.6236924996826385e-4,2.808500066912499e-3
0xe31a1c,juvix wasm,1.0645524647293125,1.0612746574583602,1.0678302720002648,5.110153924926396e-3,1.779631046948265e-3,6.923652747991803e-3
0xcab2d6,runtime,1.5102489209998566,1.505019403499773,1.5136034894999284,6.49068073513649e-3,3.749898000023677e-3,7.747044106125888e-3
0x6a3d9a,runtime wasm,1.0023495995206986,1.000848540999641,1.0033992599583144,1.8614148680841612e-3,9.357298640316429e-4,2.424086944860695e-3
