Color,Name,Mean,MeanLB,MeanUB,Stddev,StddevLB,StddevUB
0xa6cee3,ocaml,1.828662523541425,1.7858587120413176,1.8963488545000473,7.560172122985757e-2,1.6647938749883906e-2,9.88511683677157e-2
0x1f78b4,ocaml byte,7.20194218006255,6.7081565621875825,7.431863984125053,0.46995402039812856,9.821916124989594e-2,0.6093673757361081
0xb2df8a,haskell,2.430143645500342,2.371682198999906,2.496295605501018,8.650980521549811e-2,4.360340515256614e-2,0.11370509233407099
0x33a02c,haskell strict,2.3731091931042556,2.3174935267916226,2.4005846419793215,5.291590889296662e-2,2.4908747166591638e-2,6.42286143281069e-2
0xfb9a99,juvix,4.002349219416828,3.9576021427501473,4.074489570749847,7.759788612117323e-2,4.853000633430138e-3,9.254727433882419e-2
0xe31a1c,juvix wasm,1.5573479416043863,1.4994743269173039,1.5892484923749635,6.303093927056182e-2,3.300731401626028e-2,8.703938379890887e-2
0xcab2d6,runtime,3.853165442146102,3.7940612481664475,3.9552098945843377,0.10704554346291566,1.2678852489880169e-2,0.13265644440910165
0x6a3d9a,runtime wasm,3.929670424957976,3.9059098038742377,3.9410923584996453,2.294621492666745e-2,2.837785499443503e-3,2.8855294707339926e-2
