Color,Name,Mean,MeanLB,MeanUB,Stddev,StddevLB,StddevUB
0xa6cee3,ocaml,1.1789604853331828,1.1542758403330329,1.191742736249978,2.3735294157066756e-2,5.421745689455731e-3,3.1214245716101638e-2
0x1f78b4,ocaml byte,7.054308070479237,6.902610158666448,7.128236724416865,0.14392353203594682,3.191624654164116e-2,0.17527790096708626
0xb2df8a,haskell,1.8692904351041382,1.8284717668331418,1.9032408456877192,5.0757811030818764e-2,3.200002500893837e-2,6.576480219437579e-2
0x33a02c,haskell strict,1.7727488172084804,1.72496403512514,1.7938892007084632,4.598967149136503e-2,1.9269588361580832e-2,6.1532602777988644e-2
0xfb9a99,juvix,3.7608236753959168,3.737373784875217,3.79343625825004,3.692778684036183e-2,7.590556635172375e-3,4.8217283215968514e-2
0xe31a1c,juvix wasm,2.5516507396874126,2.532326347999856,2.5743007910000415,2.766755440640359e-2,1.747867262046937e-2,3.245151037405866e-2
0xcab2d6,runtime,2.9035254612082517,2.8934766189997845,2.913574303416719,1.4842410685721315e-2,8.020198910884048e-3,2.078536852185312e-2
0x6a3d9a,runtime wasm,2.410330448708256,2.3722288733749224,2.4290029665835013,3.7516211156742515e-2,2.901095166559342e-3,4.567085762585552e-2
