Color,Name,Mean,MeanLB,MeanUB,Stddev,StddevLB,StddevUB
0xa6cee3,ocaml,0.2687819173097644,0.26860877600011007,0.26898094519947335,2.6894572280334813e-4,1.7921096088612277e-4,3.3824891275078243e-4
0x1f78b4,ocaml byte,0.9721529361872095,0.9708031236248946,0.9735027487495245,1.9069023795716972e-3,8.003237129141935e-4,2.5708108443463604e-3
0xb2df8a,haskell,2.637394748395915,2.6356129567500375,2.6382783533126712,1.702983536367808e-3,8.679978114217319e-4,2.0742733993637944e-3
0x33a02c,haskell strict,1.23179835975039,1.2313446110000918,1.2325130940008648,7.822069020481874e-4,1.4051300005724077e-4,1.0076655912632181e-3
0xfb9a99,juvix,1.8192120177293418,1.8176720901251429,1.8203051532918835,1.9296833530979365e-3,1.3109372183286922e-3,2.524488445176692e-3
0xe31a1c,juvix wasm,1.5501206140624315,1.5482828172490979,1.5510958380629443,1.8036456355362408e-3,9.658631248991023e-4,2.2521833568648875e-3
0xcab2d6,runtime,3.578401549833302,3.5724196859167705,3.586977468083205,1.0220301560567899e-2,3.4505658241483737e-3,1.381452296986054e-2
0x6a3d9a,runtime wasm,2.223649813271057,2.2195265491670098,2.225882260562571,4.770117083070682e-3,4.184752202522996e-3,5.048808447896389e-3
