Color,Name,Mean,MeanLB,MeanUB,Stddev,StddevLB,StddevUB
0xa6cee3,ocaml,2.3594528131878483,2.3510601376874547,2.3649901866882224,9.056949930943123e-3,5.252604419737695e-3,1.278801632417792e-2
0x1f78b4,ocaml byte,6.369477007250301,6.353803301750379,6.396139902500029,2.7413220614929464e-2,2.1240774154086123e-4,3.269727928536833e-2
0xb2df8a,haskell,2.0681710464374796,2.053753690812755,2.085652942437264,2.079428380040503e-2,7.568543499776981e-3,2.542624414551331e-2
0x33a02c,haskell strict,2.0739217042087525,2.0697184413750165,2.0786846115844733,6.181758633240157e-3,2.7555397804386286e-3,8.186890134078263e-3
0xfb9a99,juvix,3.309931169666887,3.301616583251075,3.314072907083111,7.85705920764375e-3,2.2114343332002573e-3,9.636781972798214e-3
0xe31a1c,juvix wasm,1.301891315812706,1.3013770398752058,1.302405591750206,8.187443807552644e-4,4.427287036746717e-4,1.152859801591056e-3
0xcab2d6,runtime,3.340430901083247,3.3381392382498234,3.3430723888751572,3.1909039604424124e-3,1.8948193200624608e-4,3.894587469008707e-3
0x6a3d9a,runtime wasm,3.3337065276671183,3.3239155921678503,3.3395468699168305,1.0026175034852869e-2,3.2408672338824105e-3,1.3487692680123519e-2
