Color,Name,Mean,MeanLB,MeanUB,Stddev,StddevLB,StddevUB
0xa6cee3,ocaml,0.35143200062490604,0.3464318359998515,0.359744426375111,8.983295733925777e-3,2.3768774996521247e-3,1.1162897425192997e-2
0x1f78b4,ocaml byte,1.1482611944375283,1.1213208008751963,1.1752015879998603,4.1485551381884964e-2,2.1047884314018377e-2,5.7952938828837716e-2
0xb2df8a,haskell,1.848770985999958,1.8381461398749934,1.8599175282498286,1.475285943150772e-2,7.627290249334693e-3,1.9762972800982728e-2
0x33a02c,haskell strict,0.8968321036249071,0.8748087382501429,0.9194463177497028,2.9896300096376657e-2,1.3128403749874451e-2,3.7065915571810375e-2
0xfb9a99,juvix,1.1191180321876761,1.1190247255000636,1.1191748856251327,1.1148084098685695e-4,8.418517516148267e-5,1.3129738967955295e-4
0xe31a1c,juvix wasm,1.062008516374874,1.0617692552498283,1.0622213073748412,3.514644752321754e-4,2.0173121479703066e-4,4.914197644487307e-4
0xcab2d6,runtime,1.4667585751249892,1.4647669364998515,1.468952619000106,3.043920410396738e-3,1.5444887579232262e-3,4.251799062967828e-3
0x6a3d9a,runtime wasm,0.9927492127918262,0.9916800911253176,0.9942053680001663,1.85242797747317e-3,7.736208885968055e-4,2.4690307278205604e-3
