Color,Name,Mean,MeanLB,MeanUB,Stddev,StddevLB,StddevUB
0xa6cee3,ocaml,0.34539864352099886,0.34489760531261027,0.3459914872502168,7.183535046588995e-4,2.72821791706207e-4,8.770856384238025e-4
0x1f78b4,ocaml byte,1.0493114406665427,1.0482494560417308,1.0498264765833483,1.021820392404217e-3,2.3307255125868428e-4,1.342810493650113e-3
0xb2df8a,haskell,2.1121409984584147,2.089343703250165,2.1237513607916867,2.1506735046663648e-2,7.8008610073986955e-3,2.6812983274014608e-2
0x33a02c,haskell strict,0.8640915079168204,0.8415112540001246,0.8766495035001753,2.2252275164929707e-2,5.105914500063591e-3,2.9021332465419866e-2
0xfb9a99,juvix,1.1168570517500787,1.1165902342501113,1.1170271127500655,2.7987221523524913e-4,1.6928949124530413e-4,3.9273905648411477e-4
0xe31a1c,juvix wasm,0.9996490172499458,0.9993175647499204,0.9999804697499712,5.199838720806224e-4,2.908354149759767e-4,7.327319696212947e-4
0xcab2d6,runtime,1.469441106271006,1.4657433616666822,1.4722862717085263,4.850573914140671e-3,2.982934968645756e-3,6.5706281249655425e-3
0x6a3d9a,runtime wasm,0.9902113891041798,0.9896385324582677,0.9905951230417335,7.066436126076089e-4,4.367601863225968e-4,8.861955685751635e-4
