Color,Name,Mean,MeanLB,MeanUB,Stddev,StddevLB,StddevUB
0xa6cee3,ocaml,0.2697527376163938,0.269419494866573,0.27008765109949306,5.211842281989964e-4,3.6823758818583716e-4,6.741226314977907e-4
0x1f78b4,ocaml byte,0.9408533643335583,0.9402825370836277,0.9415131005002877,8.503243934385682e-4,4.2714700020951563e-4,1.1110743165595985e-3
0xb2df8a,haskell,2.6187046126874143,2.612511558250238,2.6218534186249753,6.002075714705622e-3,1.3009310930053638e-3,7.80158883932207e-3
0x33a02c,haskell strict,1.212534186958275,1.21101559012493,1.213363293666665,1.489167691073098e-3,3.643761668475909e-4,1.963897259060288e-3
0xfb9a99,juvix,1.7681081164580899,1.7670341906662848,1.768738112083194,1.2498280274397756e-3,1.1007875002633227e-3,1.3928781165317517e-3
0xe31a1c,juvix wasm,1.4296719744168058,1.4295126888753202,1.4298494532499717,2.576007937623149e-4,7.803985842327324e-5,3.318299499918488e-4
0xcab2d6,runtime,3.6493587028537604,3.646792237854015,3.650951870311701,2.8766635656254096e-3,1.5796606900035832e-3,4.022578736539476e-3
0x6a3d9a,runtime wasm,2.34107276285431,2.3392166368748804,2.3429288888337396,2.9175092111853635e-3,1.4013705329875136e-3,4.067268968093574e-3
