Color,Name,Mean,MeanLB,MeanUB,Stddev,StddevLB,StddevUB
0xa6cee3,ocaml,0.34724430939568646,0.34677494812478926,0.3476136821876139,5.597761948889077e-4,3.058081505206253e-4,7.8250259426422e-4
0x1f78b4,ocaml byte,1.0523862329582319,1.0500181288330925,1.0559465219998856,4.24134657972566e-3,1.686989416536222e-3,5.182791269387688e-3
0xb2df8a,haskell,2.125132262020865,2.1071031100830546,2.1422306234379107,2.4525256959875674e-2,1.5702431181070734e-2,3.170294702720139e-2
0x33a02c,haskell strict,0.8735326616666915,0.8596747725416852,0.8829391309166871,1.5636918208859242e-2,8.335046675046483e-3,2.172331021443548e-2
0xfb9a99,juvix,1.1165151266039288,1.1163307848123054,1.1166103853748837,1.8461315424007295e-4,9.117712403735637e-5,2.565172057363795e-4
0xe31a1c,juvix wasm,0.9991096310001429,0.9981613455001556,1.000579633125085,1.6892729730679512e-3,7.26613521538075e-4,2.1899715547453263e-3
0xcab2d6,runtime,1.4423000974794036,1.438631914750431,1.4446001880626795,4.319174353149993e-3,3.766000349098701e-3,4.976891677848375e-3
0x6a3d9a,runtime wasm,0.988950712166646,0.9882417019998684,0.9896693504999803,9.656626959125907e-4,5.052603334358419e-4,1.189084056293467e-3
