Color,Name,Mean,MeanLB,MeanUB,Stddev,StddevLB,StddevUB
0xa6cee3,ocaml,0.34567684377079405,0.34406011158337907,0.34749007654162745,2.3979644068531716e-3,1.1591373021696486e-3,3.156805057915738e-3
0x1f78b4,ocaml byte,1.0572765244793534,1.0510492215003069,1.0637801367502107,8.836158812125286e-3,4.103125385297452e-3,1.2116665154643519e-2
0xb2df8a,haskell,1.891083238624996,1.8761468464999023,1.8983806781250603,1.424225911970616e-2,6.949983520536525e-3,1.764140541755046e-2
0x33a02c,haskell strict,0.9019276272916462,0.8874553492501036,0.9144771305000177,1.7192578357406195e-2,1.471224595945944e-2,2.0729079564288985e-2
0xfb9a99,juvix,1.1210130300000098,1.1205643624999388,1.1214472227501726,5.658871266970898e-4,3.0877483309925256e-4,6.807975811824197e-4
0xe31a1c,juvix wasm,1.064456848770779,1.0629462920834005,1.065528210333203,1.8721488739729222e-3,1.044474522737848e-3,2.474203545859761e-3
0xcab2d6,runtime,1.4905894074790542,1.488478306708354,1.4921874828124828,2.663706229807024e-3,1.670383362351273e-3,3.5075615122824914e-3
0x6a3d9a,runtime wasm,1.0001309278543242,0.997907356687449,1.0011883139378028,2.103936379368241e-3,2.5126052756037115e-4,2.6931890872955136e-3
