Color,Name,Mean,MeanLB,MeanUB,Stddev,StddevLB,StddevUB
0xa6cee3,ocaml,1.985228932645062,1.9651045485828338,2.0056522932911016,2.88604443489972e-2,1.1624565513644842e-2,3.860431920232789e-2
0x1f78b4,ocaml byte,7.7728895167084975,7.432672162999552,8.071256537000409,0.41885946536105845,0.24926878999532184,0.5055000520249083
0xb2df8a,haskell,2.611119149208662,2.5965164696249303,2.6186074567922333,1.4176152367932328e-2,6.411671250134532e-3,1.729350559659875e-2
0x33a02c,haskell strict,2.5117841237288303,2.484367040437064,2.553733106915388,5.0577502052669206e-2,2.197842912391934e-2,6.222240355831127e-2
0xfb9a99,juvix,6.153526396541944,6.129163835626059,6.166264984999316,2.3596637297569795e-2,9.083064725772352e-3,3.194270760230007e-2
0xe31a1c,juvix wasm,5.166449660708547,5.126712817833929,5.185390469208339,3.7617836100654174e-2,9.85646933319595e-3,4.8026384177528775e-2
0xcab2d6,runtime,4.053320388666634,4.02014710491585,4.075624644417076,3.656610955559754e-2,2.0765826193238874e-2,5.150947224636634e-2
0x6a3d9a,runtime wasm,4.272622688103563,4.202730994979372,4.306270603415366,6.623258795702948e-2,1.5534302165784997e-2,8.370141950572395e-2
