Color,Name,Mean,MeanLB,MeanUB,Stddev,StddevLB,StddevUB
0xa6cee3,ocaml,0.34190747479165867,0.3365106273751053,0.3504168987500407,9.063587809376786e-3,1.5228472498165502e-3,1.1203567228816476e-2
0x1f78b4,ocaml byte,1.2684716256041308,1.252985646875004,1.279450167020817,1.94074895640617e-2,1.2079277236358208e-2,2.5353855368932535e-2
0xb2df8a,haskell,2.022248919750041,2.0000894067500212,2.050788682625239,3.337035438234098e-2,1.2110570499004592e-2,4.3993403177048945e-2
0x33a02c,haskell strict,0.9545738253124417,0.9476972197498981,0.9633309419374996,1.0721642799449092e-2,3.8217121530514653e-3,1.4566255874082591e-2
0xfb9a99,juvix,1.1151067606667955,1.1106551781667993,1.117302814416765,4.292390024031641e-3,5.297151665976108e-4,5.1411621650538945e-3
0xe31a1c,juvix wasm,1.0601640945833612,1.0590742151667123,1.0608086980000166,1.2801568020861542e-3,1.0948301505592582e-3,1.444808463824095e-3
0xcab2d6,runtime,1.4622765186667834,1.4608877530835116,1.4647168614999941,2.592288161581691e-3,6.197690710252547e-4,3.2072167333731232e-3
0x6a3d9a,runtime wasm,0.9890046123331521,0.9842082994583924,0.9912914935831244,4.552898750193204e-3,1.1445075156810815e-3,5.795284096335722e-3
