Color,Name,Mean,MeanLB,MeanUB,Stddev,StddevLB,StddevUB
0xa6cee3,ocaml,0.3442524497916679,0.3424853055000767,0.34675949962519326,2.7452880991466933e-3,1.345985343861487e-4,3.3589241149449152e-3
0x1f78b4,ocaml byte,1.2388016280415854,1.2260934892498199,1.2499595547499212,1.5634175318915255e-2,9.146559083433202e-3,1.8786652711341972e-2
0xb2df8a,haskell,1.9929747653750192,1.975298458750217,2.001808053875019,1.737841620538661e-2,1.0501047499549276e-3,2.101711903627979e-2
0x33a02c,haskell strict,0.9644288271458473,0.9565268486250034,0.9698969785001736,9.285465164419218e-3,7.848075374909058e-3,1.0845165743103992e-2
0xfb9a99,juvix,1.1185149856666878,1.1182487072501317,1.1187887430000956,3.5498981454137375e-4,2.3898740601331723e-4,4.762206336817874e-4
0xe31a1c,juvix wasm,1.012548755104073,0.9997756280208325,1.0379691889165013,2.5462669661969622e-2,1.2479943892791667e-4,2.9498273439608536e-2
0xcab2d6,runtime,1.4779674201251016,1.4722881458750976,1.48540949112504,8.956041180701176e-3,3.7519677966863906e-3,1.1632455244373464e-2
0x6a3d9a,runtime wasm,0.9908490198126098,0.9899850467500452,0.9914810341250965,1.0898248182906647e-3,7.25499399900274e-4,1.45957453378361e-3
