Color,Name,Mean,MeanLB,MeanUB,Stddev,StddevLB,StddevUB
0xa6cee3,ocaml,0.33758833233323077,0.3345392840831967,0.3424142854999559,5.095613848375134e-3,2.2030793450336424e-3,7.041475311717259e-3
0x1f78b4,ocaml byte,1.2757473426460326,1.259892353229342,1.296868627583611,2.6686486011474338e-2,1.1326485003293878e-2,3.661552963089985e-2
0xb2df8a,haskell,2.0309189585415575,2.002714185874993,2.0741066577497804,4.813931899896234e-2,1.209353604367528e-2,6.1710174166239654e-2
0x33a02c,haskell strict,0.9532541191457918,0.94186684112492,0.9622702965832938,1.5259519183507314e-2,9.964491899284925e-3,2.0821969882412694e-2
0xfb9a99,juvix,1.1286579109375339,1.1281757327500372,1.1294599776875316,8.662387274407144e-4,2.2798562520165433e-4,1.0581011128767363e-3
0xe31a1c,juvix wasm,1.0049214541457256,1.0043164084997898,1.005430801999978,7.594221958400855e-4,4.4439574910001226e-4,9.824251841229208e-4
0xcab2d6,runtime,2.1133132111665986,2.1124728597499143,2.114153562583283,1.2726049454149044e-3,5.196750628549204e-4,1.7481791833527185e-3
0x6a3d9a,runtime wasm,1.0144753930832924,1.0095640854999601,1.0198808654998857,6.871802981303607e-3,3.3143403737334147e-3,9.183695572869266e-3
