Color,Name,Mean,MeanLB,MeanUB,Stddev,StddevLB,StddevUB
0xa6cee3,ocaml,1.1677221845625165,1.1551443861877146,1.1733851911248319,1.240400746003655e-2,4.799370072429587e-3,1.6934890057233972e-2
0x1f78b4,ocaml byte,7.00593870985432,6.947241095375034,7.034623288187788,5.5517502892028905e-2,1.4377313250179213e-2,6.781287533477429e-2
0xb2df8a,haskell,1.8988379082291544,1.8393702568332628,1.9399980327500543,6.967828742606057e-2,6.14042264157348e-2,7.887685322882407e-2
0x33a02c,haskell strict,1.940882614458398,1.9138238956669134,1.9570704925833222,3.2043603110060964e-2,2.580204708283654e-2,3.7384303172135556e-2
0xfb9a99,juvix,1.7900333401666824,1.782755003250145,1.799588730249809,1.134830644553898e-2,3.6340095055360094e-3,1.5217736618597853e-2
0xe31a1c,juvix wasm,0.8647300509376427,0.8632009378751491,0.8658978191876372,1.8400836686159685e-3,1.2566541248689449e-3,2.275911874323348e-3
0xcab2d6,runtime,2.168568400458431,2.1598963263750193,2.1729522448750913,8.441289210696402e-3,7.01703250342689e-4,1.0014865834946004e-2
0x6a3d9a,runtime wasm,2.3908581616041906,2.366460296000014,2.4028365294375362,2.3819668432695965e-2,1.5480909999041614e-3,2.818143685201195e-2
