Color,Name,Mean,MeanLB,MeanUB,Stddev,StddevLB,StddevUB
0xa6cee3,ocaml,1.9420959208335187,1.9390364130835376,1.9449805568333811,3.968721078863066e-3,2.1562530000664992e-3,4.8674973215342586e-3
0x1f78b4,ocaml byte,5.913766685874937,5.907714843749621,5.919820777250152,7.538828030730067e-3,4.325134579645563e-3,8.988823787583238e-3
0xb2df8a,haskell,2.3174939710416993,2.3163243412501515,2.3180987667499267,1.1365512698527289e-3,2.2490891660709167e-4,1.4804233735508814e-3
0x33a02c,haskell strict,2.1394492232290836,2.138508670749843,2.140034442499882,1.0963563369335728e-3,9.655086248585576e-4,1.2331896715281506e-3
0xfb9a99,juvix,5.329226971437474,5.327466718874916,5.3308737419376,2.7035120982092497e-3,1.4452317994242522e-3,3.8030535661645183e-3
0xe31a1c,juvix wasm,4.190751995708429,4.187430228958438,4.194699949000096,5.241583988057709e-3,2.1553487251538325e-3,6.962058857613893e-3
0xcab2d6,runtime,3.3484777375832095,3.3448146921664375,3.35070517308327,4.316720021596968e-3,3.6320317739894905e-3,4.93496031583509e-3
0x6a3d9a,runtime wasm,3.2252082483542117,3.2212230376665807,3.2301445583749455,6.173834595655758e-3,2.8373686049290216e-3,7.871207033830407e-3
