Color,Name,Mean,MeanLB,MeanUB,Stddev,StddevLB,StddevUB
0xa6cee3,ocaml,1.1699682733540346,1.1480683528331306,1.1854500190416577,2.7390401754671737e-2,1.73146643162387e-2,3.575356016109801e-2
0x1f78b4,ocaml byte,7.008769134833263,6.904458356249961,7.103965081374895,0.12425560315553559,9.488483348544323e-2,0.1498174596646185
0xb2df8a,haskell,1.9118930211666338,1.8624082025833104,1.9451455460415445,5.841523134732512e-2,4.9753597898280426e-2,6.874558845473559e-2
0x33a02c,haskell strict,1.8204804265208168,1.7913699448749867,1.8495909081666468,3.998489438397724e-2,2.368915285530838e-2,5.5161822283751924e-2
0xfb9a99,juvix,1.789123563979236,1.7862808515001234,1.793262409812428,4.878898077371415e-3,2.152614751534714e-3,6.145842038740141e-3
0xe31a1c,juvix wasm,0.9022032838124877,0.8974950429375024,0.9110688563125109,9.062865853398817e-3,9.811251248947883e-4,1.0803983632751778e-2
0xcab2d6,runtime,2.1113537857501306,2.102146521000236,2.120561050500025,1.25100977581613e-2,7.889598554707014e-3,1.7216160674663965e-2
0x6a3d9a,runtime wasm,2.3837171639166477,2.3720556449998185,2.3910600145001126,1.3670046815480908e-2,1.1969070307451157e-2,1.5651037803668947e-2
