Color,Name,Mean,MeanLB,MeanUB,Stddev,StddevLB,StddevUB
0xa6cee3,ocaml,0.34844891475008427,0.34449082537520326,0.35047743712510737,3.784720688734473e-3,1.9056545747834868e-3,4.684671757107033e-3
0x1f78b4,ocaml byte,1.2483777317916445,1.2342540063750675,1.2584544636249575,1.6853398851387043e-2,1.0014653101689745e-2,2.327121534605994e-2
0xb2df8a,haskell,1.9919735250208153,1.981587698166701,1.9991333001249814,1.313353187025693e-2,7.083494851208995e-3,1.6534792334909783e-2
0x33a02c,haskell strict,0.9656578011249621,0.9454289831248843,0.9759659496249924,1.908412720098815e-2,6.611762750026173e-3,2.33667957475596e-2
0xfb9a99,juvix,1.1296373180206842,1.128077847041709,1.1322388978333038,2.7445118447974007e-3,2.7705970830993465e-4,3.4164590557510623e-3
0xe31a1c,juvix wasm,1.0001025985625727,0.9879479816250221,1.0062838954376427,1.2059465024284398e-2,4.6037294372494944e-4,1.42750936590508e-2
0xcab2d6,runtime,2.1143866280832335,2.113114067624906,2.115289700999881,1.5243495879801508e-3,8.751607112634493e-4,2.0855575660968873e-3
0x6a3d9a,runtime wasm,1.0087849146874532,1.0077262459999474,1.0094952613125088,1.26311528830577e-3,9.413130210299162e-4,1.5360737331599058e-3
