Color,Name,Mean,MeanLB,MeanUB,Stddev,StddevLB,StddevUB
0xa6cee3,ocaml,0.34506255827072135,0.34088721381249343,0.3471043269372558,4.0437079943148645e-3,3.8747637472624774e-4,4.823602863878732e-3
0x1f78b4,ocaml byte,1.0834845685625585,1.0491948294999625,1.1019099560625705,3.9720961463030995e-2,3.464820516345565e-2,4.2551609732220226e-2
0xb2df8a,haskell,1.857401283416588,1.8479197192499441,1.8634779662082415,1.1386598062289022e-2,7.8356300364542e-3,1.4033497782164122e-2
0x33a02c,haskell strict,0.8991945031249505,0.8889956967498165,0.9065142740000169,1.2471886678534107e-2,8.241788018047319e-3,1.6904286740503965e-2
0xfb9a99,juvix,1.119398593770806,1.1192037908333912,1.1195318360207505,2.2661719974801644e-4,1.231213749406379e-4,3.0770979549152484e-4
0xe31a1c,juvix wasm,1.061218946666732,1.0605451824167933,1.0618272946250613,8.970908057171535e-4,4.8268736069685046e-4,1.214511428119006e-3
0xcab2d6,runtime,1.4758858132916544,1.472394537124842,1.4776017592917015,3.2954230141201864e-3,1.3714185856152387e-4,4.032544644343273e-3
0x6a3d9a,runtime wasm,0.9901406759582491,0.9892713282496288,0.9907109207917226,1.002825040399413e-3,5.113480536530272e-4,1.3169240324397613e-3
