Color,Name,Mean,MeanLB,MeanUB,Stddev,StddevLB,StddevUB
0xa6cee3,ocaml,1.1770840995624023,1.1568249845000387,1.1917091057497373,2.4017355465104463e-2,1.9682748165099673e-2,2.800487421485084e-2
0x1f78b4,ocaml byte,7.012226708062447,6.973626952187487,7.029525781812481,3.6988713343239665e-2,1.465909346126864e-2,4.9191818234995154e-2
0xb2df8a,haskell,2.2430723943958433,2.202833789624947,2.2716155292500844,4.743554989499979e-2,4.042473350912224e-2,5.3884698951032595e-2
0x33a02c,haskell strict,2.0403329366457874,1.9940863196248984,2.0715897205000147,5.5721727364274304e-2,3.8506916114667646e-2,6.924672579434203e-2
0xfb9a99,juvix,1.7188190808958932,1.7149973041252906,1.725368906875019,6.888618523185305e-3,8.534102434504974e-4,8.560442781501632e-3
0xe31a1c,juvix wasm,0.8448223660415314,0.84419019749987,0.8452804126247884,7.849703496988052e-4,4.5155775294764466e-4,9.662363788650808e-4
0xcab2d6,runtime,2.0930476614166196,2.0872889589999204,2.097231353249981,7.1524293115820805e-3,4.260211334697235e-3,9.661822424790887e-3
0x6a3d9a,runtime wasm,2.3903974724999557,2.3780596604999005,2.3962597483749732,1.1800432343152836e-2,1.7849317498530581e-3,1.4954610099750664e-2
