Color,Name,Mean,MeanLB,MeanUB,Stddev,StddevLB,StddevUB
0xa6cee3,ocaml,1.2084395432500703,1.1989397119998935,1.2179393745002471,1.570796964684915e-2,7.067340153348492e-3,2.1862680837676726e-2
0x1f78b4,ocaml byte,7.080023727208148,7.019872409416545,7.147852358582971,8.672944896551167e-2,3.549096827330701e-2,0.11758547542387557
0xb2df8a,haskell,2.258575467208402,2.17486725545848,2.3005545491666908,8.090670668884857e-2,2.004412563889063e-2,0.10667997999384482
0x33a02c,haskell strict,1.930839468458089,1.8614595485828431,1.9777256648332013,7.781563776948106e-2,4.498744700026691e-2,0.10827903239379515
0xfb9a99,juvix,1.7044415161457778,1.7018720699998084,1.7080885992707522,4.137718601900082e-3,1.836649200519529e-3,5.333282493636308e-3
0xe31a1c,juvix wasm,0.8496130092291688,0.8473344361249247,0.851891582333413,3.7022419091948732e-3,1.1050485597286761e-3,4.940509036778046e-3
0xcab2d6,runtime,2.099744866229173,2.0960350364166516,2.10564257743755,6.564397559011166e-3,1.4672355000584503e-3,7.812771250608828e-3
0x6a3d9a,runtime wasm,2.398323623979176,2.3930335000000014,2.4036137479583504,7.548359588414626e-3,4.178910060949535e-3,1.0430722117214051e-2
