Color,Name,Mean,MeanLB,MeanUB,Stddev,StddevLB,StddevUB
0xa6cee3,ocaml,0.2696447637198617,0.26911309511970105,0.2706955848000689,1.0990014629679243e-3,2.2092772805360796e-4,1.4448347237614957e-3
0x1f78b4,ocaml byte,0.9729385083538015,0.9723863659996823,0.9732499180412711,5.435552474791249e-4,2.625299994178931e-4,7.19169867555501e-4
0xb2df8a,haskell,2.5930252178749242,2.5921899517497877,2.5946784098752005,1.659056641563539e-3,1.5107749959497596e-5,1.9289644887701665e-3
0x33a02c,haskell strict,1.2581915480622001,1.2537932364998596,1.2605572024995126,4.312310811836275e-3,1.5843013815508037e-3,5.847310572568909e-3
0xfb9a99,juvix,1.0611341954998277,1.0595684882498517,1.0619024457497896,1.5272275250618422e-3,6.745010001863328e-5,1.8085520031687573e-3
0xe31a1c,juvix wasm,1.667782408000183,1.6649444277502425,1.6692958665001545,2.741956245644445e-3,1.4414496985110147e-3,3.4951826894633075e-3
0xcab2d6,runtime,3.2519650826252096,3.239017664125072,3.2596259280003324,1.4015102594961163e-2,7.41298029184342e-3,1.9621797959114635e-2
0x6a3d9a,runtime wasm,1.7364402991872037,1.7334421617497355,1.7380229854370555,2.858891377461589e-3,1.3116651744796578e-3,3.655057329578766e-3
