Color,Name,Mean,MeanLB,MeanUB,Stddev,StddevLB,StddevUB
0xa6cee3,ocaml,1.1776315401249537,1.1592958059997422,1.1927533844999705,2.262369428895675e-2,1.583189554133592e-2,2.8941817284676707e-2
0x1f78b4,ocaml byte,6.98466789054163,6.908977839333488,7.039110615874904,9.60545241286783e-2,4.906859725365741e-2,0.12573008850633088
0xb2df8a,haskell,1.857147687583468,1.8146237256666304,1.8850346837502912,5.206390021378402e-2,3.380262446356081e-2,6.440225897522141e-2
0x33a02c,haskell strict,1.7934706947084085,1.7621251811248726,1.839820640083379,5.912818533426135e-2,3.0524952504962042e-2,7.17084228269607e-2
0xfb9a99,juvix,2.732597575958323,2.7240145081668743,2.7411806437497717,1.3271922954936914e-2,7.669964291342235e-3,1.8706504657732763e-2
0xe31a1c,juvix wasm,0.8342748751667273,0.8306690370416163,0.8391081088753367,6.065366275365713e-3,2.4746864376955216e-3,8.327326448748089e-3
0xcab2d6,runtime,2.8773235512290776,2.87081192104146,2.8821949886041502,8.314727208595381e-3,5.28598210517289e-3,1.1250102719354449e-2
0x6a3d9a,runtime wasm,2.401822472437402,2.3840394714374042,2.410380936562319,1.6825487501640368e-2,6.164958374711205e-3,2.130315539191048e-2
