Color,Name,Mean,MeanLB,MeanUB,Stddev,StddevLB,StddevUB
0xa6cee3,ocaml,0.31666359743672123,0.3164102232335305,0.3169865293700423,4.413215098736515e-4,2.2631926796797366e-4,6.590990636078813e-4
0x1f78b4,ocaml byte,1.0049965304788582,1.0030918220624017,1.0067702001244925,2.3789469942335803e-3,1.409455064886896e-3,3.2565495813124297e-3
0xb2df8a,haskell,2.736400566729382,2.7358257263334353,2.7369754071253283,8.310617413540199e-4,3.873376608197513e-4,1.1467232900296326e-3
0x33a02c,haskell strict,1.334167002228772,1.3325265370411519,1.3358785701660356,2.1426293439805065e-3,1.0462416253176343e-3,2.5964178151011317e-3
0xfb9a99,juvix,1.7478319612706248,1.7444834006241763,1.7495027711042135,3.187828021288843e-3,1.6029505002353606e-5,3.8666013943911164e-3
0xe31a1c,juvix wasm,1.4964645566040342,1.432258147978511,1.624861511938093,0.12725915686647743,3.6631528170627536e-5,0.1482600357131892
0xcab2d6,runtime,3.3780103263126953,3.353145956124915,3.4028746965004757,3.3455459636341195e-2,1.3579575500746843e-2,4.1741460142908325e-2
0x6a3d9a,runtime wasm,2.0798252557287547,2.0735354291248314,2.0869387774987445,9.156435684528928e-3,4.324295175860802e-3,1.247715939046977e-2
