Color,Name,Mean,MeanLB,MeanUB,Stddev,StddevLB,StddevUB
0xa6cee3,ocaml,1.173468961958406,1.162609165416825,1.184328758499987,1.5057216961853383e-2,6.962020692372471e-3,2.0425031035536067e-2
0x1f78b4,ocaml byte,7.09443858389587,6.992113165062619,7.151985945625029,0.10112424895304402,3.569622896099721e-2,0.13722257836079976
0xb2df8a,haskell,2.2388901398958105,2.100301708875122,2.313274226583227,0.1325477207655774,5.0845078916912145e-2,0.1717826898896177
0x33a02c,haskell strict,2.0236227429166056,2.0040240413749757,2.039033617125085,2.439585538215055e-2,1.7502660499872036e-2,2.884983701507061e-2
0xfb9a99,juvix,1.7244860892707266,1.7221884811873451,1.7268582538123383,3.115669088129928e-3,1.6311473332280002e-3,3.904934382031702e-3
0xe31a1c,juvix wasm,0.8438363583334194,0.8407169227500617,0.8453123105000486,3.0542873877068867e-3,5.142447626505201e-4,3.881735726576962e-3
0xcab2d6,runtime,2.091975142874977,2.081854109500076,2.098737482874943,1.1292417061389828e-2,6.419126276957599e-3,1.5616955277328844e-2
0x6a3d9a,runtime wasm,2.3424179302292223,2.2788291256666375,2.3744743520834772,6.151593832962144e-2,1.2166960375111557e-2,8.045062471109979e-2
