Color,Name,Mean,MeanLB,MeanUB,Stddev,StddevLB,StddevUB
0xa6cee3,ocaml,1.1931753855834397,1.1832404410000663,1.199009686250065,1.1619962696589542e-2,1.0191916356472309e-2,1.2996213641630288e-2
0x1f78b4,ocaml byte,6.866074069125053,6.7270142714999865,6.934046957125095,0.13193660061307283,2.9368212999960175e-2,0.16416818563146368
0xb2df8a,haskell,2.263810003541797,2.2344072125417447,2.302192063000234,4.942089459568582e-2,2.2428123927441722e-2,6.790283719522595e-2
0x33a02c,haskell strict,1.9698373630624815,1.9423070846874566,2.001547541875084,4.612444117503451e-2,2.097887682372317e-2,6.357845452274376e-2
0xfb9a99,juvix,1.7238000044582311,1.7161048079998409,1.729246116541598,9.670648863508297e-3,5.732749527156926e-3,1.2577257109475078e-2
0xe31a1c,juvix wasm,0.8458618316665252,0.8450397372498628,0.8464228843331512,9.269278245831864e-4,5.060808048542338e-4,1.122105333251966e-3
0xcab2d6,runtime,2.1004271934583016,2.0970463966666557,2.1034788134582527,4.424466227692101e-3,2.228411250030149e-3,5.906496577464414e-3
0x6a3d9a,runtime wasm,2.333660073750044,2.2843092514999626,2.3679061990000796,6.155782273625736e-2,3.653149404253009e-2,7.908803852723895e-2
