Color,Name,Mean,MeanLB,MeanUB,Stddev,StddevLB,StddevUB
0xa6cee3,ocaml,1.9728605635837464,1.9598773172502888,1.9821215714171863,1.5384054243837124e-2,9.191258151200159e-3,2.138738146241482e-2
0x1f78b4,ocaml byte,5.928407605354248,5.924889693749719,5.933326776562808,5.617463001887279e-3,7.014788443776678e-4,6.8635556475010505e-3
0xb2df8a,haskell,2.327568914895702,2.3240374735620435,2.333711500250047,6.296166547188613e-3,8.491111669475249e-4,7.605005370658977e-3
0x33a02c,haskell strict,2.146585237999981,2.144532866249847,2.14806963662492,2.5954389789908305e-3,1.6707479553839332e-3,3.428071782772682e-3
0xfb9a99,juvix,5.326061731458708,5.312346084417186,5.340531774583724,1.855635098960919e-2,7.285348931138542e-3,2.4389581114992086e-2
0xe31a1c,juvix wasm,4.044802221937516,4.032692692625005,4.052457357687672,1.4734468723313573e-2,9.230004299307619e-3,1.740297592215428e-2
0xcab2d6,runtime,3.33463515818759,3.3292241188751177,3.344000219750342,9.382109750055689e-3,1.1584011249397008e-3,1.1820516558053827e-2
0x6a3d9a,runtime wasm,3.365501949500034,3.363821468250156,3.3681667247499263,2.856429945625623e-3,1.1488774379060243e-3,3.8809052079398737e-3
