Color,Name,Mean,MeanLB,MeanUB,Stddev,StddevLB,StddevUB
0xa6cee3,ocaml,0.3488114381874728,0.34618287231234035,0.3511326577499479,3.815749086131357e-3,2.087378853828097e-3,5.360626956972914e-3
0x1f78b4,ocaml byte,1.2640752513540292,1.2432136523329973,1.276885241854302,2.4284864065861056e-2,2.161146898037907e-2,2.711635481225703e-2
0xb2df8a,haskell,1.9629618658958634,1.9505340636875417,1.9683640585833473,1.206143204644464e-2,5.591380489109771e-3,1.6224950192307748e-2
0x33a02c,haskell strict,0.9383855865208185,0.9029544170834166,0.9548614125207374,3.390639462146626e-2,1.5856171734204484e-2,4.377549054485036e-2
0xfb9a99,juvix,1.1323453361041327,1.1296304026457924,1.1375369504376067,5.275395669450233e-3,4.3653037482727086e-4,6.246876064348921e-3
0xe31a1c,juvix wasm,1.012578875020817,1.008774186666718,1.015517484312511,4.810604810773814e-3,3.0885016172447284e-3,6.352712317505328e-3
0xcab2d6,runtime,2.194815655729182,2.182946166250076,2.2029137864375343,1.4188947714895098e-2,1.047817262474382e-2,1.7007045995099095e-2
0x6a3d9a,runtime wasm,1.0278584678959721,1.0267662545416365,1.0296964069581993,1.8487353102664271e-3,2.644047915888459e-4,2.3574018336914113e-3
