Color,Name,Mean,MeanLB,MeanUB,Stddev,StddevLB,StddevUB
0xa6cee3,ocaml,1.1661943052083075,1.142013355875065,1.1828483973332595,2.977049602506664e-2,1.5588869903938048e-2,3.846097828579959e-2
0x1f78b4,ocaml byte,6.944376884249986,6.807786624749951,7.045503219750023,0.16950127490442668,9.897070816341609e-2,0.23354126809242534
0xb2df8a,haskell,2.2567882245832984,2.2290787353748556,2.2782556359166692,3.488022002000106e-2,1.4592955643935042e-2,4.814819632844318e-2
0x33a02c,haskell strict,2.018437840604387,1.9715362768336795,2.05471585372923,5.98147660605212e-2,3.687768591338163e-2,7.945797864690317e-2
0xfb9a99,juvix,1.7200645411666453,1.7102332214999478,1.7266083755000636,1.1477018448624268e-2,1.010449195458246e-2,1.2791247752804573e-2
0xe31a1c,juvix wasm,0.8448041313124577,0.8441659863125324,0.8456522236248247,1.053130814998822e-3,3.296267335133672e-4,1.397097296043961e-3
0xcab2d6,runtime,2.0996283691666613,2.095471469541716,2.1033069638331954,5.280296473434599e-3,2.5391836810014856e-3,7.295162731067294e-3
0x6a3d9a,runtime wasm,2.3801201054790986,2.3684678071873577,2.388003618562493,1.3204759101793105e-2,7.537570416692008e-3,1.820619360343131e-2
