Color,Name,Mean,MeanLB,MeanUB,Stddev,StddevLB,StddevUB
0xa6cee3,ocaml,1.1759567821668309,1.1694228998334402,1.1866889927502484,1.1163131473595992e-2,3.626277188659101e-3,1.508935489614596e-2
0x1f78b4,ocaml byte,7.156676939041404,7.03081866674961,7.2470242538748835,0.1506582409973272,0.1150735659877201,0.18311136752720317
0xb2df8a,haskell,1.9681259693749478,1.9069601566250185,2.07477208962473,0.11237497465076351,1.818424750005454e-2,0.1355730821365544
0x33a02c,haskell strict,1.9316898409165901,1.8932973301664333,1.9501780816666496,3.7162068180009424e-2,3.2905231665836254e-3,4.4392118810660255e-2
0xfb9a99,juvix,1.7266298900416928,1.721477751083512,1.7293392646668622,5.955618769440693e-3,5.228332193848042e-3,6.225644932650402e-3
0xe31a1c,juvix wasm,0.8463884235415359,0.845908765583393,0.8467630236244759,6.103472391210488e-4,3.7346709962039065e-4,8.087485038508982e-4
0xcab2d6,runtime,2.106872978187539,2.100608227437533,2.1111443566875323,7.222129176387845e-3,3.7298495005366372e-3,9.864326107127556e-3
0x6a3d9a,runtime wasm,2.334617754791869,2.246822227417018,2.376556397875106,8.65781975130991e-2,5.87504320765625e-4,0.10648944228060946
