Color,Name,Mean,MeanLB,MeanUB,Stddev,StddevLB,StddevUB
0xa6cee3,ocaml,1.1671689990418106,1.1527100829999881,1.1813231315002213,1.9409444993129226e-2,9.472199864418182e-3,2.6014983203695843e-2
0x1f78b4,ocaml byte,7.0671762739375295,7.008075898375145,7.114218205249965,7.060712444330551e-2,5.1473771791334964e-2,8.501269916926864e-2
0xb2df8a,haskell,1.8937782966667858,1.8682683267500124,1.9109288855001978,3.2055237427125495e-2,1.6523362808886454e-2,3.960758831892397e-2
0x33a02c,haskell strict,1.970515585583409,1.9410353014166808,1.9935030523752175,3.757896628813793e-2,2.5207995425811446e-2,4.9878240362791565e-2
0xfb9a99,juvix,1.71923776645815,1.7138562367493932,1.7267071934584237,8.260021107889651e-3,3.587482997366373e-3,1.082050100318609e-2
0xe31a1c,juvix wasm,0.8501586528125623,0.8496934532499077,0.8509634252502565,8.575145052423167e-4,1.719588750195844e-4,1.0514420203811684e-3
0xcab2d6,runtime,2.0950540465625522,2.0883104108750103,2.106157663750082,1.1609069382328741e-2,2.142224875001375e-3,1.5016202403706356e-2
0x6a3d9a,runtime wasm,2.3912054010210113,2.379989224187625,2.398240321729304,1.159256390669707e-2,5.6956272414581625e-3,1.6246453458641858e-2
