Color,Name,Mean,MeanLB,MeanUB,Stddev,StddevLB,StddevUB
0xa6cee3,ocaml,1.1986513487708141,1.1774268399583054,1.2326435161874656,3.837716911357605e-2,9.014729833173418e-3,4.684678789587802e-2
0x1f78b4,ocaml byte,7.144770509375064,6.997937475750064,7.30484508350014,0.22494584448764765,8.555179310195504e-2,0.29486611118364436
0xb2df8a,haskell,1.9039180446250914,1.8432116962501368,1.943396850000037,7.338192151372575e-2,5.3219848085134365e-2,9.11723956420387e-2
0x33a02c,haskell strict,1.8283891915207846,1.8093326022916472,1.8456080463124067,2.4124540719894533e-2,1.1510151249922274e-2,3.082562157901783e-2
0xfb9a99,juvix,1.7584000244374731,1.75341330474987,1.764825383312484,7.59806768965636e-3,9.643602789208942e-4,9.29225667335185e-3
0xe31a1c,juvix wasm,0.9041029755415669,0.9007836157497877,0.9062647958332188,4.147362167657904e-3,2.3391799042968425e-3,4.992510109299228e-3
0xcab2d6,runtime,2.096375059145828,2.0782634726250535,2.1080994378541504,2.194039558913609e-2,1.4171853457667626e-2,2.7076292813324555e-2
0x6a3d9a,runtime wasm,2.3700322554374984,2.3431387053749404,2.3907045592500253,3.328331519681727e-2,2.3155230313575633e-2,4.2721975981794995e-2
