Color,Name,Mean,MeanLB,MeanUB,Stddev,StddevLB,StddevUB
0xa6cee3,ocaml,1.6324533326242847,1.6233491881246966,1.6380185399992417,9.22250790173011e-3,4.300563080294973e-3,1.2852295904110118e-2
0x1f78b4,ocaml byte,6.6684391480618315,6.602611314749083,6.715395613249409,8.295825009169983e-2,4.9481515969949305e-2,0.10844131126496377
0xb2df8a,haskell,2.411013914666455,2.39898852708302,2.4197271498746886,1.5266450315044408e-2,9.087185072707508e-3,2.0122354771944607e-2
0x33a02c,haskell strict,2.3622798925420434,2.349836048918102,2.369201943083074,1.2282642077560487e-2,4.5278786588365235e-3,1.671665887117049e-2
0xfb9a99,juvix,5.447592872458624,5.406333921999931,5.485314848625876,5.2131036424616e-2,3.262142184325902e-2,6.284788126596648e-2
0xe31a1c,juvix wasm,4.767355749708561,4.711232635917137,4.812358597083706,6.810835067187038e-2,4.5899805214158235e-2,8.561003744913749e-2
0xcab2d6,runtime,3.650268969958688,3.6172390731248925,3.6702096490421354,3.3109432602902146e-2,1.59708142030039e-2,4.6051025746609006e-2
0x6a3d9a,runtime wasm,4.052291579105183,4.016307290500663,4.077673513688978,4.4364690415726736e-2,2.09068735703058e-2,5.861706705803213e-2
