Color,Name,Mean,MeanLB,MeanUB,Stddev,StddevLB,StddevUB
0xa6cee3,ocaml,0.3400344490208151,0.3240849404999153,0.3480069003751396,1.5917645778658885e-2,9.230437512997014e-5,1.847019803179606e-2
0x1f78b4,ocaml byte,1.0524631723956759,1.0506018666665113,1.0535876379582305,2.234070007526814e-3,1.7016594741678384e-3,2.596841980941525e-3
0xb2df8a,haskell,2.0994047826873725,2.0718390916874228,2.1175715397498607,3.423302223394878e-2,1.69667327558515e-2,4.1954328321320296e-2
0x33a02c,haskell strict,0.8754788037914712,0.8552323766247127,0.8853087904998347,1.9595118910067343e-2,2.071231166799692e-3,2.4574386221418065e-2
0xfb9a99,juvix,1.1171207720209015,1.1169625218750525,1.117193898208446,1.5121597052161257e-4,6.754732251528514e-5,1.9658536096676954e-4
0xe31a1c,juvix wasm,0.9991435621457944,0.9985924492915881,0.9995446220832113,7.021968016267642e-4,4.091468269135194e-4,9.262082513152942e-4
0xcab2d6,runtime,1.450185314708449,1.4483047848753472,1.4533122863332437,3.4124285551096777e-3,9.725225833108198e-4,4.229100536423664e-3
0x6a3d9a,runtime wasm,0.9892256978543325,0.9875758911670497,0.9900780783750633,1.697048931136957e-3,3.9173595850072653e-4,2.2333128061710924e-3
