Color,Name,Mean,MeanLB,MeanUB,Stddev,StddevLB,StddevUB
0xa6cee3,ocaml,1.174679389791739,1.165159688750009,1.1824834007918146,1.3263549151736357e-2,4.650007646926501e-3,1.8022591406609934e-2
0x1f78b4,ocaml byte,7.023548307291833,6.880697996166759,7.109351612083515,0.1438761499564329,5.753455255136003e-2,0.19816375131734834
0xb2df8a,haskell,2.277124415458369,2.192759336208534,2.3283558608332933,8.639502779103259e-2,3.257829408222781e-2,0.1183139551127441
0x33a02c,haskell strict,1.9918986899165247,1.9602687464997643,2.006887948666531,3.0151120397821436e-2,1.3885668585017764e-2,3.843001508740079e-2
0xfb9a99,juvix,1.798634452687755,1.782770757000435,1.8094017412502126,1.8590477490799888e-2,1.608229154200754e-2,2.07183939655279e-2
0xe31a1c,juvix wasm,0.9040150761249114,0.9023244663749779,0.9051597523749138,1.8792555212605443e-3,1.0699768720787007e-3,2.6435165642954075e-3
0xcab2d6,runtime,2.1342969554582965,2.1262828312499664,2.1460085665830775,1.2781215633695798e-2,4.475065151121798e-3,1.661627584704919e-2
0x6a3d9a,runtime wasm,2.398097762999896,2.3923272267500124,2.4081406417496964,1.064591788025923e-2,1.4131181888426807e-3,1.3326482628955303e-2
