Color,Name,Mean,MeanLB,MeanUB,Stddev,StddevLB,StddevUB
0xa6cee3,ocaml,1.1710120662082393,1.1483889451666678,1.1869533442500142,2.8065542478720014e-2,1.854825576325104e-2,3.638061350411827e-2
0x1f78b4,ocaml byte,6.994532623729242,6.890271937833404,7.116762183291826,0.16008134292126666,7.05957572370782e-2,0.22141611040371104
0xb2df8a,haskell,1.8918934328332284,1.8367020744166211,1.937699658583142,6.772182839652666e-2,3.777602799993929e-2,8.383898268571773e-2
0x33a02c,haskell strict,1.8555632900211094,1.8432297104168356,1.8658924769379155,1.7220708087833235e-2,1.0690141432914165e-2,2.385423538771177e-2
0xfb9a99,juvix,1.73839454127085,1.731300908125263,1.7418647710832147,6.774115107174329e-3,3.373493965826751e-3,8.367891559273434e-3
0xe31a1c,juvix wasm,0.8472001315833874,0.8462585004583995,0.8476352205833942,8.981273700589031e-4,3.842250552226464e-4,1.1698089288547176e-3
0xcab2d6,runtime,2.0935709483750884,2.092352254749926,2.094369895125226,1.4262385402500316e-3,1.2393715001053351e-3,1.638095711731861e-3
0x6a3d9a,runtime wasm,2.35464961697924,2.3411930248333492,2.3681062091251306,1.839036968268542e-2,7.887659379210052e-3,2.42656485014441e-2
