Color,Name,Mean,MeanLB,MeanUB,Stddev,StddevLB,StddevUB
0xa6cee3,ocaml,0.33311081570830464,0.30946532599978127,0.34489215854173005,2.2365959356054448e-2,6.0012736665460975e-3,2.7303794524437285e-2
0x1f78b4,ocaml byte,1.0937339191668418,1.051274404500191,1.1233901231253185,4.987629942177739e-2,4.252145655577795e-2,5.5534592334029166e-2
0xb2df8a,haskell,2.0940168060626925,2.0380386157504518,2.11917060425003,5.43183338555336e-2,2.5151315741841034e-2,7.305655956888968e-2
0x33a02c,haskell strict,0.8447088511249111,0.8116361094997728,0.862185558624996,3.140378939320267e-2,1.3009894102643305e-2,4.0360727118889404e-2
0xfb9a99,juvix,1.116237155937559,1.1134785257500728,1.1175392014375802,2.721032735028089e-3,3.1757587498759676e-4,3.3687442795918288e-3
0xe31a1c,juvix wasm,1.003842331562718,1.0026499070002806,1.0049409440002062,1.4798506832876372e-3,9.308841842480106e-4,1.9115455419830437e-3
0xcab2d6,runtime,1.460043157104091,1.4582143506873422,1.4624974362500325,3.0801487050509772e-3,1.2723950338921542e-3,4.2234475080225806e-3
0x6a3d9a,runtime wasm,1.0007414399583847,0.9902145977500822,1.0107567486251128,1.3249126720429872e-2,7.254274881332432e-3,1.6070855068586843e-2
