Color,Name,Mean,MeanLB,MeanUB,Stddev,StddevLB,StddevUB
0xa6cee3,ocaml,1.1633170742708785,1.1500287706667223,1.1766053778750347,2.1299776152851363e-2,8.735436205102448e-3,2.9200877381383425e-2
0x1f78b4,ocaml byte,7.0222235766042145,6.9722183068751065,7.0722288463333225,8.521808264777754e-2,2.6585121424369473e-2,0.1144385582592208
0xb2df8a,haskell,1.871455762666642,1.8168146667499059,1.903035837666721,6.39762078394534e-2,5.635066012700449e-2,7.293105920929668e-2
0x33a02c,haskell strict,1.7822081789792794,1.75727327562538,1.796017430708313,2.561569056675052e-2,9.02357877682258e-3,3.478495404764672e-2
0xfb9a99,juvix,1.7365516377292163,1.7306718104168037,1.7397524956041746,5.610177123329993e-3,1.926714865009828e-3,7.392064622979572e-3
0xe31a1c,juvix wasm,0.850753794520737,0.849838298645731,0.8517824525834309,1.2276184951064185e-3,5.348891248786458e-4,1.4981409031776093e-3
0xcab2d6,runtime,2.1048662432084106,2.101547200000141,2.108115077500088,5.244073557755523e-3,3.213063464129203e-3,7.411629772699593e-3
0x6a3d9a,runtime wasm,2.3712689955835153,2.324789956749896,2.3947284837918987,4.615425848373898e-2,1.015992328227959e-3,5.4177367328644276e-2
