Color,Name,Mean,MeanLB,MeanUB,Stddev,StddevLB,StddevUB
0xa6cee3,ocaml,0.30691180477295954,0.2919295202595822,0.32072130509932323,2.3147035219242575e-2,1.9162453913001476e-2,2.603322317169341e-2
0x1f78b4,ocaml byte,1.049824066708652,1.0353061440000602,1.0608723006250784,1.7242052572728324e-2,1.5841129071968784e-2,1.9829312944726e-2
0xb2df8a,haskell,2.9316267399997287,2.903394748998835,2.945389381625091,2.680447849588407e-2,5.760571249993518e-3,3.261991595253508e-2
0x33a02c,haskell strict,1.5589896201873519,1.5393189830007636,1.595023656749163,3.5820460016109085e-2,3.599500000139755e-3,4.426692604103054e-2
0xfb9a99,juvix,1.9970279657502488,1.9647119455005395,2.0538364192498193,5.912786843966552e-2,1.0434118998546182e-2,7.463065196122814e-2
0xe31a1c,juvix wasm,1.735348649270236,1.7096041083746059,1.7532076708325803,2.9662204814396936e-2,1.821082683908982e-2,4.124364362593153e-2
0xcab2d6,runtime,4.22587330995907,4.102061788333231,4.458521324377216,0.23455988291393298,1.3940978655160863e-4,0.2745188713082938
0x6a3d9a,runtime wasm,2.574286240375083,2.556216498250251,2.5870829349998226,2.2861693598730415e-2,1.0546095000184552e-2,2.9552700345323743e-2
