Color,Name,Mean,MeanLB,MeanUB,Stddev,StddevLB,StddevUB
0xa6cee3,ocaml,0.3170173348000723,0.3168881543000316,0.31710777059996564,1.6420454938080215e-4,1.0218240356345252e-4,2.2179586796019815e-4
0x1f78b4,ocaml byte,1.0033867037917428,1.0019272773332282,1.0048461302502574,2.1199912442031524e-3,1.0442299895800007e-3,2.9053858070939367e-3
0xb2df8a,haskell,2.770860486541759,2.7679715066668487,2.7748387916250294,4.884335813028707e-3,1.8336170735246743e-3,6.671813233852061e-3
0x33a02c,haskell strict,1.3522324874792844,1.3514006359376367,1.3532163777501864,1.2966004371587864e-3,6.488358835273001e-4,1.7171270251187206e-3
0xcab2d6,runtime,3.391043817458448,3.3887421402502014,3.3927575835000425,2.7209389321236157e-3,2.288491084074025e-3,3.1971053094649454e-3
0x6a3d9a,runtime wasm,1.8509793169582924,1.8439387861250225,1.8636736674998815,1.3114874977617631e-2,1.9227862500201809e-3,1.5769994042098983e-2
