Color,Name,Mean,MeanLB,MeanUB,Stddev,StddevLB,StddevUB
0xa6cee3,ocaml,0.34579747297912417,0.3441112966251012,0.34703706662480727,2.1256756968714404e-3,1.3612843165394432e-3,2.7994222100826047e-3
0x1f78b4,ocaml byte,1.2724755336456421,1.2527938356664285,1.2921572316248557,3.1219335577684647e-2,8.010190077362974e-3,4.0791810700830204e-2
0xb2df8a,haskell,1.9200716018543176,1.912240642125198,1.9313650850001522,1.3464789349832995e-2,4.94534412507619e-3,1.6461250744871772e-2
0x33a02c,haskell strict,0.935089377979106,0.9205554486251231,0.9496233073330889,2.072557759255804e-2,1.1045402082706953e-2,2.882759026532279e-2
0xfb9a99,juvix,1.1206582194583348,1.1175643722499444,1.122529815000064,3.5881790776259477e-3,3.2172800000580537e-3,3.8761019427624955e-3
0xe31a1c,juvix wasm,1.0040352142917566,1.0032051868749932,1.0055202162500905,1.5292470138755943e-3,5.3180503244175826e-5,1.8374802840522345e-3
0xcab2d6,runtime,1.4953979986875463,1.4818677595624195,1.518213940250386,2.3867582745956944e-2,1.5395130086610052e-3,2.895794809531147e-2
0x6a3d9a,runtime wasm,1.0002897252917553,0.9965696955000567,1.005971242416668,6.229624895832557e-3,2.459958856288617e-3,8.296790681285271e-3
