Color,Name,Mean,MeanLB,MeanUB,Stddev,StddevLB,StddevUB
0xa6cee3,ocaml,1.1782405801874727,1.1551061423749616,1.1968622255000128,2.894805141577027e-2,1.8568394893080417e-2,3.784370049293524e-2
0x1f78b4,ocaml byte,6.989182171604114,6.935908901375001,7.077295724562475,9.144507451997198e-2,1.7833471184353952e-2,0.11612712881820594
0xb2df8a,haskell,1.909172620270681,1.8971250133331523,1.9298009308122914,2.202843670463251e-2,3.438248264216931e-3,2.782275643389176e-2
0x33a02c,haskell strict,1.9025602948751346,1.86846819750023,1.9286858880002455,4.064383232017218e-2,3.266953732079544e-2,4.6941221149116315e-2
0xfb9a99,juvix,1.7496430439792334,1.7438376725833677,1.7534873179376405,6.86981489567999e-3,5.495758249935533e-3,8.162949486310207e-3
0xe31a1c,juvix wasm,0.8534021915208996,0.8517562601668942,0.8563531696249811,2.922042485951441e-3,4.914308333354711e-4,3.72785436669861e-3
0xcab2d6,runtime,2.11884161435421,2.106420861875222,2.1273486088540494,1.5330176808569095e-2,9.03843689121799e-3,1.964606225790799e-2
0x6a3d9a,runtime wasm,2.3688589155832838,2.360422970249715,2.3738688718333756,8.364311950314719e-3,3.6911917409919344e-3,1.1569998358475038e-2
