Color,Name,Mean,MeanLB,MeanUB,Stddev,StddevLB,StddevUB
0xa6cee3,ocaml,0.34513893443742444,0.3426162818124112,0.3463460893124572,2.4185633944764895e-3,3.8188732516778205e-4,3.0380119202782427e-3
0x1f78b4,ocaml byte,1.081807457604005,1.050317535833225,1.09935879641633,3.6410999616181085e-2,3.193665316651584e-2,3.8189334695404795e-2
0xb2df8a,haskell,1.892984961250041,1.8780182410001012,1.9023719309999099,1.779408910455974e-2,1.503561299989542e-2,2.1519177056918224e-2
0x33a02c,haskell strict,0.9010998046875519,0.8893830184375133,0.9063493806874969,1.1225385541566383e-2,4.321861158249369e-3,1.493538231518969e-2
0xfb9a99,juvix,1.1194639593749116,1.118621401999917,1.1198934468749258,8.131930101453886e-4,1.2161175004621327e-4,9.779554448149897e-4
0xe31a1c,juvix wasm,1.061370589541487,1.0610831214997916,1.0617629056249598,4.994462326468985e-4,2.1030054035614483e-4,6.638790050254869e-4
0xcab2d6,runtime,1.4734100659791427,1.4638055259375164,1.4888074154375204,1.7394217851215373e-2,5.766136044055051e-3,2.158945343090545e-2
0x6a3d9a,runtime wasm,0.9950711642290647,0.9937550580831764,0.9962810820416811,1.985271194086983e-3,1.11762350245058e-3,2.7941854992455327e-3
