Color,Name,Mean,MeanLB,MeanUB,Stddev,StddevLB,StddevUB
0xa6cee3,ocaml,0.34483972535425284,0.3408963956876505,0.3468090285208897,3.758000025348792e-3,7.616169583949672e-4,4.558818924570089e-3
0x1f78b4,ocaml byte,1.0821449866041728,1.0529297324375193,1.1370742505000635,5.6126358184169e-2,6.060156875037137e-3,6.74697394302428e-2
0xb2df8a,haskell,2.059510514208455,2.034067864000235,2.074091088500154,2.9580983444191924e-2,2.5818110666705252e-2,3.280530518190047e-2
0x33a02c,haskell strict,0.839808362874976,0.8314854481250791,0.848141127999952,1.1053282316082125e-2,2.274846681430548e-5,1.3468598487604707e-2
0xfb9a99,juvix,1.1171296246458458,1.1168016101252078,1.1174576391664837,5.033532642392444e-4,1.6075240608860898e-4,6.72045816606875e-4
0xe31a1c,juvix wasm,1.0027705908960154,1.0023786691250507,1.0029960003751057,4.6138750067637775e-4,4.219152532031289e-4,5.175706045214997e-4
0xcab2d6,runtime,1.4536769550208344,1.4508564141666134,1.455808587833341,3.371696621417205e-3,2.3875283558154664e-3,4.1262317299640095e-3
0x6a3d9a,runtime wasm,0.9925803309582383,0.9918800531248735,0.9929373856249413,6.730044686341763e-4,9.105074991566653e-5,8.089265847931206e-4
