Color,Name,Mean,MeanLB,MeanUB,Stddev,StddevLB,StddevUB
0xa6cee3,ocaml,0.3449067436874695,0.3379023881876151,0.34967026143740065,7.7850588125308404e-3,4.610964414654654e-3,1.1000873020849249e-2
0x1f78b4,ocaml byte,1.0627032166459571,1.0506277812498865,1.0865241236459156,2.3853358691595394e-2,5.734723974261738e-5,2.7642604876756578e-2
0xb2df8a,haskell,2.1033224162710176,2.073012011583463,2.11840253266693,2.9482101780693968e-2,1.1118907845927162e-2,4.0055251668764856e-2
0x33a02c,haskell strict,0.8769176379582291,0.8731623232083052,0.8790249387498079,4.172487705550946e-3,2.083980759011892e-3,5.774477547619159e-3
0xfb9a99,juvix,1.1170907115831976,1.1168082822497354,1.1172886647499354,3.187696222642988e-4,2.691526111237131e-4,3.697986210726026e-4
0xe31a1c,juvix wasm,0.9992351419791324,0.9987119020833386,0.9997138158747703,6.751177536341139e-4,3.574939397702843e-4,8.844177624593663e-4
0xcab2d6,runtime,1.4550208523125054,1.4523024024999813,1.4575890309999977,3.7897573411156864e-3,2.0039935807270866e-3,5.2336062893863925e-3
0x6a3d9a,runtime wasm,0.9897990885627337,0.987560144125041,0.9915197785003329,2.7756348799317784e-3,1.383003625164747e-3,3.573665664651747e-3
