Color,Name,Mean,MeanLB,MeanUB,Stddev,StddevLB,StddevUB
0xa6cee3,ocaml,0.35025370824990887,0.34778994899994586,0.3538639079998802,4.200262574285202e-3,8.782124999697771e-4,5.497628567373798e-3
0x1f78b4,ocaml byte,1.177400357208133,1.0398900354997522,1.244576158583148,0.12979464201192314,3.921919975005039e-2,0.16243061699116804
0xb2df8a,haskell,2.0225093143123445,2.018349905999912,2.025802838937409,5.00891145376013e-3,3.384927125239301e-3,5.9082498938432685e-3
0x33a02c,haskell strict,0.9718143774791201,0.964074801499919,0.9759003500625454,7.423597311836552e-3,1.6135128586799146e-3,9.743648979350664e-3
0xfb9a99,juvix,1.1302087039166697,1.1293484543333343,1.1316772794164838,1.5721161761566e-3,2.422970687684261e-4,1.986661314035733e-3
0xe31a1c,juvix wasm,1.0059719890417114,1.0056515895000757,1.006235959000037,4.028242257932686e-4,2.1655917850627317e-4,5.233718679400324e-4
0xcab2d6,runtime,2.145906124270842,2.133279387208366,2.166021636437506,2.247529969218821e-2,3.7408950416117914e-3,2.9160200168028498e-2
0x6a3d9a,runtime wasm,1.0177171919792538,1.0153634351458058,1.0223113771668675,4.63319963295603e-3,1.0872104170778218e-4,5.435768565592536e-3
