Color,Name,Mean,MeanLB,MeanUB,Stddev,StddevLB,StddevUB
0xa6cee3,ocaml,0.3174993992598926,0.3147103959998276,0.3203408063199216,4.023549061439593e-3,3.2010787417897793e-3,4.563154293459517e-3
0x1f78b4,ocaml byte,1.1741783585211276,1.1638297431041642,1.1942447358758272,1.9958193539051528e-2,1.136637864648543e-3,2.389910358689508e-2
0xb2df8a,haskell,3.1635806294999234,3.153040574499755,3.1707236428749184,1.1684089476969854e-2,7.111172129181583e-3,1.6496082779514126e-2
0x33a02c,haskell strict,1.4866130308751053,1.4836284286252521,1.4879733637499157,2.9274234506605963e-3,6.51695499982452e-4,3.822578397097948e-3
0xfb9a99,juvix,2.18330882660454,2.1807150413336176,2.184701474604632,3.008755886716956e-3,2.6560416469465385e-3,3.216182790957734e-3
0xe31a1c,juvix wasm,1.9347863272294792,1.9043415902918543,1.988832553875909,5.5068993419241645e-2,6.470646694994461e-3,6.62777349463479e-2
0xcab2d6,runtime,4.277341121729402,4.240515346624761,4.347668902750229,7.009244326423451e-2,3.6344030564574303e-3,8.369831365037177e-2
0x6a3d9a,runtime wasm,2.643249442479752,2.633652980917456,2.6583272521872914,1.691881522757083e-2,3.637931582791909e-3,2.2162078665038196e-2
