Color,Name,Mean,MeanLB,MeanUB,Stddev,StddevLB,StddevUB
0xa6cee3,ocaml,1.774341030916844,1.7736240079166237,1.775662297917279,1.328798463315885e-3,1.4886611080601334e-4,1.6558936887692613e-3
0x1f78b4,ocaml byte,7.139979809666708,7.137169901749758,7.14528751475018,5.411087900108839e-3,4.191441668504048e-4,6.400540171774542e-3
0xb2df8a,haskell,2.7523225091046393,2.752243772000611,2.7524009873127397,1.1479387061763849e-4,5.382087465477525e-5,1.5046310908658057e-4
0x33a02c,haskell strict,2.7416738597292656,2.740419568562629,2.742295142875264,1.2408133737968363e-3,5.697841637197776e-5,1.449077683985261e-3
0xfb9a99,juvix,3.950137883208299,3.9443895995832463,3.9603239188750194,1.0694515492973343e-2,2.9383472002937616e-5,1.2570544893911201e-2
0xe31a1c,juvix wasm,1.5348115446667332,1.529861345874906,1.5379155159168174,5.224096425076279e-3,2.3735104108848354e-3,7.168314547171921e-3
0xcab2d6,runtime,3.832513277437594,3.8217086453748834,3.8401335976874407,1.2790247343435007e-2,1.0605368369170618e-2,1.496739537701787e-2
0x6a3d9a,runtime wasm,4.161902119562342,4.158113332562266,4.163995111624899,3.7125455509689287e-3,1.7497336250471562e-3,4.833558122917617e-3
