Color,Name,Mean,MeanLB,MeanUB,Stddev,StddevLB,StddevUB
0xa6cee3,ocaml,1.160508729353997,1.1480164013124181,1.173714411249648,1.668480302014873e-2,7.852649458338079e-3,2.06385533518428e-2
0x1f78b4,ocaml byte,7.014203695166505,6.983342666124599,7.054591314791613,4.557979692363439e-2,1.958281257293329e-2,6.034259678970711e-2
0xb2df8a,haskell,1.9633740478541692,1.9338198951249979,1.9960751866250348,4.393114145677908e-2,1.9829137704370284e-2,6.0793174795876474e-2
0x33a02c,haskell strict,1.8833284616875972,1.8527440024997759,1.9055603073124985,3.8363481720300886e-2,2.034029420325679e-2,5.029148877717413e-2
0xfb9a99,juvix,1.7282909525205998,1.7259198384164542,1.7320725590624306,4.1780621186632925e-3,9.110967018543335e-4,5.425933644117901e-3
0xe31a1c,juvix wasm,0.8491292206459585,0.8479001042501295,0.8497441593750636,1.1653198472568775e-3,5.323368095120657e-4,1.4201401631358031e-3
0xcab2d6,runtime,2.0889704454167863,2.0881184710001435,2.0894009528334054,8.314057875741928e-4,4.953003808259259e-4,9.942142914929203e-4
0x6a3d9a,runtime wasm,2.389715578375084,2.3744061152500344,2.399351556250091,1.5853954924020447e-2,7.973870671343409e-3,2.2253337680162345e-2
