Color,Name,Mean,MeanLB,MeanUB,Stddev,StddevLB,StddevUB
0xa6cee3,ocaml,0.3467779879374196,0.3442041880623492,0.34794898449975636,2.6020923356734277e-3,1.1900883430456385e-3,3.62076099183121e-3
0x1f78b4,ocaml byte,1.273494237395899,1.257463411875392,1.2809498628125198,1.6020481452472236e-2,7.360704802771761e-3,2.2265000299539005e-2
0xb2df8a,haskell,1.8991767284583527,1.8957599547500195,1.9030184403752628,5.128367026610252e-3,2.2856591545335186e-3,7.0995391396672354e-3
0x33a02c,haskell strict,0.9155350919373481,0.895654427687532,0.9482559172497531,3.4585035035551104e-2,8.425617958210108e-3,4.334923183062168e-2
0xfb9a99,juvix,1.116926681604203,1.1166398473334689,1.1171417241665342,3.5439663859778683e-4,2.506125757325086e-4,4.5561904389366875e-4
0xe31a1c,juvix wasm,1.0183437764375565,1.0033017209374673,1.0479585629377652,2.968084037167252e-2,3.4884528069899917e-4,3.4564596724942685e-2
0xcab2d6,runtime,1.4541933797082152,1.4529394658749766,1.4559913881249145,1.9430780649329126e-3,5.13821916570123e-4,2.443153504291814e-3
0x6a3d9a,runtime wasm,0.9869824554166181,0.9866271299164661,0.9871398233751734,3.598503449188127e-4,1.370691046557109e-4,4.919015635353985e-4
