Color,Name,Mean,MeanLB,MeanUB,Stddev,StddevLB,StddevUB
0xa6cee3,ocaml,1.785855762520934,1.7822656877501686,1.7882882885625122,4.234447513490192e-3,3.3593337773084927e-3,4.93967423588734e-3
0x1f78b4,ocaml byte,5.886767383770954,5.882730027875141,5.8887236407708015,3.981646068288238e-3,1.718889656874663e-3,5.487384545443588e-3
0xb2df8a,haskell,2.3164295796876027,2.3161065708748083,2.316752588500397,4.820511740196236e-4,2.0768918899706788e-4,6.643549346653259e-4
0x33a02c,haskell strict,2.135662508458419,2.1316683251254744,2.137767215291622,3.8080648576547045e-3,1.7511063987184021e-3,4.86061222686067e-3
0xfb9a99,juvix,5.280832474416381,5.279032335499323,5.282632613333439,2.4676959266905613e-3,1.339493037855067e-4,3.018160491485395e-3
0xe31a1c,juvix wasm,3.986386692521099,3.9840964706669793,3.987701240000206,2.6824282611102404e-3,2.341496037607855e-3,3.035817363699569e-3
0xcab2d6,runtime,3.327104221916746,3.3255598127083585,3.330046847999938,2.9507389016292765e-3,1.7422516221562122e-4,3.5666602888063488e-3
0x6a3d9a,runtime wasm,3.3389654937503415,3.3370040995005184,3.3409268880001646,3.1537395773261604e-3,1.7270122535178352e-3,4.445872468004587e-3
