Color,Name,Mean,MeanLB,MeanUB,Stddev,StddevLB,StddevUB
0xa6cee3,ocaml,1.96275059735414,1.9606294696873192,1.9647341261879774,2.675948606324393e-3,1.5242380425705302e-3,3.220757281738132e-3
0x1f78b4,ocaml byte,5.944535522583199,5.938547513000003,5.949396023249619,7.247726347963846e-3,5.155541219742755e-3,8.673174559330598e-3
0xb2df8a,haskell,2.2422321391251594,2.2421819875001647,2.242268252500177,6.328414467536468e-5,4.027514912626606e-5,8.340026715084736e-5
0x33a02c,haskell strict,2.193996437979308,2.192078319333632,2.195862019750166,2.43792664563807e-3,1.2443707917100255e-3,2.9928296425443318e-3
0xfb9a99,juvix,3.424315003854266,3.416080327333172,3.430596039250304,9.931338101530426e-3,7.19919587527329e-3,1.2114089788348452e-2
0xe31a1c,juvix wasm,1.3196215526873705,1.3179910307499085,1.3204353996873124,1.579468634143214e-3,6.5308420884042494e-6,1.882770222484902e-3
0xcab2d6,runtime,3.274637916145821,3.273855110624936,3.2750810432917206,9.132815568717865e-4,7.993542082118829e-4,1.023358307881874e-3
0x6a3d9a,runtime wasm,3.4891307622292893,3.484361533500305,3.492261557895934,5.957982693089433e-3,3.2768661246791453e-3,7.230262883660262e-3
