Color,Name,Mean,MeanLB,MeanUB,Stddev,StddevLB,StddevUB
0xa6cee3,ocaml,1.172566690187466,1.153392315874953,1.1927262098751044,2.756465417445174e-2,1.22802398424373e-2,3.677276323061825e-2
0x1f78b4,ocaml byte,6.967476048166816,6.8702884947501275,7.010947880000458,9.433375103830235e-2,4.369731849803199e-2,0.1269409547373864
0xb2df8a,haskell,1.9094912344168051,1.8768273507503181,1.9385722321250114,4.502599055540508e-2,2.69542386568374e-2,6.21827980036312e-2
0x33a02c,haskell strict,1.8729148563335798,1.8583586617506285,1.8806897368334035,1.382336261766971e-2,5.205308533644771e-3,1.7955317397961464e-2
0xfb9a99,juvix,1.7456521579792934,1.7392940743334293,1.7502360593127833,7.929373000546696e-3,4.117241000130889e-3,9.929184818390913e-3
0xe31a1c,juvix wasm,0.8502425133958317,0.8497790634166147,0.8507059633750487,6.190760110151265e-4,3.178186250352155e-4,8.401598230581042e-4
0xcab2d6,runtime,2.099596398312618,2.0968553485001094,2.10427157800018,4.897231710663673e-3,4.4646450002505667e-4,6.052704663348008e-3
0x6a3d9a,runtime wasm,2.3687529248959813,2.3205664692502523,2.392503582125073,4.790749894878927e-2,1.45539263863486e-3,5.565217389694161e-2
