Color,Name,Mean,MeanLB,MeanUB,Stddev,StddevLB,StddevUB
0xa6cee3,ocaml,1.186023947416648,1.1646204573332093,1.209513210500063,3.368157654003988e-2,1.7286852591395424e-2,4.7335326216768926e-2
0x1f78b4,ocaml byte,7.142637405833341,7.059294917458146,7.196264227958466,8.831203823459478e-2,4.78223117501102e-2,0.12384584075889997
0xb2df8a,haskell,2.3035494615206553,2.235407988874954,2.349179848791512,8.446251727272484e-2,4.5022170749689394e-2,0.10537886549622438
0x33a02c,haskell strict,2.0313671622081793,1.960071255833308,2.0707787004580873,7.004459347968035e-2,3.214100966666433e-2,9.101704887104661e-2
0xfb9a99,juvix,1.7428622633959776,1.7379031633751083,1.7453568356459073,4.812265245736938e-3,6.825293912942733e-4,6.067540159621475e-3
0xe31a1c,juvix wasm,0.8476043309584232,0.8410426890004601,0.849909471833333,4.5275983864157e-3,1.039056083376011e-3,5.706271984711168e-3
0xcab2d6,runtime,2.1268914889584303,2.117871423374993,2.135998928666898,1.1669566659232309e-2,5.9843466764651935e-3,1.4192482629772981e-2
0x6a3d9a,runtime wasm,2.397690047999788,2.3794238484999255,2.4084598483748323,1.82381925923686e-2,6.627806750202581e-3,2.4871788582601365e-2
