Color,Name,Mean,MeanLB,MeanUB,Stddev,StddevLB,StddevUB
0xa6cee3,ocaml,0.3421886634791728,0.3370305009165501,0.3447770605833588,5.050970083968611e-3,2.3428888029664806e-3,6.919771318403478e-3
0x1f78b4,ocaml byte,1.060405243479181,1.0517644969377216,1.077044483687473,1.6694012041831508e-2,3.0223088575856427e-4,1.951208506813434e-2
0xb2df8a,haskell,1.8620496204166557,1.849283367375051,1.8842463990416718,2.2449700109872038e-2,2.2686599700697772e-3,2.7670774315901783e-2
0x33a02c,haskell strict,0.8906672898749738,0.8559087245000114,0.9078111935000759,3.37711029097925e-2,3.4616262502519812e-3,4.02351305051319e-2
0xfb9a99,juvix,1.12191335795823,1.1167433632082673,1.1317177725831395,9.719105342987122e-3,9.313826668252423e-4,1.1427189862617657e-2
0xe31a1c,juvix wasm,1.0613207357083638,1.0606626569583568,1.0623074035000855,1.08090716755258e-3,3.106366666543181e-4,1.322055757436267e-3
0xcab2d6,runtime,1.4602434883124336,1.4578006451250378,1.464474260312386,4.4601860499948135e-3,9.166075002818852e-4,5.490153757863811e-3
0x6a3d9a,runtime wasm,0.9925502252499617,0.9918127069998945,0.9932877435000289,9.440317646215234e-4,4.8615000006756534e-4,1.2170754407665669e-3
