Color,Name,Mean,MeanLB,MeanUB,Stddev,StddevLB,StddevUB
0xa6cee3,ocaml,0.34750444964582056,0.345851554791769,0.3485508955831544,1.9343973615500605e-3,1.7093260940961312e-3,2.2051856964167087e-3
0x1f78b4,ocaml byte,1.2755433571872838,1.2622528458750444,1.2856013599998732,1.6442739232102193e-2,9.994306334799355e-3,2.0946526562906208e-2
0xb2df8a,haskell,1.994566610145777,1.9739308870000514,2.0124876111456538,2.9482958294715887e-2,1.5686407706821143e-2,4.1386779005705976e-2
0x33a02c,haskell strict,0.9547965969584121,0.938684531125034,0.9634368180835887,1.5424752852622832e-2,3.201081809398732e-3,2.020515199690303e-2
0xfb9a99,juvix,1.128738771645904,1.1279921980417762,1.129485345250032,1.024476270810264e-3,5.643269546394458e-4,1.4108417928319309e-3
0xe31a1c,juvix wasm,1.0071538505207513,1.0060137105001559,1.009099148812595,2.047117051998126e-3,4.8194015397973514e-4,2.5992426034404767e-3
0xcab2d6,runtime,2.131365057437639,2.1257787337500913,2.1345780385000808,6.537159856063141e-3,5.732878323033216e-3,7.420061925208362e-3
0x6a3d9a,runtime wasm,1.0166582423540451,1.0139728069998455,1.0179531951873741,2.6088672027695333e-3,5.496710417295381e-4,3.4182263731853415e-3
