Color,Name,Mean,MeanLB,MeanUB,Stddev,StddevLB,StddevUB
0xa6cee3,ocaml,1.1900845395209292,1.184536398333383,1.1998958078334756,1.0073632470322341e-2,1.624825411851152e-3,1.2812883232527411e-2
0x1f78b4,ocaml byte,7.014053941520767,6.959647724249976,7.093799113062346,9.42492358826604e-2,3.4137921810687075e-2,0.12564577674752098
0xb2df8a,haskell,1.9547081495832686,1.8753494923748235,2.0016193064166714,7.84979688640853e-2,3.64099320130301e-2,0.10833667610304756
0x33a02c,haskell strict,1.8135111644166386,1.7844394035000732,1.8598935761249322,4.8312499881352576e-2,8.08162358316622e-3,5.822405551601264e-2
0xfb9a99,juvix,1.7450342492916964,1.7419323185000621,1.7468922407499576,3.2054022611854678e-3,2.036636327471765e-3,4.283984992858168e-3
0xe31a1c,juvix wasm,0.8556593208958626,0.8546634320834224,0.8561171396666698,9.524938692256009e-4,1.876838227083228e-4,1.2449709849707766e-3
0xcab2d6,runtime,2.1310992835625484,2.119644715687514,2.1360804592500244,1.1075207675623186e-2,4.12367994274266e-3,1.4949658888227918e-2
0x6a3d9a,runtime wasm,2.402757591854216,2.4018271385001526,2.4037789149793034,1.3096283709428211e-3,5.484682457563249e-4,1.7610286429650176e-3
