Color,Name,Mean,MeanLB,MeanUB,Stddev,StddevLB,StddevUB
0xa6cee3,ocaml,1.9342831837293868,1.9314404912506689,1.9362939271665407,3.5565970413209006e-3,2.244077428697368e-3,4.6436130588483225e-3
0x1f78b4,ocaml byte,5.904198246249886,5.896347950999825,5.909399236499743,9.534539121681852e-3,6.739387343457787e-3,1.2011172483228914e-2
0xb2df8a,haskell,2.1362392746247374,2.134524482500031,2.1375904844996207,2.2958303446670818e-3,1.1805197500507347e-3,3.120485539982336e-3
0x33a02c,haskell strict,2.0745697563751264,2.074034448125076,2.0751364200002627,7.77029985863038e-4,3.3915547648122253e-4,1.0339988251391796e-3
0xfb9a99,juvix,5.050645255333468,5.0456437619169865,5.053698419125112,5.9151032563864135e-3,4.8141675520093725e-3,7.050979747941697e-3
0xe31a1c,juvix wasm,4.14148985087517,4.132414132375061,4.145837470500245,8.628858786329041e-3,3.8895831230030247e-3,1.091907663302522e-2
0xcab2d6,runtime,3.249029807416529,3.242716381374862,3.2605560898748536,1.2015254431982533e-2,2.036495500078672e-3,1.4516861489761902e-2
0x6a3d9a,runtime wasm,3.34713721789592,3.3453869740417304,3.348190652958465,2.062858338353843e-3,1.7185808337671915e-3,2.4328040677362365e-3
