Color,Name,Mean,MeanLB,MeanUB,Stddev,StddevLB,StddevUB
0xa6cee3,ocaml,2.3451208827085943,2.339923493250808,2.348507687750498,6.061931039189951e-3,5.311627165913935e-3,6.845504636268851e-3
0x1f78b4,ocaml byte,6.342680475916495,6.33988925299991,6.347828270999798,5.329107880231625e-3,3.0606781057474636e-5,6.400179629300938e-3
0xb2df8a,haskell,2.1107125944786276,2.1091764603115735,2.113114819499515,2.7005774613052033e-3,6.576086257155112e-4,3.5475498994402997e-3
0x33a02c,haskell strict,2.0635903078955757,2.0617295831665006,2.064633736624728,2.1687848919557232e-3,1.8848019131269384e-3,2.4096954306248378e-3
0xfb9a99,juvix,4.932026476999947,4.930834503249571,4.9330820608751464,1.7385053864471583e-3,1.0234165720334188e-3,2.437766537995268e-3
0xe31a1c,juvix wasm,4.563068466187701,4.553243010750521,4.572326915000303,1.475137550734158e-2,9.1162322894151e-3,2.0768284534011583e-2
0xcab2d6,runtime,3.2989826773335076,3.2964838020000116,3.3005035330835804,2.961241503203779e-3,2.4764248511684804e-3,3.5122659068124143e-3
0x6a3d9a,runtime wasm,3.0537910564376793,3.051469925124972,3.055375941687771,2.8908412184800595e-3,1.4724921252309287e-3,3.66013570310071e-3
