Color,Name,Mean,MeanLB,MeanUB,Stddev,StddevLB,StddevUB
0xa6cee3,ocaml,1.9982062253338124,1.992619170167321,2.0017493318336315,6.531054052812461e-3,5.798159999358177e-3,7.438796219310288e-3
0x1f78b4,ocaml byte,5.988087707312578,5.9736872223754744,6.001668324374956,2.235549757326329e-2,1.1265531481891999e-2,3.1363091666901696e-2
0xb2df8a,haskell,2.245583715312326,2.2421772395000517,2.249927481124587,4.88004648805962e-3,1.663968250037895e-3,5.986743693906587e-3
0x33a02c,haskell strict,2.2021913998335094,2.2021792802502205,2.2021996145001594,1.440795374461925e-5,1.0876387177480263e-5,1.7320508163232946e-5
0xfb9a99,juvix,3.5064762213748586,3.498242165999727,3.5127763239997876,9.792503090285704e-3,7.474907689879708e-3,1.1810870622406672e-2
0xe31a1c,juvix wasm,1.4161804337499386,1.4153542204994665,1.4173053233750277,1.4008682888717748e-3,5.890246804005538e-4,1.817254139711069e-3
0xcab2d6,runtime,3.336265932520822,3.3276456969376795,3.3461044901666055,1.273557861309548e-2,6.134507305690124e-3,1.6586668315232783e-2
0x6a3d9a,runtime wasm,3.1842519923332397,3.1781994958740825,3.188647630166959,7.532210206981902e-3,4.97193513123738e-3,1.0151290746232076e-2
