Color,Name,Mean,MeanLB,MeanUB,Stddev,StddevLB,StddevUB
0xa6cee3,ocaml,0.3124406457701844,0.30813067942013733,0.3198192290998122,8.0959058570615e-3,2.105097290784584e-3,1.0770683920473038e-2
0x1f78b4,ocaml byte,1.1724478673118786,1.1593916196859482,1.1865241423749162,1.898763118608848e-2,8.733968300170808e-3,2.5210505264212892e-2
0xb2df8a,haskell,3.1013247726873487,3.0671991841868476,3.13657949487515,4.7219494316058964e-2,1.795625833478565e-2,6.34610350465444e-2
0x33a02c,haskell strict,1.6476422684997185,1.6252381744995243,1.6625998002497606,2.639470961473454e-2,1.260993457190401e-2,3.454293992919674e-2
0xfb9a99,juvix,2.1493965483330157,2.132729887624464,2.1675497638746037,2.3303436725103564e-2,1.9395603492801308e-2,2.7795375164273994e-2
0xe31a1c,juvix wasm,1.873089134728995,1.866538933082969,1.8796393363750212,1.1464629241208118e-2,2.5978635834084107e-3,1.3634257616473697e-2
0xcab2d6,runtime,4.433535381604012,4.41019093649993,4.458560810874587,3.1473659126193924e-2,1.505495204192207e-2,3.90922218922023e-2
0x6a3d9a,runtime wasm,2.7927045632498753,2.7609832333746454,2.815311112750048,3.743991906193003e-2,2.196323778524246e-2,5.220758975749275e-2
