Color,Name,Mean,MeanLB,MeanUB,Stddev,StddevLB,StddevUB
0xa6cee3,ocaml,0.27036860814657,0.2702438116801204,0.27057042373320045,2.3594466491645987e-4,7.833372712089576e-5,3.2137762008382345e-4
0x1f78b4,ocaml byte,0.9753687936876835,0.9744511974376641,0.9769537374378388,1.6358620249563504e-3,2.867841681628649e-4,2.1147413717116487e-3
0xb2df8a,haskell,2.5983209594788073,2.5892760903328353,2.604848365812245,1.1455389419291976e-2,6.61187176634892e-3,1.497061198775711e-2
0x33a02c,haskell strict,1.2638584651042113,1.257975786083231,1.2684829358752268,7.141362848737164e-3,4.803369246967536e-3,8.78209601830884e-3
0xfb9a99,juvix,1.8329072713960006,1.8303561204377274,1.834272817125111,2.4924259076101792e-3,6.262367712398967e-4,3.281092645707316e-3
0xe31a1c,juvix wasm,1.557888406770947,1.5556074575627008,1.560563248666464,3.539966107939441e-3,1.652208231565134e-3,4.599306526094468e-3
0xcab2d6,runtime,3.7213290489582582,3.7094836816248744,3.72811353516651,1.182871280224313e-2,4.992981251156589e-3,1.6324930371497876e-2
0x6a3d9a,runtime wasm,2.2997901597295822,2.286011655834045,2.310235016937895,1.6685535079635407e-2,1.082633050354678e-2,2.0623774483343727e-2
