Color,Name,Mean,MeanLB,MeanUB,Stddev,StddevLB,StddevUB
0xa6cee3,ocaml,1.1633897690416954,1.1404380277499513,1.1762794182916803,2.6779226630901987e-2,2.3575536062405984e-2,2.976736985695436e-2
0x1f78b4,ocaml byte,7.070870140624891,7.040610742124784,7.091272096374894,3.345474340362524e-2,1.9078851021325914e-2,4.711629857703685e-2
0xb2df8a,haskell,1.9273232957498674,1.8628989335000674,1.9798370224995097,7.753517667409895e-2,5.177475588844752e-2,9.519401756553342e-2
0x33a02c,haskell strict,1.8101740361250147,1.7779134232500837,1.8349002142501831,3.8567169369431324e-2,2.6589152132699384e-2,4.5315386048089164e-2
0xfb9a99,juvix,1.7411474660833808,1.7346877718333833,1.752625662750006,1.2038635227575468e-2,3.8604833675221634e-4,1.4220562437559233e-2
0xe31a1c,juvix wasm,0.8484503956248469,0.8472477197500059,0.8496354869995836,1.638237820059365e-3,7.986235241324751e-4,2.218186662050888e-3
0xcab2d6,runtime,2.10684672883311,2.101483841999652,2.1110649059999105,6.613682628108939e-3,4.091291399189148e-3,8.418733024183871e-3
0x6a3d9a,runtime wasm,2.34834763166657,2.2874949450000486,2.378432245416434,5.7948735674334576e-2,2.7676089499891532e-2,7.027549319071999e-2
