Color,Name,Mean,MeanLB,MeanUB,Stddev,StddevLB,StddevUB
0xa6cee3,ocaml,0.3473163570625009,0.34539711649995297,0.3498610401248546,3.046018097535965e-3,1.2545590772066757e-3,3.948404671540824e-3
0x1f78b4,ocaml byte,1.0649780928331818,1.0505223680833449,1.0893797077497993,2.4689638664647996e-2,2.588744498662414e-3,3.0795321803935505e-2
0xb2df8a,haskell,2.1281056350207073,2.1185629015623704,2.1349709200831817,1.0905509988940448e-2,6.7604931177197266e-3,1.5348845166939162e-2
0x33a02c,haskell strict,0.8584398259584797,0.8328514661255895,0.8715428627082625,2.4741695472879622e-2,2.5153159168287975e-3,3.0260167178754772e-2
0xfb9a99,juvix,1.1154153370625484,1.1110904622501796,1.1175401306249644,4.252184061637657e-3,1.7386946666398014e-4,5.080870007597064e-3
0xe31a1c,juvix wasm,1.029539269958434,1.0291431770000372,1.029842525625213,4.801990952721603e-4,3.095198308018721e-4,5.935896891035056e-4
0xcab2d6,runtime,1.4605722172708322,1.4589840108542567,1.4634475955832993,2.9898254464147405e-3,2.644188331638597e-4,3.6678056085544274e-3
0x6a3d9a,runtime wasm,1.0037439324166257,0.9912825655832762,1.028179110166775,2.4603222082893166e-2,3.8895414033891795e-4,2.8778293982820103e-2
