Color,Name,Mean,MeanLB,MeanUB,Stddev,StddevLB,StddevUB
0xa6cee3,ocaml,1.187157459812416,1.1752928576250952,1.1967024307496104,1.4609743415840185e-2,8.935554420737731e-3,1.8445228546358113e-2
0x1f78b4,ocaml byte,7.005812709562615,6.916059587624773,7.130759322000472,0.151178031075414,5.2868556115042764e-2,0.20558436648914327
0xb2df8a,haskell,1.9015665072292904,1.8365816433333748,1.9390345585419482,7.587208110028279e-2,6.742003761411348e-2,8.409427937329018e-2
0x33a02c,haskell strict,1.8712686914374974,1.8145955469999535,1.8907223905000212,3.815666595087174e-2,4.805147875003968e-3,4.5766447408336915e-2
0xfb9a99,juvix,1.7388350403124377,1.7368353167498753,1.740188622124947,2.4077726861417193e-3,1.2016552782674883e-3,3.125963295289517e-3
0xe31a1c,juvix wasm,0.8463389935834774,0.8458302115000151,0.8465975905835043,4.8253640259285466e-4,1.9426489233845615e-5,5.876515170673523e-4
0xcab2d6,runtime,2.09642458029172,2.0885804028749817,2.099859080958443,7.604698504396332e-3,3.5743055739067744e-3,1.0183712234641632e-2
0x6a3d9a,runtime wasm,2.392150820979149,2.3892239306874785,2.3937642688749747,2.8076252179407087e-3,1.0186127957445615e-3,3.7443689902759447e-3
