Color,Name,Mean,MeanLB,MeanUB,Stddev,StddevLB,StddevUB
0xa6cee3,ocaml,0.2994792411633413,0.2938060670801496,0.30342899359009606,6.927367243555687e-3,4.1341003570429065e-3,9.243762285481393e-3
0x1f78b4,ocaml byte,1.1332941316241734,1.1261481057501137,1.1397135062491845,9.244424087270177e-3,4.29413067190739e-3,1.220890917618998e-2
0xb2df8a,haskell,3.026531386500286,3.005947679875362,3.0552085625007144,3.3664297803430686e-2,1.0025353499713674e-2,4.117359983830761e-2
0x33a02c,haskell strict,1.4111756391247734,1.397785405875311,1.4316506988750461,2.2890578393608547e-2,6.4619917065998934e-3,2.892081703384271e-2
0xfb9a99,juvix,2.141181503541096,2.1280959447485657,2.147517113666557,1.2423322742732595e-2,2.653274750628043e-3,1.5125043328505927e-2
0xe31a1c,juvix wasm,1.9630328074995305,1.9549597778750467,1.9736094211243653,1.3510852286963833e-2,5.6643399891001e-3,1.8069422308762254e-2
0xcab2d6,runtime,4.060047463374683,4.030641630750021,4.075199672624194,2.830688560014429e-2,7.038818057637255e-3,3.747433979200524e-2
0x6a3d9a,runtime wasm,2.5543765276875092,2.522898348999661,2.5798013386879575,3.8300891795320376e-2,2.5309206763074958e-2,4.824051776346666e-2
