Color,Name,Mean,MeanLB,MeanUB,Stddev,StddevLB,StddevUB
0xa6cee3,ocaml,0.34395129758354415,0.3411819068335262,0.3473580745003346,4.54475925794372e-3,2.2947718178518936e-3,6.1009917380135436e-3
0x1f78b4,ocaml byte,1.1127639597082937,1.0636552166667266,1.1990238919997864,8.591591757081282e-2,1.280063033330714e-2,0.10913381977033464
0xb2df8a,haskell,1.882172430999977,1.865590039374979,1.899849706250052,2.7191117712236534e-2,6.064902919876589e-3,3.475901557680269e-2
0x33a02c,haskell strict,0.8986490354999432,0.8878320394999264,0.9078471399998307,1.3194630639048426e-2,8.214750579259167e-3,1.6283484801365086e-2
0xfb9a99,juvix,1.1189386547292581,1.1186899969374622,1.1190726636249337,2.4491047822806895e-4,3.8913249682082096e-5,3.095918612378415e-4
0xe31a1c,juvix wasm,1.0673195424792727,1.0618379744167517,1.0769532355625984,1.0204944111293045e-2,2.2330303333243373e-3,1.2418140170898097e-2
0xcab2d6,runtime,1.4647415516876283,1.4620958105004622,1.4692504643124948,4.723065128376397e-3,9.010887501214038e-4,5.854484294078334e-3
0x6a3d9a,runtime wasm,0.990105134000108,0.9896822673750876,0.990700704000119,6.565648064359588e-4,1.7898870923957553e-4,8.185487363668636e-4
