Color,Name,Mean,MeanLB,MeanUB,Stddev,StddevLB,StddevUB
0xa6cee3,ocaml,0.3410831003751582,0.33951098962506876,0.34228570587515605,2.1851523450100254e-3,1.152110946691187e-3,2.777298436610719e-3
0x1f78b4,ocaml byte,1.0756228631668325,1.0516299340006299,1.1125752426249846,3.90933425207586e-2,7.818298729806598e-3,4.7610190074372026e-2
0xb2df8a,haskell,2.0930827524167057,2.078227093999942,2.1093644239999776,2.1680992935351785e-2,1.021068740290691e-2,2.8726753154503397e-2
0x33a02c,haskell strict,0.8661900513333762,0.8417065063750329,0.8778217281250136,2.3835499465339333e-2,5.8584535834143026e-3,3.1653542298250875e-2
0xfb9a99,juvix,1.1188767895415026,1.1185029041249095,1.1195464456249056,6.797557593739028e-4,7.907706810872665e-5,8.4120723262172e-4
0xe31a1c,juvix wasm,1.000569999437668,1.000228259375073,1.0007635950003837,3.413583830605644e-4,1.5083840408523224e-4,4.7242580703072616e-4
0xcab2d6,runtime,1.4997382107707722,1.497132132750039,1.5023976731459356,3.412335547143893e-3,1.8392477457099812e-3,4.201745536884259e-3
0x6a3d9a,runtime wasm,1.008164261291654,1.0056288784164735,1.0094003791667774,2.4683408591067942e-3,1.7522891675980645e-4,2.9294234796930674e-3
