Color,Name,Mean,MeanLB,MeanUB,Stddev,StddevLB,StddevUB
0xa6cee3,ocaml,0.33253703303002113,0.3309173627402925,0.33393984725007614,2.3096078351724785e-3,1.50585654603794e-3,3.4994646532108893e-3
0x1f78b4,ocaml byte,1.1676939943326943,1.1663720479991753,1.16852201374968,1.5618344933555394e-3,1.300859754426905e-3,1.8068628934437524e-3
0xb2df8a,haskell,3.231375419417039,3.1124626440834318,3.328953111625651,0.14165977873548677,0.11881788994508687,0.1619454604188098
0x33a02c,haskell strict,1.4952936794367513,1.489896945999135,1.4990448766244906,6.707885253041379e-3,4.158601503191139e-3,8.663018824498625e-3
0xfb9a99,juvix,2.22286762331305,2.1668247693751255,2.264376894875568,6.954744682068786e-2,4.137923852283794e-2,8.804618870602446e-2
0xe31a1c,juvix wasm,1.8748888688331438,1.8533324997497402,1.8870509857497382,2.497512169906907e-2,2.1860134645593818e-2,2.684012624257531e-2
0xcab2d6,runtime,4.311358024854523,4.289383113853925,4.344768989001295,3.828176307644358e-2,9.41118333351687e-3,5.07488831264528e-2
0x6a3d9a,runtime wasm,2.655795415979052,2.651791354749548,2.659799477208556,6.367970399572634e-3,1.897683250374987e-3,8.493722115532358e-3
