Color,Name,Mean,MeanLB,MeanUB,Stddev,StddevLB,StddevUB
0xa6cee3,ocaml,1.9453115208952265,1.8958679667910778,1.9784698283330424,5.981728061734938e-2,3.95772307248547e-2,7.185194406893507e-2
0x1f78b4,ocaml byte,6.983445421520476,6.727857815749303,7.134931116833589,0.30475165780416147,0.2564141565493373,0.3498412278696136
0xb2df8a,haskell,2.383092854771121,2.364589225041982,2.40159648450026,2.7921947614195527e-2,1.0926320854586394e-2,3.81427726956943e-2
0x33a02c,haskell strict,2.264255594833609,2.2507098501672163,2.2820529378329106,2.1712314994340138e-2,8.166319883317858e-3,2.954840841939687e-2
0xfb9a99,juvix,5.826598115520937,5.721558007166095,5.93163822387578,0.15129790313939667,6.239149017276743e-2,0.20528087236096504
0xe31a1c,juvix wasm,5.055092872521072,4.987318619145299,5.095262978166829,6.820688139878689e-2,2.8707458118287912e-2,9.430526664530457e-2
0xcab2d6,runtime,3.786851420978792,3.7445934654583652,3.82338529156209,5.5302703332441486e-2,3.0984933625697583e-2,7.433391514081501e-2
0x6a3d9a,runtime wasm,4.134668792770905,4.06152909064637,4.172324083333176,6.973117553034644e-2,1.247079133342277e-2,8.696116857016119e-2
