Color,Name,Mean,MeanLB,MeanUB,Stddev,StddevLB,StddevUB
0xa6cee3,ocaml,1.9719064801459656,1.9337111787504,1.9901039365627184,3.726492881359569e-2,1.2504291918964273e-2,5.035628104449957e-2
0x1f78b4,ocaml byte,7.617379473437192,7.2140620860622375,8.226019212688016,0.6838129743868382,0.17113996650035324,0.8353205429030006
0xb2df8a,haskell,2.6228771859163467,2.600561673998982,2.637339640416864,2.7358596873474077e-2,1.6556585268960942e-2,3.339960799606528e-2
0x33a02c,haskell strict,2.494284913812104,2.4913022364992985,2.4970920227497118,4.401346195357719e-3,2.709762958840338e-3,6.1803689324076575e-3
0xfb9a99,juvix,5.883737100750068,5.850511444999938,5.9160596165004335,4.526446991243465e-2,2.2476529585992753e-2,6.1463378288091654e-2
0xe31a1c,juvix wasm,5.111068303749637,5.104227106998829,5.114777565624763,7.929769903445237e-3,6.961662303825465e-3,8.566173368394202e-3
0xcab2d6,runtime,3.819502999751118,3.81059240375104,3.8257650710008115,1.0879914338636184e-2,5.2970495007684795e-3,1.4461634086781075e-2
0x6a3d9a,runtime wasm,4.272212696479225,4.250861539749167,4.3059863534376746,3.953248537660066e-2,1.5653057666592307e-2,4.835600713189625e-2
