Color,Name,Mean,MeanLB,MeanUB,Stddev,StddevLB,StddevUB
0xa6cee3,ocaml,1.1799512547291897,1.1655429360000653,1.1943595734583141,1.8284593646356172e-2,9.697467410245447e-3,2.29192504496666e-2
0x1f78b4,ocaml byte,7.121614267479193,6.980713089312758,7.196672540374948,0.13751494766842998,3.7666599653249686e-2,0.18248868631242088
0xb2df8a,haskell,1.858747734375034,1.8023581064999235,1.9036842370001068,7.293273835882537e-2,4.817125985950606e-2,9.783369590548505e-2
0x33a02c,haskell strict,1.8509701937917953,1.7951518715833572,1.8929049805001341,7.192523207635196e-2,4.547710468204535e-2,9.637479143469463e-2
0xfb9a99,juvix,1.7414905171872874,1.7355434208744782,1.744091424249973,5.751755267964412e-3,2.5585621214167607e-3,7.72769305727327e-3
0xe31a1c,juvix wasm,0.8493256082709877,0.8485814787502477,0.8501575954376221,1.0625850993999898e-3,4.363719295352658e-4,1.4351607001389989e-3
0xcab2d6,runtime,2.1007565510000368,2.0951797447499607,2.10421240350009,5.963063128998812e-3,2.181885286152369e-3,7.980949484741944e-3
0x6a3d9a,runtime wasm,2.357314931479209,2.3128473410623656,2.3800998343543824,4.3636978384847536e-2,2.6506985611144458e-2,5.2619479233763436e-2
