Color,Name,Mean,MeanLB,MeanUB,Stddev,StddevLB,StddevUB
0xa6cee3,ocaml,1.1976438044792417,1.1668987163750444,1.218370830812603,3.4170652815416404e-2,1.8834917750311445e-2,4.786701693226623e-2
0x1f78b4,ocaml byte,6.956433707250123,6.918835259750192,6.978363299750148,3.873859168140878e-2,2.047090642904392e-2,5.446014867905507e-2
0xb2df8a,haskell,1.921966745729056,1.8688176448748663,1.9495589136040696,6.142696269630289e-2,5.414142483338458e-2,6.372138220065808e-2
0x33a02c,haskell strict,1.8291737873123755,1.7819571594997115,1.8632804021250042,5.852479780936237e-2,3.429494486592175e-2,7.876585297287242e-2
0xfb9a99,juvix,3.6948010318540505,3.670359826312506,3.7111763798331667,2.754496294880512e-2,1.368596748720517e-2,3.7817246255266425e-2
0xe31a1c,juvix wasm,2.545002389083436,2.5281627530835067,2.5639116583334385,2.4567298160366326e-2,1.136995341808105e-2,3.172543116306844e-2
0xcab2d6,runtime,2.8716749916040953,2.8680180594999456,2.8740747842707606,3.9215204227329775e-3,2.278638353621353e-3,5.542083768393853e-3
0x6a3d9a,runtime wasm,2.3930840632498303,2.3781389268749535,2.403254269249601,1.819973898507062e-2,1.0722814091402882e-2,2.4817950380954593e-2
