Color,Name,Mean,MeanLB,MeanUB,Stddev,StddevLB,StddevUB
0xa6cee3,ocaml,1.2068501859794385,1.2050954992291925,1.2076978426669787,1.688208775364837e-3,1.3711693653846685e-4,2.028456223123432e-3
0x1f78b4,ocaml byte,7.052762923874771,6.981202812874869,7.117938661499541,9.961413190435126e-2,6.413373394332586e-2,0.12598347464523232
0xb2df8a,haskell,2.168827435208224,2.1185708894166355,2.2007260288332113,6.050855160391244e-2,4.228372695384701e-2,7.366664646462776e-2
0x33a02c,haskell strict,1.958990240853988,1.9414931846664938,1.9814634956874215,2.7231538110372745e-2,1.1120405069732553e-2,3.464435626691494e-2
0xfb9a99,juvix,1.7212232002916608,1.7150498344998368,1.7246872332084422,5.972771038607845e-3,2.734136630066905e-3,7.999841347941941e-3
0xe31a1c,juvix wasm,0.8494627054791787,0.845163830583336,0.8522041049375275,5.021078791575502e-3,4.550736356508723e-3,5.70924769651954e-3
0xcab2d6,runtime,2.1053891186873557,2.1009142428123937,2.1101059482498385,6.471756712673968e-3,3.305855500002508e-3,8.363638605346495e-3
0x6a3d9a,runtime wasm,2.377014114083181,2.3579061343330068,2.38683227095828,1.8401962784629095e-2,9.493567083382004e-3,2.2674062059137055e-2
