Color,Name,Mean,MeanLB,MeanUB,Stddev,StddevLB,StddevUB
0xa6cee3,ocaml,0.34441312606266666,0.3432840551249683,0.3460078256879342,1.8420938280000708e-3,5.203311579040294e-4,2.449827240767244e-3
0x1f78b4,ocaml byte,1.057333724000235,1.0370862860004308,1.0717987927499735,2.3807556936844748e-2,2.0506907103815808e-2,2.751994155768557e-2
0xb2df8a,haskell,2.0692113981458156,2.061585239124952,2.0754659355416534,1.0457430052963672e-2,6.22849973353762e-3,1.4444235396573909e-2
0x33a02c,haskell strict,0.835096163687505,0.830176027375046,0.8432304500624923,8.744542512199562e-3,1.3763001250026718e-3,1.110877560049101e-2
0xfb9a99,juvix,1.0882222991667732,1.0788688103334607,1.0936993218750786,1.08512706326756e-2,9.5835735123232e-3,1.1828394261810517e-2
0xe31a1c,juvix wasm,0.9709520203957899,0.9661591294998289,0.9746152197499214,5.6872943777423746e-3,4.560547135042092e-3,6.674188356765024e-3
0xcab2d6,runtime,1.410282128125137,1.3918408040000636,1.422583115375024,2.1533044532176242e-2,1.927858230731721e-2,2.4286519954339027e-2
0x6a3d9a,runtime wasm,0.9788995924999995,0.9720801149999261,0.9825853597500327,6.508427007805707e-3,2.7507583067920395e-3,8.511914855907951e-3
