Color,Name,Mean,MeanLB,MeanUB,Stddev,StddevLB,StddevUB
0xa6cee3,ocaml,0.3446654919790717,0.3418272618332594,0.34689379154156086,3.529812538732756e-3,2.000050307369881e-3,4.554561447457497e-3
0x1f78b4,ocaml byte,1.132936315020686,1.0590266127916266,1.1988273593331087,9.19608576074511e-2,4.9370263124842495e-2,0.11367927650050906
0xb2df8a,haskell,2.125567467062505,2.1142287273748552,2.134268813999976,1.3837888206453534e-2,8.80482145863319e-3,1.735804046206966e-2
0x33a02c,haskell strict,0.8665859082291073,0.8566052969166927,0.8728093089165819,1.0760480587940744e-2,4.027278621831478e-3,1.4372328248753502e-2
0xfb9a99,juvix,1.1186341803542252,1.1175766282294906,1.120590258291448,1.940522578236596e-3,2.659958328573575e-4,2.2990207790937857e-3
0xe31a1c,juvix wasm,1.003148991895633,1.0027498783327549,1.0033441282708015,3.794957755888724e-4,7.712208328791714e-5,4.710651369301901e-4
0xcab2d6,runtime,1.464785084416538,1.461997299583269,1.4696061079997662,4.7970148120919645e-3,1.4900472386932184e-3,6.438113295722125e-3
0x6a3d9a,runtime wasm,0.9949757435417723,0.9940395179171446,0.9955914139165998,1.0132540600898883e-3,5.287226931189312e-4,1.4218298265548462e-3
