Color,Name,Mean,MeanLB,MeanUB,Stddev,StddevLB,StddevUB
0xa6cee3,ocaml,0.28731638096695555,0.2845350351003253,0.29047425583342673,4.54360446901731e-3,2.779253033770928e-3,6.0672950822852146e-3
0x1f78b4,ocaml byte,1.0731817999169,1.0408516447505463,1.095544810375145,3.813985292451987e-2,3.0685139975733203e-2,4.4196463616989506e-2
0xb2df8a,haskell,3.009085856875231,2.945439073999978,3.059758045875469,7.690459624989211e-2,5.5578539500174884e-2,9.41401105486478e-2
0x33a02c,haskell strict,1.3350374281877748,1.3273057168124751,1.3448104274998514,1.1259065324754708e-2,3.793615625681923e-3,1.4083042999288321e-2
0xfb9a99,juvix,1.9904910082706238,1.9632078513748183,2.0178090113747658,3.575654656164726e-2,1.823523287498574e-2,4.398401142029829e-2
0xe31a1c,juvix wasm,1.6174827593122625,1.5749841258124206,1.6384309133121633,4.0744259615513784e-2,1.3910111583515378e-3,4.908305126850295e-2
0xcab2d6,runtime,4.105877845291881,4.005635898541793,4.27811158966703,0.18388575668889007,4.37592074169213e-2,0.22438407430723928
0x6a3d9a,runtime wasm,2.6423550509999436,2.613832718499907,2.6609980262499753,3.458421450277224e-2,2.2815398270842946e-2,4.3054107116405255e-2
