Color,Name,Mean,MeanLB,MeanUB,Stddev,StddevLB,StddevUB
0xa6cee3,ocaml,1.2121856437709841,1.20588370754164,1.2205882998333284,1.0065203145613636e-2,3.325799040311144e-3,1.3594735537682973e-2
0x1f78b4,ocaml byte,7.115417154458517,7.035177812000256,7.169462623750178,0.10026413348155584,4.8658835000424006e-2,0.12088251620910519
0xb2df8a,haskell,1.8361367669582667,1.8069194010830263,1.8505263079166903,2.8182563640960015e-2,4.8660717499160455e-3,3.6546735940873695e-2
0x33a02c,haskell strict,1.9724764269165576,1.939528772333233,1.9924413663748624,3.8218953945132174e-2,3.47618042500244e-2,4.1028463785643454e-2
0xfb9a99,juvix,1.7686020738125687,1.7618265153750297,1.772211423125024,6.622661996280834e-3,3.405570500187083e-3,8.335435188582013e-3
0xe31a1c,juvix wasm,0.8548869246667626,0.8540677064999613,0.8561088799170496,1.331735773857515e-3,3.679079165597732e-4,1.7129038522000278e-3
0xcab2d6,runtime,2.132740309666815,2.1269543815003544,2.135823241666685,6.695403022728514e-3,5.923714071796244e-3,7.11972648007348e-3
0x6a3d9a,runtime wasm,2.3679004567083553,2.3130226247499763,2.3953320022499724,5.204820292361624e-2,1.2615890250003758e-2,6.33844834038918e-2
