Color,Name,Mean,MeanLB,MeanUB,Stddev,StddevLB,StddevUB
0xa6cee3,ocaml,1.9646936501249759,1.9638148327497522,1.9652943802502705,9.754266278803686e-4,6.043303654741272e-4,1.3779035754450046e-3
0x1f78b4,ocaml byte,5.9469113470205075,5.9451366884578265,5.9482126241243805,2.157836544757388e-3,1.3016087355762977e-3,2.972748534514362e-3
0xb2df8a,haskell,2.2458172990831904,2.242096870333133,2.2495629034997364,4.7944455538601015e-3,2.470938333005264e-3,5.816815893772076e-3
0x33a02c,haskell strict,2.1933358586455824,2.1920710947497355,2.195817998958546,2.4986670158702474e-3,8.701212459527596e-5,2.9174861279997917e-3
0xfb9a99,juvix,3.4364352987911766,3.4329376994992344,3.438742290958051,4.422668416106496e-3,2.3897644300787074e-3,5.327770194253325e-3
0xe31a1c,juvix wasm,1.3858748727709933,1.3819773505835353,1.3882661633542361,4.654571061976336e-3,2.012777666398846e-3,5.666013903448274e-3
0xcab2d6,runtime,3.2839334973748087,3.2831992128745924,3.2847736985001275,1.0868266819305911e-3,5.610075605951128e-4,1.4165398553905074e-3
0x6a3d9a,runtime wasm,3.4923415462920198,3.4863795945835436,3.49740389116702,8.461717786328024e-3,4.209830988132471e-3,1.1690984705248432e-2
