Color,Name,Mean,MeanLB,MeanUB,Stddev,StddevLB,StddevUB
0xa6cee3,ocaml,0.3161855929400796,0.31517126514008853,0.31683553179997637,1.165347736437195e-3,6.03554889680776e-4,1.7800952994386223e-3
0x1f78b4,ocaml byte,1.0019031558330198,1.0003961584993704,1.0029622123331592,1.8830871677265758e-3,1.1546234579669868e-3,2.445786221769969e-3
0xb2df8a,haskell,2.8493133539168034,2.8419971855000767,2.8532835574999353,7.7657129062033165e-3,3.1550845515957507e-3,1.0619963486701812e-2
0x33a02c,haskell strict,1.4333302497079405,1.4318803994992777,1.434337642999708,1.7018824366353007e-3,1.4610099707409619e-3,1.8937425617337647e-3
0xfb9a99,juvix,1.8303331730830525,1.8278260174996603,1.834672336249696,4.522840254665061e-3,9.367427291694774e-4,5.790027803887183e-3
0xe31a1c,juvix wasm,1.4515549489378827,1.4496325077511756,1.4527304296875627,2.252653765800345e-3,7.344602674467376e-5,2.751869625483996e-3
0xcab2d6,runtime,3.4472490280831685,3.4371072801667806,3.4555534823333196,1.3647364083200567e-2,8.182247883202251e-3,1.871473430504783e-2
0x6a3d9a,runtime wasm,2.1159952213960196,2.0877255255004457,2.130070065208429,2.7086090475739098e-2,4.482488625171754e-3,3.278160668528832e-2
