Color,Name,Mean,MeanLB,MeanUB,Stddev,StddevLB,StddevUB
0xa6cee3,ocaml,0.3153179142067469,0.31491503374005336,0.31554572494011157,4.4022591409340414e-4,2.0994119024844992e-4,5.88029741944837e-4
0x1f78b4,ocaml byte,1.1663659279373253,1.165102277999722,1.1672192633122904,1.4960435768811003e-3,1.1601113705828644e-3,1.7744778251503448e-3
0xb2df8a,haskell,3.1400526107916753,3.137558338749841,3.1413774529999046,2.881277485766945e-3,2.5316695382778345e-3,2.956987834548469e-3
0x33a02c,haskell strict,1.4764798391458953,1.4722712695001974,1.4798170994374686,5.039522775940978e-3,3.916281648288935e-3,5.820210472840617e-3
0xfb9a99,juvix,2.1916017930002076,2.189135987624771,2.192794961249926,2.4102048716929956e-3,1.0329494498443306e-3,3.2962803257711734e-3
0xe31a1c,juvix wasm,1.8610196919372584,1.8569429551868097,1.8661391244373817,6.236374862356872e-3,2.72835203186445e-3,8.083133698467852e-3
0xcab2d6,runtime,4.257998850479718,4.251208791625686,4.271366417250192,1.3035935766665988e-2,9.300050001002091e-4,1.5439438554784643e-2
0x6a3d9a,runtime wasm,2.6421653932925437,2.6311722359168925,2.647324178542931,1.0812227937020464e-2,1.351173749753798e-3,1.2741655796996267e-2
