Color,Name,Mean,MeanLB,MeanUB,Stddev,StddevLB,StddevUB
0xa6cee3,ocaml,1.1848914918541216,1.165494712999589,1.2201033387293212,3.676079574593054e-2,6.415072166722324e-3,4.450690211506729e-2
0x1f78b4,ocaml byte,6.985809018541754,6.904987703833589,7.061152532791634,0.12339998469508638,7.516877018552842e-2,0.1739983929354429
0xb2df8a,haskell,1.8611231308958243,1.840474958625009,1.8923100240624535,3.495478555062812e-2,7.6325393749812065e-3,4.57781835286883e-2
0x33a02c,haskell strict,1.890767756458331,1.8702868418333765,1.9064006989583504,2.7361149988396512e-2,1.76729465352881e-2,3.610273424244869e-2
0xfb9a99,juvix,1.7584499084582035,1.750698308416645,1.7658970156248301,1.1554914697194526e-2,6.5221878860331145e-3,1.6242642177069482e-2
0xe31a1c,juvix wasm,0.845524072666611,0.8448050606667342,0.8458768109165552,6.830360497951295e-4,3.068411666238835e-4,8.458729924826947e-4
0xcab2d6,runtime,2.1046717653750306,2.1010301935002644,2.1068500390001645,4.32747024934701e-3,1.5842312501490596e-3,5.75904353146378e-3
0x6a3d9a,runtime wasm,2.3534166182709177,2.3377890590628,2.364256456604134,1.9627987548445615e-2,1.0546023939506051e-2,2.50335343186179e-2
