Color,Name,Mean,MeanLB,MeanUB,Stddev,StddevLB,StddevUB
0xa6cee3,ocaml,0.3413336640207376,0.33593764356254496,0.34477050218737304,5.855485259674412e-3,2.423135166975072e-3,7.93703776267257e-3
0x1f78b4,ocaml byte,1.0612772863750404,1.0514489992501694,1.07234096912498,1.3409739487886646e-2,5.431022996831033e-3,1.7113393770105536e-2
0xb2df8a,haskell,1.8492653890416477,1.8421474579999995,1.8568327577499986,1.0520560384189932e-2,3.761757749998651e-3,1.3132385744118272e-2
0x33a02c,haskell strict,0.8992839288126598,0.8958255551250431,0.9028822506251117,5.581623658562836e-3,3.21896884132299e-3,7.887321457521298e-3
0xfb9a99,juvix,1.1205835812709022,1.1199936306875884,1.1216062637499817,1.0853125402949082e-3,1.555168372229692e-4,1.3624325123390497e-3
0xe31a1c,juvix wasm,1.061447286062408,1.06100715918753,1.0623100761872024,8.592211453102219e-4,2.9828124866071448e-5,9.995049661190528e-4
0xcab2d6,runtime,1.4689641411247294,1.4652816148748116,1.47155877924979,4.319146330852301e-3,2.5242455070208863e-3,5.99206007981351e-3
0x6a3d9a,runtime wasm,0.9940215856040027,0.9936856113749855,0.9943908403745354,4.717872266957227e-4,2.3301370928146612e-4,5.988660925487282e-4
