Color,Name,Mean,MeanLB,MeanUB,Stddev,StddevLB,StddevUB
0xa6cee3,ocaml,1.9409324983120466,1.9388672639990243,1.9422665955623113,2.1992136113257806e-3,1.156581068447462e-3,3.0809656262618017e-3
0x1f78b4,ocaml byte,5.910903373103944,5.902105592936323,5.916820636104528,9.996351394957423e-3,4.977984385146544e-3,1.3665333545010235e-2
0xb2df8a,haskell,2.3190116615416705,2.3181939228333404,2.320031308125067,1.2933205717034807e-3,5.447877923256103e-4,1.7800017682531525e-3
0x33a02c,haskell strict,2.1383664614581903,2.1368132480829445,2.139140602916541,1.527969445961552e-3,8.174274989869446e-5,1.8406905192725283e-3
0xfb9a99,juvix,5.316824521249562,5.314326096749255,5.318232059499678,2.897913696754879e-3,2.6053859999137785e-3,3.129505483590889e-3
0xe31a1c,juvix wasm,4.17577316174993,4.173236609625064,4.1786995396248585,3.674654395317601e-3,2.9303675862859856e-3,4.362562557271869e-3
0xcab2d6,runtime,3.3283451704373497,3.3214668438123454,3.331424271249792,6.592925958167095e-3,2.013374540839782e-3,8.773936182378822e-3
0x6a3d9a,runtime wasm,3.1221595651248513,3.1141600813748482,3.1269653362496683,8.122646712439948e-3,3.7276988543696477e-3,1.1314698687826462e-2
