Color,Name,Mean,MeanLB,MeanUB,Stddev,StddevLB,StddevUB
0xa6cee3,ocaml,0.3406398870834361,0.33144390183376043,0.3450957638332663,8.694748210094595e-3,2.3192458333293475e-3,1.0946811673495375e-2
0x1f78b4,ocaml byte,1.0819851236249367,1.039577978750117,1.111728339499905,5.010349441161135e-2,4.125671099988415e-2,5.949248720037562e-2
0xb2df8a,haskell,2.108113824041652,2.0722462070000347,2.134785452250071,4.5523900994296304e-2,2.8288107600782854e-2,6.1595486903425194e-2
0x33a02c,haskell strict,0.8721285173124329,0.8677381938751978,0.876518840749668,7.169154350200678e-3,3.730481591782365e-3,1.0086303862245335e-2
0xfb9a99,juvix,1.115413418916584,1.1135190667498591,1.1165954362500088,2.3144345858257683e-3,1.4305495851832028e-3,2.7246651654918254e-3
0xe31a1c,juvix wasm,1.0321724273958732,1.0300795939997442,1.0362328304373705,4.077987389228933e-3,1.4484050029750506e-4,4.772436013356065e-3
0xcab2d6,runtime,1.4637867808542637,1.4569535166252763,1.4673788413958277,6.476345171195431e-3,2.5779641869226213e-3,8.295508482469688e-3
0x6a3d9a,runtime wasm,0.9913713530206868,0.9903898646665918,0.9920704423957621,1.2091525348761733e-3,5.824201743272132e-4,1.4878493972165063e-3
