Color,Name,Mean,MeanLB,MeanUB,Stddev,StddevLB,StddevUB
0xa6cee3,ocaml,1.1929193730835361,1.166526445916778,1.210387371000195,3.351348464352414e-2,1.785725672933562e-2,4.0340613197547164e-2
0x1f78b4,ocaml byte,6.911895187604254,6.821029515916659,6.9737731761874215,0.10054541193198493,6.123118063017115e-2,0.14207660374314432
0xb2df8a,haskell,1.8963643435001245,1.8649995832500394,1.9157254736251161,3.210585261949584e-2,1.459737050602308e-2,4.4712614757917164e-2
0x33a02c,haskell strict,1.9238774429583334,1.8967358748749916,1.9614168628333648,4.5603707676972735e-2,1.7074641249905653e-2,5.794280180933842e-2
0xfb9a99,juvix,1.7501984787499698,1.7398363764999658,1.7555949390000478,1.0083874213375681e-2,2.229997602704521e-3,1.310845380565308e-2
0xe31a1c,juvix wasm,0.8572637023750076,0.85351679900009,0.8593533226252248,4.3689467307688615e-3,3.913414634832285e-3,4.778748674140624e-3
0xcab2d6,runtime,2.1200324154999826,2.112191953499898,2.1246373895000374,9.200907541949481e-3,7.813147417465272e-3,1.0634731914171917e-2
0x6a3d9a,runtime wasm,2.377802837520884,2.334469852250095,2.4013405128334093,4.3901871577469324e-2,5.712989666638579e-3,5.278304366498886e-2
