Color,Name,Mean,MeanLB,MeanUB,Stddev,StddevLB,StddevUB
0xa6cee3,ocaml,0.3434690024790636,0.3367376565626614,0.34713323047888406,6.754560954678766e-3,4.291930417858097e-3,8.462172088274045e-3
0x1f78b4,ocaml byte,1.255748506166621,1.2138173772497112,1.2838239722918086,4.585842646733953e-2,2.806094033585965e-2,6.48375117000052e-2
0xb2df8a,haskell,1.9943024924998742,1.9785785729998224,2.0126117674999477,2.6062778420775208e-2,8.972449521277678e-3,3.330770826592627e-2
0x33a02c,haskell strict,0.9220522698125819,0.8893325680000999,0.942818069937573,3.9400127154463865e-2,2.8713572250126163e-2,4.795656116840624e-2
0xfb9a99,juvix,1.1277456775626244,1.1271853087500858,1.1282209160001457,7.308307677452085e-4,5.580092623055034e-4,8.798569841498705e-4
0xe31a1c,juvix wasm,1.0049803011250447,1.0046037576251479,1.0054569044998516,6.024848851023183e-4,2.6805789575269547e-4,7.763940836321769e-4
0xcab2d6,runtime,2.1200835838333014,2.1153117752499497,2.125815212500015,6.969950296626504e-3,2.8527312164417194e-3,8.895252917915967e-3
0x6a3d9a,runtime wasm,1.0151610092500505,1.011061809000239,1.020361303374898,6.453949078238543e-3,2.8546694348630663e-3,8.25220625034643e-3
