Color,Name,Mean,MeanLB,MeanUB,Stddev,StddevLB,StddevUB
0xa6cee3,ocaml,0.34616139927103023,0.3439096475416742,0.3477579433336662,2.8400710932223222e-3,1.6364902846767778e-3,3.687060577343939e-3
0x1f78b4,ocaml byte,1.145506248979056,1.1338543681664912,1.1627120711874568,1.8717602599493045e-2,6.486912844037518e-3,2.4365509024896544e-2
0xb2df8a,haskell,1.8548784455000487,1.8447337320003498,1.8686752941248415,1.6185010015501693e-2,5.257410249896566e-3,1.9803868036778655e-2
0x33a02c,haskell strict,0.8884319782290694,0.8716291439999395,0.912467909562281,2.6550034653269113e-2,9.781765921416209e-3,3.44648177017809e-2
0xfb9a99,juvix,1.1192056074166885,1.1189587559999836,1.1193667791666257,3.0398323086219006e-4,1.7135933353529254e-4,3.722102128481118e-4
0xe31a1c,juvix wasm,1.0608644118747936,1.0608284371247692,1.0609253192500319,6.54395109170851e-5,1.0107749858434545e-5,8.308012644278293e-5
0xcab2d6,runtime,1.4541769600625873,1.4526989359375382,1.456433441375225,2.5975014443058463e-3,5.695270286563731e-4,3.4133505058635744e-3
0x6a3d9a,runtime wasm,0.9904748485833844,0.9900796835001984,0.9907229569999458,4.6176426658725073e-4,4.120701663244408e-4,5.243997436322942e-4
