Color,Name,Mean,MeanLB,MeanUB,Stddev,StddevLB,StddevUB
0xa6cee3,ocaml,0.31723894586341583,0.3168195785462497,0.3180434138308192,8.650293452005957e-4,1.3677609668709216e-4,1.1262629669448086e-3
0x1f78b4,ocaml byte,1.0036503015416354,0.9979885196246414,1.0073182824168423,6.007795003149003e-3,3.3040916766038e-3,8.470838982732463e-3
0xb2df8a,haskell,2.847259163874886,2.843702954750067,2.8501860114998863,4.454535565927996e-3,2.764577218773017e-3,5.814015648731036e-3
0x33a02c,haskell strict,1.4358601758959821,1.4331427811250705,1.4385775706668937,4.285672894373825e-3,1.4334874070977216e-3,5.788465590220564e-3
0xfb9a99,juvix,1.8290202284373056,1.8269102206251469,1.8307825123752839,2.607965755874966e-3,1.321120999212666e-3,3.3473551843131513e-3
0xe31a1c,juvix wasm,1.4488271611464445,1.4465861381263494,1.4509714753131675,3.0519088731883227e-3,1.1584915167421328e-3,3.6628392727499123e-3
0xcab2d6,runtime,3.451403933645755,3.437621156499972,3.4580447861249013,1.3130028921630869e-2,6.193947603348837e-3,1.6493568515257528e-2
0x6a3d9a,runtime wasm,2.1285169147291754,2.125655625124864,2.130587277833456,3.63150935962317e-3,2.149511569760001e-3,4.781298782306831e-3
