Color,Name,Mean,MeanLB,MeanUB,Stddev,StddevLB,StddevUB
0xa6cee3,ocaml,1.172056030645744,1.1475495054375529,1.1976392676248224,3.3432721655057236e-2,2.145190614134727e-2,4.480547404293881e-2
0x1f78b4,ocaml byte,7.153347556250101,7.08879256312512,7.268808637375059,0.11397015324676561,2.6963658718394096e-2,0.14908337063296973
0xb2df8a,haskell,1.9428947592916,1.9164956347499356,1.9626110767499085,3.139728333838093e-2,2.5712403409686623e-2,3.649593922057359e-2
0x33a02c,haskell strict,1.9115068289999424,1.8904842200000758,1.9224608897499138,2.1018451742026104e-2,1.497182697332381e-2,2.5297319690862147e-2
0xfb9a99,juvix,1.7506918031874648,1.7468071442499422,1.752639887249984,3.693523037350625e-3,2.6579330041863296e-5,4.48565714006593e-3
0xe31a1c,juvix wasm,0.8520346539999272,0.8511645251248486,0.8526405093749835,1.0976603295751622e-3,5.95170413900915e-4,1.399163055514964e-3
0xcab2d6,runtime,2.0999170370417723,2.095331176375055,2.102068558291857,4.3486084575795345e-3,1.765849952436246e-3,5.621866069968332e-3
0x6a3d9a,runtime wasm,2.3277028247080693,2.3027151593330473,2.341377387874502,2.3931835045755637e-2,8.083625436592825e-3,3.1754778936088544e-2
