Color,Name,Mean,MeanLB,MeanUB,Stddev,StddevLB,StddevUB
0xa6cee3,ocaml,2.359955459750097,2.3516469519998964,2.3665621468754807,1.0731441924158676e-2,6.478471350004282e-3,1.4382437508167959e-2
0x1f78b4,ocaml byte,6.343051725437571,6.334366293000016,6.347850339375138,8.454390795478148e-3,4.3054120003489516e-3,1.1081924194364764e-2
0xb2df8a,haskell,2.110511701666686,2.108086898083381,2.112012627250124,2.8390635248290177e-3,2.464249453693523e-3,3.228882091072038e-3
0x33a02c,haskell strict,2.0588906207916957,2.0549760422500185,2.062805199333373,5.900259647407794e-3,3.1935029559860204e-3,8.29110955498685e-3
0xfb9a99,juvix,5.10577828674991,5.1026122815001145,5.1089442919997055,4.0603470313612345e-3,1.9147150001117552e-3,5.343290138640152e-3
0xe31a1c,juvix wasm,3.250772658500106,3.2469924656250364,3.2533789030000357,4.352733536242802e-3,2.3478967502796877e-3,6.018863854433678e-3
0xcab2d6,runtime,3.3047244429376215,3.3014083123749742,3.307016015437644,4.240232942458649e-3,2.1802708197462477e-3,5.292159999022492e-3
0x6a3d9a,runtime wasm,3.1489317684998546,3.1376333154998974,3.169382010249668,1.9508241839960215e-2,3.952793111086105e-3,2.5087943904270688e-2
