Color,Name,Mean,MeanLB,MeanUB,Stddev,StddevLB,StddevUB
0xa6cee3,ocaml,1.9848361024583785,1.9813603337502173,1.987538857249774,4.291555010224546e-3,2.5415827762040343e-3,5.485361220987178e-3
0x1f78b4,ocaml byte,7.849114818604221,7.248122722833614,8.25579119150052,0.7037450517647149,0.614005577723819,0.7792582158106054
0xb2df8a,haskell,2.5736890500199934,2.5610255041863184,2.5799690707287937,1.1973431744150958e-2,5.005080042337795e-3,1.4623580018125141e-2
0x33a02c,haskell strict,2.5411294523543497,2.5274822079169703,2.5473382250417367,1.3045976380787553e-2,4.079886362841923e-3,1.7178414668870292e-2
0xfb9a99,juvix,3.936812780875622,3.9284834220009843,3.94514213975026,1.3713281696578565e-2,4.622517222140077e-3,1.8500492514294434e-2
0xe31a1c,juvix wasm,1.597335658458178,1.5947286979999262,1.5992686238341776,2.990075438599155e-3,1.6879150446802308e-3,4.211153988963097e-3
0xcab2d6,runtime,3.9494897930621846,3.9388367051242312,3.959052720937507,1.3175675751898482e-2,7.7152959885581724e-3,1.5842078148777205e-2
0x6a3d9a,runtime wasm,4.044823748666204,4.035299296291214,4.04956737091652,9.484061684637652e-3,8.670691659062868e-5,1.0998058125279916e-2
