Color,Name,Mean,MeanLB,MeanUB,Stddev,StddevLB,StddevUB
0xa6cee3,ocaml,0.34368775724991946,0.3350037759995909,0.3481175307500356,8.48165456183805e-3,1.0167349998937425e-3,1.0061703327373694e-2
0x1f78b4,ocaml byte,1.1227390530833834,1.0600221612500036,1.1684171520000746,7.39238055564537e-2,6.413340599479005e-2,8.510647158228303e-2
0xb2df8a,haskell,1.8792157525414837,1.866852475749738,1.8868062267915775,1.4766389059483317e-2,1.173093684898681e-2,1.7529449406274423e-2
0x33a02c,haskell strict,0.9084572403750713,0.9032987432500477,0.9136157375000948,6.581948370618789e-3,4.413800708573767e-3,8.699112309172719e-3
0xfb9a99,juvix,1.119755416458285,1.1190500507499337,1.1204708472498623,9.912793962287038e-4,4.361097677287478e-4,1.3323278334191591e-3
0xe31a1c,juvix wasm,1.061049671562709,1.0607970566251197,1.0615360136875438,4.911835620037487e-4,1.1475875112409994e-5,5.776835446606682e-4
0xcab2d6,runtime,1.444324533874995,1.4404489999999441,1.450770601374984,6.7696368259461655e-3,1.407988720405983e-3,8.884231590066969e-3
0x6a3d9a,runtime wasm,0.9902960790834262,0.9900050739167152,0.9905000442085642,3.627763959482117e-4,2.26610992920027e-4,4.710372796148424e-4
