Color,Name,Mean,MeanLB,MeanUB,Stddev,StddevLB,StddevUB
0xa6cee3,ocaml,1.167374929625036,1.1316282778751656,1.1865626492500119,3.537581456088224e-2,1.6056994875697735e-2,4.880457815123802e-2
0x1f78b4,ocaml byte,7.105709906437558,6.9670656236875175,7.206721543187617,0.16719697485620016,8.96389080570449e-2,0.2332763826757242
0xb2df8a,haskell,1.9218429964790478,1.895197285937229,1.940367252395769,3.032941796489497e-2,1.764050304782669e-2,4.277993656022598e-2
0x33a02c,haskell strict,1.800119809166593,1.7828223477499705,1.8118075257915127,2.175137606224182e-2,1.1219489583406017e-2,2.6991625358437653e-2
0xfb9a99,juvix,1.747150444645854,1.7438513762499497,1.7488085051249982,3.1583404255628063e-3,1.6418632668994354e-3,3.829126655866558e-3
0xe31a1c,juvix wasm,0.8533248012292347,0.8523574536458796,0.8550059609376035,1.702444518530265e-3,4.0487385258843175e-4,2.2339935506001177e-3
0xcab2d6,runtime,2.125314307229113,2.1212784581251753,2.1279103612706836,4.952689504660456e-3,3.0758987928606136e-3,5.995329998926139e-3
0x6a3d9a,runtime wasm,2.3868762457291646,2.363821005916558,2.3983675372916573,2.2841386781176802e-2,5.959252916152291e-4,2.662216221635168e-2
