Color,Name,Mean,MeanLB,MeanUB,Stddev,StddevLB,StddevUB
0xa6cee3,ocaml,1.227489485499954,1.1921248104998579,1.279034877999872,5.59075560409582e-2,1.2789305000183049e-2,6.922955809150923e-2
0x1f78b4,ocaml byte,7.068185969583396,7.01136868912522,7.107061753458311,6.550959211123332e-2,3.436323074055105e-2,8.977977714055795e-2
0xb2df8a,haskell,1.983945934021089,1.91752203529173,2.0244621075631244,7.707677037191828e-2,6.764726138011141e-2,8.298353549406587e-2
0x33a02c,haskell strict,1.8806650053540086,1.8587841604583368,1.8941676371665228,2.613271260356291e-2,1.934865431555612e-2,3.118299244689393e-2
0xfb9a99,juvix,1.7337529178750515,1.7317138272500188,1.7351373515001,2.4903129480593695e-3,1.6955106832303025e-3,3.1654348568958194e-3
0xe31a1c,juvix wasm,0.8471344873750203,0.8457457485000457,0.8497807498749239,2.6518713324035765e-3,1.408572999525683e-4,3.1281719199844826e-3
0xcab2d6,runtime,2.087365897104007,2.08506192077067,2.091060020999862,3.979720305064633e-3,1.4923688181160627e-3,5.320805425035112e-3
0x6a3d9a,runtime wasm,2.3960336393124257,2.3910316749999465,2.398788467937379,5.782053280780734e-3,5.0490868026305605e-3,6.038109970087456e-3
