Color,Name,Mean,MeanLB,MeanUB,Stddev,StddevLB,StddevUB
0xa6cee3,ocaml,2.358717123500431,2.3487798462498786,2.3640704485007973,1.1528994707917812e-2,1.0154539563816673e-2,1.2362974520083978e-2
0x1f78b4,ocaml byte,6.405244315624827,6.3407530896248545,6.5320260918748545,0.12673786973069512,2.4861337499260117e-3,0.14893610676581318
0xb2df8a,haskell,2.116428819812237,2.113908884624531,2.119814509562616,4.249384511224631e-3,1.6337571128719527e-3,5.819541035850625e-3
0x33a02c,haskell strict,2.07111348327093,2.0585806781252813,2.0793487742503203,1.4627107345691058e-2,1.2968182062075876e-2,1.6011477239670797e-2
0xfb9a99,juvix,4.87195942489556,4.866196071666613,4.877722778124507,9.15409228460756e-3,3.610276581095668e-3,1.2509283304652842e-2
0xe31a1c,juvix wasm,4.549899757937699,4.540903794562723,4.554042434812686,8.564479038544954e-3,2.340241540371383e-3,1.1208185068893272e-2
0xcab2d6,runtime,3.2555957324370106,3.254232719499138,3.257955339062543,2.410290081060256e-3,5.128977726538541e-4,3.1477435463586473e-3
0x6a3d9a,runtime wasm,3.051297620979047,3.050305936624909,3.052615723249801,1.5564752536297748e-3,4.8668414670013666e-4,2.083581873365581e-3
