Color,Name,Mean,MeanLB,MeanUB,Stddev,StddevLB,StddevUB
0xa6cee3,ocaml,0.3404869592294138,0.33681441177103955,0.3447448542503935,6.23338196474569e-3,2.159650898742793e-3,8.481385054816172e-3
0x1f78b4,ocaml byte,1.2662859297499456,1.2258990069999147,1.2863075584999326,3.824849916827659e-2,7.936608985256582e-4,4.6638178077981755e-2
0xb2df8a,haskell,1.9654462362709257,1.958064405750065,1.970496118812548,9.686048602504436e-3,8.459162044922012e-3,1.0953085594805545e-2
0x33a02c,haskell strict,0.9398222459999866,0.8989048737496432,0.9584772682500973,3.9295162623227055e-2,1.8348751782267043e-2,5.141269506171229e-2
0xfb9a99,juvix,0.5966628159581356,0.5964527634996557,0.596923642374918,3.189900815511428e-4,1.2760074731031314e-4,4.129673895511497e-4
0xe31a1c,juvix wasm,0.5952703950208615,0.5946102108333662,0.595591718270839,6.309540425549617e-4,3.1528569571751154e-4,7.82565813975218e-4
0xcab2d6,runtime,2.098195024666476,2.0944545755831614,2.1005789573748643,4.501283339014384e-3,3.197662086895947e-3,5.505456763671557e-3
0x6a3d9a,runtime wasm,1.0130171465625988,1.0126897582500383,1.0132840208126481,4.4747262918882764e-4,2.902289484722414e-4,6.163196804231981e-4
