Color,Name,Mean,MeanLB,MeanUB,Stddev,StddevLB,StddevUB
0xa6cee3,ocaml,0.2687637731431763,0.2682255103931069,0.2690457216698451,5.62453634373365e-4,1.63313018609644e-4,7.922912232514478e-4
0x1f78b4,ocaml byte,0.9733803008545768,0.972004805583462,0.9744265156261918,1.648259144265925e-3,1.1812228747203335e-3,1.9674766386703272e-3
0xb2df8a,haskell,2.6032649192916324,2.5977058654998473,2.60988125924996,9.729520457590617e-3,2.663027999915357e-3,1.2204782758740424e-2
0x33a02c,haskell strict,1.2645909093541832,1.2620841838747765,1.2695889959379656,4.9970264913735685e-3,1.2560875347844558e-5,5.7820417030419215e-3
0xfb9a99,juvix,1.837882559332949,1.8367863318741229,1.839349872999719,1.7639630526413972e-3,6.515392014650961e-4,2.275853177754286e-3
0xe31a1c,juvix wasm,1.8390578133748552,1.8352341295000465,1.8436261036245771,5.568979078974957e-3,2.018856712683446e-3,7.429299096680989e-3
0xcab2d6,runtime,3.648575795458631,3.635778489084108,3.654423319833389,1.2455971090324754e-2,2.204515250014083e-3,1.6049834033494238e-2
0x6a3d9a,runtime wasm,2.5581957478123436,2.554843411500163,2.5608892732493587,4.043428875717762e-3,3.055649578834171e-3,4.797865606915644e-3
