Color,Name,Mean,MeanLB,MeanUB,Stddev,StddevLB,StddevUB
0xa6cee3,ocaml,1.2120582272499973,1.1965484507499582,1.2228601765000349,1.806310222150718e-2,1.0872261320346783e-2,2.4946033229127362e-2
0x1f78b4,ocaml byte,7.047012987562614,7.023537664187643,7.064549649000203,2.998944250039487e-2,1.8804682172225994e-2,4.043265687935628e-2
0xb2df8a,haskell,1.8409351881040266,1.7734114791245474,1.876946093916672,6.576930134143186e-2,3.280172208337717e-2,8.31636246587724e-2
0x33a02c,haskell strict,1.8430758746875615,1.8145355843751076,1.8627068076250073,3.417681492891646e-2,1.7693496206447737e-2,4.533569766351124e-2
0xfb9a99,juvix,3.7582568481666194,3.716620409333321,3.789879383416443,5.2312832102796795e-2,3.565278457086398e-2,6.85768718872997e-2
0xe31a1c,juvix wasm,2.534120713041451,2.517812325083166,2.5508937839166115,2.426629436072607e-2,1.2722277393407727e-2,3.3947637145839024e-2
0xcab2d6,runtime,2.904890455541685,2.895325634333365,2.917353301000105,1.559164433983046e-2,6.2049787903913425e-3,2.1415235533494406e-2
0x6a3d9a,runtime wasm,2.410147834187607,2.3796664891248156,2.425030293250188,2.9138064433267736e-2,4.77707387517512e-3,3.602408412511857e-2
