Color,Name,Mean,MeanLB,MeanUB,Stddev,StddevLB,StddevUB
0xa6cee3,ocaml,2.359956273187701,2.353816946687971,2.369008010500238,1.0714169192104496e-2,3.497150992146504e-3,1.4178167229048811e-2
0x1f78b4,ocaml byte,6.3510518716041515,6.345819094583325,6.354464316979185,6.345619325749641e-3,4.117007693121687e-3,7.88070502348243e-3
0xb2df8a,haskell,2.073893384396039,2.0658021531253326,2.0792685267291136,9.89020125891377e-3,6.238588929295652e-3,1.2413359491732874e-2
0x33a02c,haskell strict,2.082713434541688,2.079369153416792,2.088613894916648,6.109832761281369e-3,3.0051447175361966e-4,7.269968772167011e-3
0xfb9a99,juvix,4.931831157291829,4.929275803000564,4.9348895773334025,3.910515669409698e-3,1.9943063331688826e-3,4.973417713257142e-3
0xe31a1c,juvix wasm,4.176061742125246,4.173542395000064,4.178031579125559,3.139213083771319e-3,2.017653031597395e-3,4.0851899202254405e-3
0xcab2d6,runtime,3.2955609636249314,3.294044716374856,3.296595792874996,1.7245650242136777e-3,9.628360000231151e-4,2.3898357843596006e-3
0x6a3d9a,runtime wasm,3.2750131409373657,3.271616161936663,3.276665685874984,3.275605615792561e-3,4.7073399961550244e-4,4.19427188236899e-3
