Color,Name,Mean,MeanLB,MeanUB,Stddev,StddevLB,StddevUB
0xa6cee3,ocaml,1.1948007771666198,1.1859096896248502,1.20589163858358,1.5141561004978337e-2,7.234065946948568e-3,2.0463013274598485e-2
0x1f78b4,ocaml byte,7.03437092312483,6.948124323499693,7.099372587500056,0.10597001156226281,6.633316791100848e-2,0.13433561416544612
0xb2df8a,haskell,2.246869626125241,2.2184174720003584,2.267293338750278,3.5860259289964e-2,2.2471533151738925e-2,4.716654392766605e-2
0x33a02c,haskell strict,1.9669385741249623,1.919398827874981,1.9932090797499693,4.5931812346481825e-2,2.213041753764217e-2,6.066913397738146e-2
0xfb9a99,juvix,1.7372424057083435,1.7301943037500678,1.7425505343331906,9.036142549295134e-3,5.692257834799829e-3,1.2063867435043054e-2
0xe31a1c,juvix wasm,0.8445601456041913,0.8433106997503046,0.8452632083747176,1.2933300629378692e-3,5.420723469018549e-4,1.7725446153927047e-3
0xcab2d6,runtime,2.103336674687379,2.1020191613748693,2.1046541879998886,2.1073200092945137e-3,8.59084831999311e-4,2.894774926924582e-3
0x6a3d9a,runtime wasm,2.3846728165415243,2.360048563124792,2.3965104932915438,2.3835895652509535e-2,2.408060134218664e-3,2.9529333922161668e-2
