Color,Name,Mean,MeanLB,MeanUB,Stddev,StddevLB,StddevUB
0xa6cee3,ocaml,1.962348472978988,1.9590666681665425,1.9643910874165158,3.4430699714445567e-3,2.036781297535419e-3,4.717215981429271e-3
0x1f78b4,ocaml byte,5.937776706249831,5.933355261499855,5.940534743749747,5.300527754665334e-3,2.337857999918924e-3,6.456347705681153e-3
0xb2df8a,haskell,2.2421204673953525,2.2420546744363037,2.2421530160206657,6.220597399906432e-5,1.6702374978194712e-5,7.677450012520157e-5
0x33a02c,haskell strict,2.192150233958538,2.1920004875007635,2.1922950033747384,1.740015181684048e-4,1.4976826254699656e-4,1.911453733496562e-4
0xfb9a99,juvix,3.4258067544166884,3.4212127984998233,3.431041226833183,6.757513930600141e-3,3.221925116131306e-3,8.866571118783638e-3
0xe31a1c,juvix wasm,1.3878255292292276,1.3846918361246026,1.3909592223338527,4.572480403231427e-3,1.820886653368113e-3,6.20256574136024e-3
0xcab2d6,runtime,3.277564211375193,3.275803116500356,3.2784952653751134,1.6703201078146514e-3,4.7243273489813936e-4,2.15017710993683e-3
0x6a3d9a,runtime wasm,3.4874304904792552,3.4842999123334266,3.489789120687419,3.831930640343134e-3,2.447285600315435e-3,4.782474940537822e-3
