Color,Name,Mean,MeanLB,MeanUB,Stddev,StddevLB,StddevUB
0xa6cee3,ocaml,1.9312613027914267,1.8949147001249003,1.955555179291423,4.393590114851029e-2,2.1461923243917536e-2,5.610430454772945e-2
0x1f78b4,ocaml byte,7.516523672749297,7.284506559498672,7.678994568124608,0.2787403405548234,0.19265366468559667,0.3431669064817963
0xb2df8a,haskell,2.6421610911245352,2.6099577442487316,2.671970533375088,4.885695058775661e-2,2.8117620542951666e-2,6.884195803099709e-2
0x33a02c,haskell strict,2.549168933166887,2.521562121250099,2.5642307383338148,2.706269311700606e-2,7.4443387539242616e-3,3.59466670349008e-2
0xfb9a99,juvix,6.039058430021744,6.023335373147423,6.068779458687686,2.9473111897374466e-2,2.9408441237137595e-3,3.631084447549355e-2
0xe31a1c,juvix wasm,5.192273864645813,5.164370494166178,5.215144966063235,3.415578669191366e-2,2.3450406189886554e-2,4.355153589466039e-2
0xcab2d6,runtime,4.128772409437261,4.068362555812655,4.15992329124947,5.7694627863814386e-2,2.8406029389322334e-2,7.193987999909293e-2
0x6a3d9a,runtime wasm,4.012804664729629,3.9852638115630725,4.04239715962467,4.180162356564597e-2,1.8017501733221898e-2,5.496009927429966e-2
