Color,Name,Mean,MeanLB,MeanUB,Stddev,StddevLB,StddevUB
0xa6cee3,ocaml,1.206521500083113,1.1824752426666691,1.2257002379996038,2.8784387693924586e-2,2.2434939616867346e-2,3.360669930225241e-2
0x1f78b4,ocaml byte,7.0687322821457315,6.991672834124643,7.110946498229225,8.938654414837188e-2,7.986091909522076e-2,9.748955607773656e-2
0xb2df8a,haskell,2.186592134083355,2.069143210833545,2.2490402096666458,0.11461550604011939,3.568972222264044e-2,0.15291337346588352
0x33a02c,haskell strict,2.0215225507290597,1.9339530900624595,2.0615544656666316,8.422921728073984e-2,4.052273134196143e-2,0.11267231575825315
0xfb9a99,juvix,1.7432675476252182,1.738785737250377,1.7487520171251845,7.428550533471417e-3,3.6383051214244145e-3,1.0350297705485671e-2
0xe31a1c,juvix wasm,0.8519250721043363,0.850042211166965,0.8531782313542635,2.046422924246762e-3,1.2446532780762205e-3,2.894047321131739e-3
0xcab2d6,runtime,2.111894663770992,2.1053335057501954,2.115195230375093,7.092755840511754e-3,2.72649577151774e-3,9.503820035089714e-3
0x6a3d9a,runtime wasm,2.3803644836459816,2.3603823006250195,2.3935557841250557,2.340890710100537e-2,2.039784721206216e-2,2.6484283620978072e-2
