Color,Name,Mean,MeanLB,MeanUB,Stddev,StddevLB,StddevUB
0xa6cee3,ocaml,1.1672099909167173,1.142762070875051,1.1800681535833064,2.4020918054317913e-2,3.172209583226504e-3,2.834859787675963e-2
0x1f78b4,ocaml byte,7.10133449699983,7.019842446749938,7.2344084187497515,0.14604409130057056,2.4711165499752497e-2,0.17509719666407167
0xb2df8a,haskell,1.98599999610398,1.9582390346663867,2.0005630957916005,2.627411675180698e-2,7.324494166520368e-3,3.2133030341427615e-2
0x33a02c,haskell strict,1.8948567088749921,1.8785257152500587,1.924677763499858,3.0962155705337134e-2,7.753285840827115e-4,3.7331175873299975e-2
0xfb9a99,juvix,1.734895448333172,1.7276803603330488,1.738595015083187,6.814591036583239e-3,1.9471318333140752e-3,8.543783436024684e-3
0xe31a1c,juvix wasm,0.8470317362707457,0.8464703352499328,0.847591691124876,8.36822442213281e-4,4.662920375258938e-4,1.174081513358356e-3
0xcab2d6,runtime,2.101794324395769,2.096376701999816,2.110221830249884,8.618153273637904e-3,1.9642691686449897e-3,1.1312741085737375e-2
0x6a3d9a,runtime wasm,2.3812386760624613,2.3723920489374564,2.385052447687542,8.705999874515893e-3,2.596850592371195e-3,1.162288191069558e-2
