Color,Name,Mean,MeanLB,MeanUB,Stddev,StddevLB,StddevUB
0xa6cee3,ocaml,0.3404328308540319,0.3345970307497055,0.34720975020824574,8.95689198332937e-3,4.344989232653317e-3,1.1795469034273478e-2
0x1f78b4,ocaml byte,1.2600668137291866,1.2038225144999615,1.2932576415000767,5.717508683275242e-2,2.794651579878788e-2,7.991767893218142e-2
0xb2df8a,haskell,1.9866772802291166,1.9726348329998018,2.00352537968746,2.057126563669421e-2,7.447773894962746e-3,2.7521302517114564e-2
0x33a02c,haskell strict,0.9634978902501151,0.9584176442499863,0.970641768000481,8.37395502301029e-3,2.5426349789335716e-3,1.1230289501729314e-2
0xfb9a99,juvix,1.1188074257916203,1.1185438761666167,1.1193164424165805,5.133458013716642e-4,2.8251166744097667e-5,6.041071499840016e-4
0xe31a1c,juvix wasm,1.0626889418540297,1.0608532523331937,1.0641546609372767,2.253508069611237e-3,1.4732198469104437e-3,2.878751917372253e-3
0xcab2d6,runtime,1.4538116711667233,1.4492570577501738,1.4575602405000723,5.558349805607317e-3,3.718508509115219e-3,6.799920619283054e-3
0x6a3d9a,runtime wasm,0.989540309562642,0.9876214633749214,0.9910811831252886,2.414929550907375e-3,1.519672960706628e-3,3.17253280126178e-3
