Color,Name,Mean,MeanLB,MeanUB,Stddev,StddevLB,StddevUB
0xa6cee3,ocaml,1.1969263834165342,1.1797106440833054,1.2089897194998116,2.1421300203015952e-2,1.4114852113809239e-2,2.785908134002058e-2
0x1f78b4,ocaml byte,7.023675789791848,6.9124805507084,7.219581374917122,0.20637529623489217,2.2099288416635776e-2,0.25679440486973365
0xb2df8a,haskell,1.8341794736666845,1.8008822087500675,1.8575078496666795,3.870894643971676e-2,2.257355847628462e-2,5.3874576653415523e-2
0x33a02c,haskell strict,1.7985992078333197,1.781246087500108,1.808716883833256,2.0339611630729865e-2,1.7917615029697197e-2,2.3365771848546282e-2
0xfb9a99,juvix,2.719745964583429,2.7174102275000678,2.7214413880833113,2.791553806285328e-3,1.6696218630383695e-3,3.8703597131127363e-3
0xe31a1c,juvix wasm,0.8352863859998934,0.8330340057498233,0.8367231043749825,2.750823453988272e-3,1.6897072038414688e-3,3.3179589624296917e-3
0xcab2d6,runtime,2.8882031668124264,2.864126378687331,2.9157085008748327,3.521493488615576e-2,1.6733601124959252e-2,4.614870224977323e-2
0x6a3d9a,runtime wasm,2.400943247729193,2.3600007751041594,2.421668785166806,3.986322170512561e-2,3.22150066661675e-3,4.786357847482255e-2
