Color,Name,Mean,MeanLB,MeanUB,Stddev,StddevLB,StddevUB
0xa6cee3,ocaml,0.3442602030208188,0.33827245481256796,0.3472176126666303,5.6579034972312e-3,1.5648791666838802e-3,6.998267139040094e-3
0x1f78b4,ocaml byte,1.2780866464166063,1.2668847478333496,1.2853579674998628,1.3538278616884149e-2,8.971440876476137e-3,1.679239673912939e-2
0xb2df8a,haskell,1.986810728291535,1.9709669255832218,2.0084627481663424,2.6620443301067064e-2,9.951799666813144e-3,3.6396199844571625e-2
0x33a02c,haskell strict,0.939555644229074,0.9015387079164157,0.9588267275416911,3.687669510032665e-2,3.5183481666081207e-3,4.3906555021062894e-2
0xfb9a99,juvix,1.1199518915206568,1.1197300772915924,1.1201737057497212,3.5502116863677887e-4,1.5052638161002147e-4,4.918581176650883e-4
0xe31a1c,juvix wasm,1.0626600984374288,1.0611301254375198,1.0655193454373375,2.8532516930628036e-3,2.7816487492293707e-4,3.380361282214855e-3
0xcab2d6,runtime,1.4696056271041205,1.465094090999969,1.477249677499799,7.858458764380903e-3,6.547637024868847e-4,9.477817280879866e-3
0x6a3d9a,runtime wasm,0.9909377748124749,0.9904231246250674,0.9914524249998824,7.999628271360901e-4,3.02996452520891e-4,1.092812630902696e-3
