Color,Name,Mean,MeanLB,MeanUB,Stddev,StddevLB,StddevUB
0xa6cee3,ocaml,0.2692104138398463,0.26899202687982326,0.26950857839947273,4.0753113342066377e-4,2.44519904614379e-4,5.306105000189877e-4
0x1f78b4,ocaml byte,0.9728972676668945,0.9716957880004884,0.9736739260001741,1.4002631231109569e-3,1.2560054912810533e-3,1.525407908327063e-3
0xb2df8a,haskell,2.587073795916808,2.577204625000377,2.593783930833183,1.222852213548499e-2,7.284879622904012e-3,1.5496392801071148e-2
0x33a02c,haskell strict,1.2613004608543104,1.2570946107503005,1.2685185372499745,7.405810169952829e-3,3.505194543250954e-5,8.823387486309692e-3
0xfb9a99,juvix,1.8287492613746206,1.82726628724951,1.8312619178750538,2.75819041863097e-3,7.826835001955024e-4,3.3890151923379385e-3
0xe31a1c,juvix wasm,1.7275452092089079,1.7253757057510484,1.7297902590003105,3.0637331979192052e-3,1.4359343606920646e-3,4.198545042728996e-3
0xcab2d6,runtime,3.630250629583126,3.6231186026242312,3.634570381958421,7.1697202480989165e-3,3.3877387654804893e-3,9.976040786836693e-3
0x6a3d9a,runtime wasm,2.2282677234791586,2.217703234812575,2.2333646424790836,1.0044064875726778e-2,2.0065543747023185e-3,1.2213827389199898e-2
