Color,Name,Mean,MeanLB,MeanUB,Stddev,StddevLB,StddevUB
0xa6cee3,ocaml,0.3399194138331154,0.3362870016666193,0.34355182599961154,5.538002240200999e-3,2.8665391183978766e-3,7.772263150306954e-3
0x1f78b4,ocaml byte,1.0755612877291583,1.0412682773750248,1.1098542980832917,6.0132676376731774e-2,1.1661591970334978e-2,7.732068607030232e-2
0xb2df8a,haskell,2.07835994225015,2.0645748571252702,2.090461703875178,1.783085980777746e-2,1.0499566376587045e-2,2.3145181321754384e-2
0x33a02c,haskell strict,0.868185209166711,0.8631831909167431,0.8765442405000385,9.424942508692758e-3,3.2749648332810466e-3,1.1542986345935138e-2
0xfb9a99,juvix,1.1179721999374692,1.1173770238750649,1.1183640417500555,6.997663811804757e-4,6.032707661013017e-4,8.102031383549685e-4
0xe31a1c,juvix wasm,0.9990851317084738,0.9985546674585825,0.9998455327501006,9.160197946870766e-4,3.1433535747833177e-4,1.2250547098809478e-3
0xcab2d6,runtime,1.4512608267917055,1.4489934608751582,1.4524963706249991,2.163936516158134e-3,8.292920575478186e-4,2.8533662589907112e-3
0x6a3d9a,runtime wasm,0.9917932700206696,0.9912386865416163,0.9922239495832249,6.728131130279175e-4,4.429919633639424e-4,8.412277766484484e-4
