Color,Name,Mean,MeanLB,MeanUB,Stddev,StddevLB,StddevUB
0xa6cee3,ocaml,0.34662345618742546,0.3458327151250084,0.34747874112497357,1.0443607370716572e-3,1.3866510254723855e-5,1.2694603576759978e-3
0x1f78b4,ocaml byte,1.0087449540833404,0.9260775670832118,1.050087666666741,8.254896319390208e-2,3.7711499999204534e-4,9.567380372221536e-2
0xb2df8a,haskell,2.080797147624935,2.0314583081246838,2.1064015287502116,4.793911346867029e-2,1.3005212030663044e-2,6.347419054927905e-2
0x33a02c,haskell strict,0.8692435883750514,0.8566884466250144,0.8768051378751238,1.2659904932357779e-2,5.145003332847688e-3,1.7462650557429796e-2
0xfb9a99,juvix,1.1179283786873573,1.1175203303124022,1.1182170358748256,4.799287459611181e-4,2.8469219943243993e-4,6.666252195533468e-4
0xe31a1c,juvix wasm,0.9987154088125484,0.9981574067500485,0.9990531320000476,6.689171593098898e-4,5.201417857496098e-4,7.742235355391312e-4
0xcab2d6,runtime,1.464635966499884,1.461773428000015,1.468625006499451,4.405818745733218e-3,1.3593070000297303e-3,5.393464031253821e-3
0x6a3d9a,runtime wasm,0.9981741611250831,0.9967280412502078,0.9996202809999584,2.0848377499947356e-3,8.344687557095072e-4,2.8164999422683355e-3
