Color,Name,Mean,MeanLB,MeanUB,Stddev,StddevLB,StddevUB
0xa6cee3,ocaml,1.1894039055624717,1.1741769104374953,1.1968498932499188,1.44577482731232e-2,6.361810999806039e-3,1.7591128711254615e-2
0x1f78b4,ocaml byte,7.168962626562575,7.083964377125085,7.273657350000121,0.1448980470951386,6.686467544706409e-2,0.19629504877352702
0xb2df8a,haskell,1.9156356873542488,1.8485362652502317,1.9479487380416838,6.340904635578525e-2,2.1416646874968137e-2,7.75849390672486e-2
0x33a02c,haskell strict,1.8344509934584607,1.8189436825001621,1.8437780138334006,1.8301305307985512e-2,1.5541369678283738e-2,2.153983089683452e-2
0xfb9a99,juvix,1.7493637984998525,1.7470659527498356,1.750744788499977,2.3395314461058516e-3,1.0026889104677674e-3,3.2402213465203182e-3
0xe31a1c,juvix wasm,0.8473462990833317,0.8466348321250052,0.8476996437500475,6.922015854490912e-4,2.389746102428198e-4,9.410185849399985e-4
0xcab2d6,runtime,2.112838294124989,2.1072241892499433,2.1164130968750214,6.927716207478303e-3,4.105900981095641e-3,8.255653320124883e-3
0x6a3d9a,runtime wasm,2.3968160378750363,2.388286662875032,2.410731041999952,1.530464442422928e-2,2.747426622418534e-3,1.969774780908694e-2
