Color,Name,Mean,MeanLB,MeanUB,Stddev,StddevLB,StddevUB
0xa6cee3,ocaml,0.3461331799168761,0.3446012316251199,0.3471803460003571,1.7755474924094571e-3,9.695644165503836e-4,2.4183264807359785e-3
0x1f78b4,ocaml byte,1.0973892617290062,1.0551376993332724,1.1279024169161858,5.0110869593989985e-2,3.902308232217538e-2,5.855272136926133e-2
0xb2df8a,haskell,1.8806046388333282,1.8597233053751552,1.890549543833269,1.9775267523717038e-2,7.783695611253572e-3,2.416599055223677e-2
0x33a02c,haskell strict,0.9046991479375114,0.8965040749375628,0.9155683410000014,1.4009843386341595e-2,5.896230835434776e-3,1.8925710410195883e-2
0xfb9a99,juvix,1.1209816839376192,1.1207208768125838,1.1211148125001575,2.477609551603419e-4,1.1053299992147547e-4,3.012856041923417e-4
0xe31a1c,juvix wasm,1.062285352791643,1.0610516012082676,1.0644903981250309,2.250319301939726e-3,3.1709953166887813e-4,2.849227235099677e-3
0xcab2d6,runtime,1.483166059604135,1.4806228879793555,1.486388065416539,3.909438341292769e-3,1.5152997400484178e-3,5.06899814633832e-3
0x6a3d9a,runtime wasm,0.9951738802916831,0.9944552752499476,0.9959798447500816,1.0544845854127832e-3,4.509254555201184e-4,1.4465470581017702e-3
