Color,Name,Mean,MeanLB,MeanUB,Stddev,StddevLB,StddevUB
0xa6cee3,ocaml,2.033554988833051,2.0274393144991336,2.036617475333363,6.071248557378554e-3,1.3114466643560085e-4,7.137488854395917e-3
0x1f78b4,ocaml byte,7.799559256957991,7.504755029333637,8.320598777498844,0.5300244453989807,8.974039088214253e-2,0.6808212007086422
0xb2df8a,haskell,2.65216503683367,2.6217828485005157,2.679382728000519,3.7676881443908204e-2,2.1346004499619757e-2,4.881865395124619e-2
0x33a02c,haskell strict,2.437725304062951,2.381953288500881,2.472697832938138,6.512923959902164e-2,5.8181478321823694e-2,7.33928339133769e-2
0xfb9a99,juvix,6.181602761041479,6.175961192583296,6.185490878915819,6.653194712731304e-3,5.6135905275450275e-3,7.707850297427945e-3
0xe31a1c,juvix wasm,5.068999796271403,4.9853443089384655,5.1124506838339885,8.137316586525371e-2,2.8316794818057683e-2,0.11075543367075105
0xcab2d6,runtime,4.067378500228794,4.051981100208044,4.077327471540836,1.8465984350198895e-2,1.287832391669008e-2,2.183216484392332e-2
0x6a3d9a,runtime wasm,4.275972513459692,4.2528393086254255,4.290771977377062,2.4284455178783394e-2,1.2816757447816303e-2,3.4177897906223595e-2
