Color,Name,Mean,MeanLB,MeanUB,Stddev,StddevLB,StddevUB
0xa6cee3,ocaml,0.29579369857679316,0.293151860099897,0.3006000984106504,4.937324853536658e-3,2.0698569264825063e-3,6.748293797102098e-3
0x1f78b4,ocaml byte,1.1922125516662163,1.1874918950406936,1.1947373488328594,4.610505721355606e-3,1.2633035735292366e-3,6.1194039197118456e-3
0xb2df8a,haskell,3.268150812895707,3.2443599497075106,3.284399661458489,2.7599560182035326e-2,1.4226316737134957e-2,3.7525108366974286e-2
0x33a02c,haskell strict,1.6749939479995344,1.6599646647497746,1.685011945499279,1.710095994339031e-2,8.17599114188658e-3,2.3135574212873995e-2
0xfb9a99,juvix,2.1695779715003027,2.1554323236252912,2.1791084461251558,1.6237279092900507e-2,8.027386820214035e-3,2.200968836065514e-2
0xe31a1c,juvix wasm,1.989367520166828,1.953532426750371,2.008800935000181,3.5179388023301755e-2,1.2638555542669787e-2,4.769807943218827e-2
0xcab2d6,runtime,4.814038113438755,4.615990461687716,4.911921269751474,0.1926893352717469,1.6294837750137958e-2,0.23131999361823058
0x6a3d9a,runtime wasm,2.8584450095211196,2.851729440626059,2.8633298268121052,7.942396939951116e-3,6.751595834635833e-3,9.068095470734134e-3
