Color,Name,Mean,MeanLB,MeanUB,Stddev,StddevLB,StddevUB
0xa6cee3,ocaml,0.26984570795999996,0.26940238612023676,0.27003291775993904,4.0212711816985824e-4,1.885364336396675e-4,5.186728812802603e-4
0x1f78b4,ocaml byte,0.9410890371670272,0.9406214228758927,0.9415296126251178,5.876766145193219e-4,3.3146902546502883e-4,7.048985867949937e-4
0xb2df8a,haskell,2.602170304312267,2.594194905374934,2.6083839168748,1.0181247617055566e-2,6.337552742081684e-3,1.3542602732499378e-2
0x33a02c,haskell strict,1.2131693592709023,1.2115073567710322,1.2160768390832952,2.9133698740696503e-3,7.408973428898319e-4,3.8382303627754275e-3
0xfb9a99,juvix,1.7637266365833664,1.76281618562507,1.7642388852500517,9.741544047258407e-4,4.400156849375302e-4,1.3481750397920254e-3
0xe31a1c,juvix wasm,1.9037089506459022,1.9024110923957476,1.9059093080627463,2.2608200750964926e-3,5.815310071673758e-4,2.9972752403869497e-3
0xcab2d6,runtime,3.6865144145415343,3.6794960543745674,3.700166479749896,1.3739180616912372e-2,1.5411537933810067e-4,1.5977407104738994e-2
0x6a3d9a,runtime wasm,2.4737117369583075,2.469990829749918,2.4761795260833424,4.113086476923545e-3,2.2904430943824893e-3,5.6991148625684515e-3
