Color,Name,Mean,MeanLB,MeanUB,Stddev,StddevLB,StddevUB
0xa6cee3,ocaml,1.1607863854584177,1.15041014250005,1.1708095325001295,1.4947399966167204e-2,7.994478622473267e-3,2.084389855985342e-2
0x1f78b4,ocaml byte,7.044818000479249,6.9273258501042205,7.2726284255626865,0.2259170900471525,1.4044758875002117e-2,0.27133649858676245
0xb2df8a,haskell,1.8660532608333067,1.8474699726665071,1.8758021580834263,2.148762531526175e-2,1.8700681100988655e-2,2.2514113806634272e-2
0x33a02c,haskell strict,1.8239530557710093,1.7910889318752652,1.8446821680209193,3.928110645150703e-2,2.9433253391125326e-2,4.7871834150190105e-2
0xfb9a99,juvix,1.7332181801249174,1.727563772750159,1.739151275249867,7.97416382350724e-3,4.200512532334198e-3,1.0885047319228684e-2
0xe31a1c,juvix wasm,0.8438724125833991,0.8396337725000649,0.8466733676666915,4.631446621016138e-3,2.369405282554584e-3,6.468528685307787e-3
0xcab2d6,runtime,2.11428438627064,2.0971501653749556,2.1393416225619717,2.7870238716763564e-2,5.4778163600790915e-3,3.613087645928783e-2
0x6a3d9a,runtime wasm,2.3274442219583875,2.25012545312552,2.3658710113331836,7.413076970862613e-2,3.146708850051052e-2,9.820822706571854e-2
