Color,Name,Mean,MeanLB,MeanUB,Stddev,StddevLB,StddevUB
0xa6cee3,ocaml,0.2669749019031466,0.26385975004013745,0.26848602416976064,3.3558653195355486e-3,1.601406592150645e-4,4.184929052150116e-3
0x1f78b4,ocaml byte,0.971448858624702,0.9695971327498683,0.9722937529998793,1.773189335830883e-3,6.420444917558125e-4,2.3571280251369364e-3
0xb2df8a,haskell,2.5913713769997835,2.589693134749723,2.592209191750044,1.6715116797593073e-3,6.033886601613863e-6,1.9378719265590548e-3
0x33a02c,haskell strict,1.2593669184791831,1.2579185848333814,1.260621297229174,2.0847382364972346e-3,1.0612638142040128e-3,2.8968636358917203e-3
0xfb9a99,juvix,1.8406653514372238,1.8390623378743385,1.8417886641874475,1.9068765385271956e-3,1.4648837779451724e-3,2.289347970522223e-3
0xe31a1c,juvix wasm,1.8413806280620975,1.8403486597499068,1.843233717186422,1.8900863201312458e-3,2.026468750955246e-4,2.257330441505132e-3
0xcab2d6,runtime,3.6245580338958994,3.614851152541557,3.630938849083426,1.1443055941520189e-2,9.735869454378663e-3,1.3416998834715185e-2
0x6a3d9a,runtime wasm,2.557122337124914,2.553212266874501,2.5588971002501544,3.7652792497405913e-3,7.21087999863812e-4,4.931280574083252e-3
