Color,Name,Mean,MeanLB,MeanUB,Stddev,StddevLB,StddevUB
0xa6cee3,ocaml,0.3408371153333671,0.334134954250203,0.34487037062490344,6.702913599165809e-3,3.580148650775929e-3,9.314404113116041e-3
0x1f78b4,ocaml byte,1.2377619766457617,1.2162738854166641,1.2545221676457647,2.6300054008077552e-2,1.651858972126341e-2,3.3106031300699314e-2
0xb2df8a,haskell,2.027331268125124,2.0062443522499507,2.05481862500028,3.356436396564375e-2,1.2878912880749292e-2,4.399406049007405e-2
0x33a02c,haskell strict,0.9540230298333464,0.9416057800832883,0.9602747397502185,1.2108239806641557e-2,1.0939254997310854e-3,1.4969783153324843e-2
0xfb9a99,juvix,0.5970202605832166,0.596026977249835,0.5974654679165685,9.57121535015804e-4,4.455286303256215e-4,1.265727304613842e-3
0xe31a1c,juvix wasm,0.5973981137916743,0.5955616745000043,0.5986387447499055,2.1469432007954863e-3,1.8424033518524574e-3,2.437379231603507e-3
0xcab2d6,runtime,2.110701897979311,2.1054118538334023,2.114304778229325,6.7000934470119854e-3,3.3743277917892556e-3,8.320495528814496e-3
0x6a3d9a,runtime wasm,1.0093589762500794,1.008743778000015,1.0103205657502865,1.0831030148373548e-3,2.6600030913185647e-4,1.4207395011187937e-3
