Color,Name,Mean,MeanLB,MeanUB,Stddev,StddevLB,StddevUB
0xa6cee3,ocaml,0.34879279560417825,0.34795206500007225,0.34937237425003786,9.494852345044138e-4,5.822798863735648e-4,1.3384795488144577e-3
0x1f78b4,ocaml byte,1.2113930247707003,1.0861787988749256,1.277610270562377,0.12017266116936837,1.7913750392231212e-2,0.15416143977013494
0xb2df8a,haskell,2.0112590619166326,1.9852763161663916,2.0248032325833947,2.5596258111133995e-2,1.2464005916513088e-2,3.52252325588434e-2
0x33a02c,haskell strict,0.9593145907707404,0.9309266227085496,0.972232310458177,2.7090577229086487e-2,1.0248355566713777e-2,3.5727008254378814e-2
0xfb9a99,juvix,1.1315309818540225,1.1312391570832765,1.1317952370415394,4.3397161298392714e-4,2.6386711540880685e-4,6.102712145906354e-4
0xe31a1c,juvix wasm,1.0069403245417259,1.0067024749165892,1.0070618465418117,2.2737006370730786e-4,1.1455781707544626e-4,2.8064303784813377e-4
0xcab2d6,runtime,2.175283330958299,2.1690146296249395,2.1792037728333375,6.4437934007992035e-3,3.501013865388394e-3,9.05387268758351e-3
0x6a3d9a,runtime wasm,1.0208517208750247,1.0195064181248767,1.0216314485000644,1.338977521917709e-3,4.8293535637365626e-4,1.8241944673264032e-3
