Color,Name,Mean,MeanLB,MeanUB,Stddev,StddevLB,StddevUB
0xa6cee3,ocaml,0.3431491407918088,0.3406004975003043,0.34675667712508584,3.820731630874698e-3,1.6165491599587686e-3,5.2597420699394375e-3
0x1f78b4,ocaml byte,1.0576839912292069,1.036920362583563,1.0784476198748507,3.3131679785546e-2,1.9616241651195993e-2,4.6821413607062844e-2
0xb2df8a,haskell,2.1115510014374954,2.084636578749951,2.131799120500091,3.209994335711591e-2,2.3038153531138996e-2,3.910439936543504e-2
0x33a02c,haskell strict,0.8657637509166989,0.85406344550006,0.8736831475832787,1.48450413262349e-2,7.857703149222564e-3,1.8289063189077123e-2
0xfb9a99,juvix,1.1188283282500038,1.1184859212499987,1.1191707352500089,6.370303012330843e-4,7.633725010691705e-5,7.484053243829099e-4
0xe31a1c,juvix wasm,1.0307664282501037,1.0303999057500732,1.0310304603752911,4.611998961955065e-4,2.1830625018992578e-4,5.943691116006577e-4
0xcab2d6,runtime,1.5110483249583997,1.4991752902501503,1.5174912935834375,1.3760974083852245e-2,1.2149519415132135e-2,1.4879398680183531e-2
0x6a3d9a,runtime wasm,1.0034172355210178,1.001839273500309,1.0044529744585209,1.9638642072991805e-3,1.0844461664115679e-3,2.391936617510329e-3
