Color,Name,Mean,MeanLB,MeanUB,Stddev,StddevLB,StddevUB
0xa6cee3,ocaml,0.29515232135677555,0.29127553946685414,0.29985329378054304,6.296691339005485e-3,5.192382695386003e-3,7.676811950464865e-3
0x1f78b4,ocaml byte,1.0961818364586786,1.089093919125844,1.107210369833562,1.2103272334049706e-2,4.941048749352531e-3,1.6228148375729896e-2
0xb2df8a,haskell,2.920171417687546,2.9033896181877785,2.9431096364996847,2.8931565066773985e-2,1.1655715990151517e-2,3.875590583470874e-2
0x33a02c,haskell strict,1.425199837333139,1.4143990901250163,1.4373747592499058,1.5565538732219773e-2,7.203650248811755e-3,2.045936461228853e-2
0xfb9a99,juvix,2.067231092874787,2.0582862212495456,2.073356134749853,1.1048252096189079e-2,6.903054641845045e-3,1.4145178301468381e-2
0xe31a1c,juvix wasm,1.7800632449996858,1.7654996409995267,1.790125085249959,1.7512465523674057e-2,9.003527499771735e-3,2.3236824708153057e-2
0xcab2d6,runtime,3.9699859468552554,3.9376607448351324,3.993843714667188,4.134499818545955e-2,2.5992251092781884e-2,5.5097154673931774e-2
0x6a3d9a,runtime wasm,2.5729151543752473,2.5696749251251276,2.578315292000449,5.833476908541056e-3,1.537849999901253e-3,7.243276262762865e-3
