Color,Name,Mean,MeanLB,MeanUB,Stddev,StddevLB,StddevUB
0xa6cee3,ocaml,2.351953022250124,2.3438082967498604,2.356725412750317,9.542676278933678e-3,7.804696308813326e-3,1.1021363759857924e-2
0x1f78b4,ocaml byte,6.337275590583583,6.333451599500222,6.3402738068336175,5.43847772969342e-3,3.4425743838914324e-3,6.924083836184752e-3
0xb2df8a,haskell,2.0592871236249266,2.052327397874933,2.068638021000197,1.160413607560338e-2,5.083264030794658e-3,1.4760183643944633e-2
0x33a02c,haskell strict,2.0741765359166493,2.068822453750272,2.079370756249773,6.70683057255395e-3,3.325963083170791e-3,8.524231757318496e-3
0xfb9a99,juvix,4.910683263083077,4.909761748457943,4.911771325374957,1.5193696092473856e-3,7.441876608692676e-4,2.1281468675321707e-3
0xe31a1c,juvix wasm,4.175931369187576,4.148836856937464,4.189852793187546,2.557655647430188e-2,7.933364625159811e-3,3.215015157554209e-2
0xcab2d6,runtime,3.2835348136247453,3.2801608344995357,3.2899894406248222,6.431085478516907e-3,3.3588333379841896e-4,7.678025634190323e-3
0x6a3d9a,runtime wasm,3.29195779504145,3.289015430249947,3.293944263000185,3.5596442473825197e-3,2.450215286922751e-3,4.457498956155885e-3
