Color,Name,Mean,MeanLB,MeanUB,Stddev,StddevLB,StddevUB
0xa6cee3,ocaml,1.7472543109171663,1.742088384249655,1.7499240081260723,4.8973536784066634e-3,1.1216217499168124e-3,6.165401608866756e-3
0x1f78b4,ocaml byte,7.061656301645598,7.048099197313604,7.0688799792283135,1.2932283680082177e-2,5.7962477349726765e-3,1.6682368787678342e-2
0xb2df8a,haskell,2.8504245757701483,2.8442845207914615,2.856564630748835,9.261685594920107e-3,4.4569541771088475e-3,1.2894682506722181e-2
0x33a02c,haskell strict,2.5675432621660548,2.555178779331982,2.5769505647494952,1.4918840364838624e-2,1.0002012450527622e-2,1.8492322623719165e-2
0xfb9a99,juvix,3.898863180104096,3.8793982431234326,3.90909049431275,1.8683576780380212e-2,3.4130376303978804e-3,2.418269202628933e-2
0xe31a1c,juvix wasm,1.5152545495006962,1.511526713250987,1.517771169750631,4.112122488108064e-3,2.499409519146616e-3,5.811885514991982e-3
0xcab2d6,runtime,3.723228504603412,3.692300215207979,3.739643648686524,3.579097913985781e-2,3.167863628876154e-2,3.7552384750170684e-2
0x6a3d9a,runtime wasm,4.046111041875368,4.0289986782509,4.058408302499932,2.1250643527118536e-2,1.225122073714157e-2,2.839930692754789e-2
