Color,Name,Mean,MeanLB,MeanUB,Stddev,StddevLB,StddevUB
0xa6cee3,ocaml,1.9375361549792085,1.9349862662084738,1.9400860437499432,3.5471767082959887e-3,1.5927598304876578e-3,4.79741373433281e-3
0x1f78b4,ocaml byte,5.899906825437445,5.893891650375053,5.90417525618731,7.609310312309296e-3,4.033933196171578e-3,9.857518569807447e-3
0xb2df8a,haskell,2.140879819354344,2.1370295312503913,2.14279897387496,3.8186048691062893e-3,8.866787493388983e-5,4.497122168010596e-3
0x33a02c,haskell strict,2.0699497182290165,2.069221977333352,2.070502656687381,9.464644912269416e-4,5.724784070508842e-4,1.274729349459546e-3
0xfb9a99,juvix,5.0630676339580605,5.0569687076246055,5.068410298374943,7.588965859047954e-3,4.78118646648707e-3,9.04154269922375e-3
0xe31a1c,juvix wasm,4.13245125758355,4.130241238125109,4.13608756108412,3.7710386911669128e-3,7.258945065849324e-4,4.745650915828791e-3
0xcab2d6,runtime,3.243511970999824,3.242422278874983,3.245022399249933,1.7983135845173759e-3,6.775522108684619e-4,2.3012725621103596e-3
0x6a3d9a,runtime wasm,3.3443217143337733,3.342302945958636,3.3473288995842267,3.384268178843756e-3,6.869009998808906e-4,4.348106669117941e-3
