Color,Name,Mean,MeanLB,MeanUB,Stddev,StddevLB,StddevUB
0xa6cee3,ocaml,1.1964721401460185,1.182026453750268,1.2169129750207806,2.490257279593401e-2,1.2058114473697416e-2,3.1208043674927466e-2
0x1f78b4,ocaml byte,6.9926737357081565,6.9512957276666985,7.0271286392082475,5.483521633409383e-2,3.206013281955601e-2,7.457100253769815e-2
0xb2df8a,haskell,1.8965474190000577,1.8468015167502472,1.9301321904999895,6.089710142829806e-2,3.7051605556497065e-2,7.3588164932931e-2
0x33a02c,haskell strict,1.8714338496876053,1.8228746032505114,1.9051695608749242,5.523030016650317e-2,3.214946521283243e-2,7.79092877412081e-2
0xfb9a99,juvix,1.7371592899374946,1.7333407500000249,1.7409778298749643,5.556481105992941e-3,2.5728124889577166e-3,7.6744127203974355e-3
0xe31a1c,juvix wasm,0.8481071097082236,0.8463476267500027,0.8505905759997177,2.9637232694342433e-3,1.1817365811357312e-3,3.906310352015119e-3
0xcab2d6,runtime,2.1031944349583305,2.099661973833198,2.1051562463333844,3.403460351579468e-3,1.5264644008509249e-3,4.530609301946585e-3
0x6a3d9a,runtime wasm,2.3713154374374312,2.342413145187436,2.3845243747498444,2.7654513887238136e-2,1.2150740939483203e-2,3.624225079080563e-2
