Color,Name,Mean,MeanLB,MeanUB,Stddev,StddevLB,StddevUB
0xa6cee3,ocaml,0.3423443518959175,0.338902714187725,0.3443734187708287,3.4050512295332107e-3,1.8804141736135163e-3,4.685929225734989e-3
0x1f78b4,ocaml byte,1.0614963013959482,1.0364629151667941,1.0865296876251023,3.966259164993932e-2,1.9311903120394457e-2,5.541074333990466e-2
0xb2df8a,haskell,2.0902373692498486,2.0685368502498704,2.1233867784997074,3.627552040751294e-2,1.0418774000072517e-2,4.6233682435811836e-2
0x33a02c,haskell strict,0.873451143375045,0.8647270163749567,0.8778323240002237,8.482104861031292e-3,2.8818392496211065e-3,1.1514673768701529e-2
0xfb9a99,juvix,1.1171968972499637,1.1166931050000812,1.1175545859996419,5.969039098822367e-4,5.010367104952528e-4,7.088290912499351e-4
0xe31a1c,juvix wasm,1.0302638909165769,1.0297132340000417,1.0310093431246514,9.111812767351301e-4,3.360185925183702e-4,1.2430648628675405e-3
0xcab2d6,runtime,1.4515241527916107,1.4485265868751185,1.4532464934998188,3.151756177917939e-3,1.3814153829638108e-3,4.367314919501296e-3
0x6a3d9a,runtime wasm,0.9929627403331551,0.9905947402496622,0.9949141244583188,2.928986301716165e-3,2.1647220514991903e-3,3.7808817761589785e-3
