Color,Name,Mean,MeanLB,MeanUB,Stddev,StddevLB,StddevUB
0xa6cee3,ocaml,0.3419912250000152,0.3337888505000137,0.3456764225001052,8.055464863239594e-3,2.1496209999440907e-3,1.0712370514113367e-2
0x1f78b4,ocaml byte,1.2575936591874968,1.2354092828749117,1.2750589680001667,2.6634626387175363e-2,1.9004560493943837e-2,3.2909497805314596e-2
0xb2df8a,haskell,1.9288620229583746,1.9016965582499097,1.9560274876668395,3.894104020338111e-2,1.1959068666593908e-2,4.892681042054372e-2
0x33a02c,haskell strict,0.8960704174374617,0.8761964944998606,0.9159443403750629,3.186412234391694e-2,1.1812902844377991e-2,4.3287143438595674e-2
0xfb9a99,juvix,1.116847870062467,1.11658057787497,1.1169962363125023,2.588768499273034e-4,1.08872239272475e-4,3.426371775860996e-4
0xe31a1c,juvix wasm,1.0076639489167292,1.003417598416604,1.0154052744169348,7.706416672757578e-3,1.1838158334285254e-3,9.806526417282954e-3
0xcab2d6,runtime,1.4737235762917937,1.4672108911252053,1.4850426761667752,1.1690140329637354e-2,1.766289916607433e-3,1.4097060801720917e-2
0x6a3d9a,runtime wasm,0.9878960769374316,0.9873543747498843,0.9882900491249984,6.887534361210822e-4,4.7327721243299624e-4,9.098397941795787e-4
