Color,Name,Mean,MeanLB,MeanUB,Stddev,StddevLB,StddevUB
0xa6cee3,ocaml,2.3636980940207195,2.353719354875011,2.370574172749457,1.1686355238144843e-2,1.025077990822658e-2,1.3302567770320586e-2
0x1f78b4,ocaml byte,6.340727367708117,6.339387625750078,6.341765442332719,1.630615051758864e-3,1.0833040738691367e-3,2.002618409210222e-3
0xb2df8a,haskell,2.2425702472917997,2.2419370926254487,2.243821078416507,1.252377930558745e-3,1.4201167080729604e-5,1.4525415790680892e-3
0x33a02c,haskell strict,2.081864910499841,2.08185087575013,2.0818851952494697,2.4117715137706523e-5,7.741737787107513e-6,3.2411866094261676e-5
0xfb9a99,juvix,3.3241208431668383,3.315176660333236,3.3301047426671175,1.0640398544130656e-2,8.106463264421486e-3,1.2840647189302308e-2
0xe31a1c,juvix wasm,1.3046776146037473,1.2984540876664141,1.3086072985413466,6.4661520781375e-3,3.271681875730792e-3,9.075216316812401e-3
0xcab2d6,runtime,3.3225822493333226,3.320849092374715,3.3234430064164826,1.677056905107724e-3,2.471174161655654e-4,2.0114228966435e-3
0x6a3d9a,runtime wasm,3.222882267312343,3.2178175484996245,3.2298476522501005,7.923774942089151e-3,1.6566032510473413e-3,1.0365180352320133e-2
