Color,Name,Mean,MeanLB,MeanUB,Stddev,StddevLB,StddevUB
0xa6cee3,ocaml,1.9699135513543145,1.9684326794379103,1.9717036839372213,2.3984150529719125e-3,1.1271650498521902e-3,3.202751457913845e-3
0x1f78b4,ocaml byte,5.960988828270804,5.955219760374803,5.964525761270882,6.842322373570899e-3,5.753484474129924e-3,8.168196878801949e-3
0xb2df8a,haskell,2.24227118489614,2.242234045624855,2.2423337888127435,6.737641377018966e-5,1.1616968995671454e-5,8.571231471071011e-5
0x33a02c,haskell strict,2.200293253562753,2.1983803381253892,2.2015643551877324,2.436094432223064e-3,1.2838049827421506e-3,2.9354834613972897e-3
0xfb9a99,juvix,3.4693426583539804,3.459371489187106,3.4882927676662803,1.911909094814883e-2,3.446652170634307e-4,2.2682763593457632e-2
0xe31a1c,juvix wasm,1.3289944291043791,1.3250188959374327,1.333125650000511,5.278266711670831e-3,2.720508671467182e-3,6.537464837434783e-3
0xcab2d6,runtime,3.29571017758326,3.2919214553330676,3.2978128589165863,3.7300914380630585e-3,8.834339996610652e-4,4.884890479581992e-3
0x6a3d9a,runtime wasm,3.4977648907085572,3.4970310511668385,3.498229608625479,9.020050950720235e-4,5.452362919825968e-4,1.0683850377034422e-3
