Color,Name,Mean,MeanLB,MeanUB,Stddev,StddevLB,StddevUB
0xa6cee3,ocaml,0.3421718184582687,0.3398545686250145,0.3444210482499557,3.343944264005256e-3,1.933614850967046e-3,4.3132562669452494e-3
0x1f78b4,ocaml byte,1.0591432928748834,1.0471003667498544,1.0825356503748935,2.2726789676265523e-2,2.003766277796165e-3,2.7811946560464942e-2
0xb2df8a,haskell,1.8467700307083799,1.830760331958383,1.8580124373750664,1.784062900398472e-2,1.0747934605724582e-2,2.5207920177190684e-2
0x33a02c,haskell strict,0.8865808844583777,0.8585704851249147,0.9005599926250625,2.6486845845749896e-2,1.2051147660433609e-4,3.234373544600895e-2
0xfb9a99,juvix,1.1187640829166032,1.1182012007499225,1.119540542249979,9.926132570393527e-4,5.10496859080995e-4,1.2304792045983138e-3
0xe31a1c,juvix wasm,1.0576483139167483,1.0560438180001483,1.060021015375014,2.7063896409725845e-3,7.191889971229189e-4,3.582566096005759e-3
0xcab2d6,runtime,1.4497037035210003,1.443728705167056,1.457006063812571,8.774545150438545e-3,3.036461806243905e-3,1.1653819657467144e-2
0x6a3d9a,runtime wasm,0.9896306610833108,0.9886632960001407,0.9912187749998793,1.7151017995522464e-3,2.6682531348151987e-4,2.163526218039783e-3
