Color,Name,Mean,MeanLB,MeanUB,Stddev,StddevLB,StddevUB
0xa6cee3,ocaml,1.718414511687494,1.7044323218749469,1.7292790411875103,1.7578194175223577e-2,1.0821084921902029e-2,2.301921114311918e-2
0x1f78b4,ocaml byte,6.699550202895769,6.337345311812555,7.292735623833171,0.6188505450067898,0.11287350170831223,0.7789048361654642
0xb2df8a,haskell,2.262056710708426,2.241492596666528,2.2947021220004444,3.325718491169466e-2,7.679849932446109e-3,4.30819802406736e-2
0x33a02c,haskell strict,2.1420834970209057,2.1328731976877293,2.1482357271041224,1.0130556647712228e-2,5.615050979259252e-3,1.4207966778646556e-2
0xfb9a99,juvix,5.246557365874992,5.196674182999914,5.283108458124957,5.728819577484114e-2,3.4588046573707516e-2,8.061222967013915e-2
0xe31a1c,juvix wasm,4.730172140416566,4.708220446874975,4.744310002249847,2.3482691189312028e-2,1.1067861529176947e-2,3.264999334084267e-2
0xcab2d6,runtime,3.4144896298333074,3.3892273272498414,3.4549824778748643,4.521067923532372e-2,1.3007230583222507e-2,5.6303815150192796e-2
0x6a3d9a,runtime wasm,3.3969768213751004,3.3869028755001027,3.4067141695000296,1.4007434639210547e-2,8.00675375000992e-3,1.9268144938055395e-2
