Color,Name,Mean,MeanLB,MeanUB,Stddev,StddevLB,StddevUB
0xa6cee3,ocaml,0.3416444250000457,0.3386873222501663,0.34686021025004266,5.158370023023109e-3,1.23131775001184e-3,6.765426538665233e-3
0x1f78b4,ocaml byte,1.2603884067083488,1.2392780471249694,1.2723835717500833,2.122864932400932e-2,1.0151718045696125e-2,2.9554269102924434e-2
0xb2df8a,haskell,2.016926523687573,2.0042076633125703,2.031472065312471,1.8538522826042687e-2,7.819975708701568e-3,2.4655915729123876e-2
0x33a02c,haskell strict,0.9472441506666579,0.9138423198750161,0.9636443380832891,3.270261938285013e-2,1.8448710832975057e-3,3.963424881452349e-2
0xfb9a99,juvix,1.1205863417709832,1.1199861080625624,1.1209878020835429,6.887059567647376e-4,2.466369146546913e-4,9.271328781012237e-4
0xe31a1c,juvix wasm,1.0627793200833555,1.0607888619997539,1.0664637909999897,3.728439988932191e-3,2.6478216674752364e-4,4.407673645304809e-3
0xcab2d6,runtime,1.4816092701458956,1.4765293339376058,1.4839140666666708,4.854478179859461e-3,1.9444415576206076e-3,6.408910582501561e-3
0x6a3d9a,runtime wasm,0.9943107626249343,0.9930539312497331,0.9961881421250496,2.1036084754123344e-3,6.939354998394265e-4,2.6798125551697415e-3
