Color,Name,Mean,MeanLB,MeanUB,Stddev,StddevLB,StddevUB
0xa6cee3,ocaml,1.1688252823750342,1.142145065500093,1.18747619012485,3.14130777270846e-2,2.6526955209588966e-2,3.5723879016369184e-2
0x1f78b4,ocaml byte,7.102028088395817,7.018404347124942,7.193941566875083,0.12448633525570348,6.284174280531289e-2,0.1642488112975611
0xb2df8a,haskell,1.983201172687643,1.9401455504376486,2.0264998191874497,5.907141939912887e-2,3.161008740021558e-2,7.4641214151996e-2
0x33a02c,haskell strict,1.875009958729284,1.8608763423752634,1.889218994979179,1.644475557335861e-2,1.423810184946419e-2,1.6603957309348803e-2
0xfb9a99,juvix,1.7505511173542725,1.7497462722083887,1.7518479569375813,1.4274574013319215e-3,3.030672259739032e-4,1.8489228122014556e-3
0xe31a1c,juvix wasm,0.8553488143541585,0.8540782021666473,0.8561594705416837,1.4061104210542428e-3,5.744744846053148e-4,1.8721302723515999e-3
0xcab2d6,runtime,2.1198207984789215,2.1124667336456655,2.13384001412453,1.3652432099644216e-2,1.377828041806195e-3,1.6983485244472893e-2
0x6a3d9a,runtime wasm,2.388916547854232,2.3697633716874975,2.3984386953543244,1.8716457550318748e-2,1.3571296252621323e-3,2.2116897536825268e-2
