Color,Name,Mean,MeanLB,MeanUB,Stddev,StddevLB,StddevUB
0xa6cee3,ocaml,1.7023526580199662,1.6726257264159963,1.7198625549575202,3.5099791633087664e-2,3.0311186080121788e-2,4.043737484151763e-2
0x1f78b4,ocaml byte,6.633361407437405,6.363627710499713,6.775022486750004,0.3122158804340425,0.2749912898839654,0.3271522490992862
0xb2df8a,haskell,2.304762221583663,2.246391674124652,2.3422864171254787,6.288862640727118e-2,3.14495457945511e-2,8.665841758876563e-2
0x33a02c,haskell strict,2.2026158943338032,2.184677824001483,2.22848426749988,2.994641559552169e-2,9.018643464271885e-3,3.994235216961208e-2
0xfb9a99,juvix,3.737450306624396,3.693150758000229,3.770598276249075,5.526159232893104e-2,2.8371007688912913e-2,7.655195674359139e-2
0xe31a1c,juvix wasm,1.4610383456871812,1.4332114892492125,1.4854922880622325,3.639924104455306e-2,2.1706994168219414e-2,4.699951923767684e-2
0xcab2d6,runtime,3.5633560529373276,3.5486656444997307,3.57270282249965,1.7642695553420483e-2,1.0687277750548674e-2,2.1585439691441693e-2
0x6a3d9a,runtime wasm,3.76695104987607,3.7136253767500875,3.7919471438767687,5.20765379476629e-2,1.0757460750937753e-2,6.778600632835881e-2
