Color,Name,Mean,MeanLB,MeanUB,Stddev,StddevLB,StddevUB
0xa6cee3,ocaml,1.9915740340415293,1.989382192583283,1.9932621201666432,2.6054464902341185e-3,2.1234372472990217e-3,3.036093096778432e-3
0x1f78b4,ocaml byte,6.005028357603919,6.000782512499427,6.007607604520786,5.026025945850079e-3,4.237229081763113e-3,5.956515607037304e-3
0xb2df8a,haskell,2.4424516242292307,2.438349359104374,2.449935929062349,7.404123260937909e-3,1.3053273746663763e-3,9.473775496493116e-3
0x33a02c,haskell strict,2.2121989088539826,2.2045838357915577,2.2229915629372954,1.296610465832769e-2,4.46841184291211e-3,1.7586257929958795e-2
0xfb9a99,juvix,3.468749535354315,3.455166625416647,3.4755843058336113,1.3155934984722997e-2,2.185762125009205e-3,1.6946143769040523e-2
0xe31a1c,juvix wasm,1.3306207780416344,1.3271757449165307,1.332333368041759,3.248424766133676e-3,1.0878221669372579e-3,3.9781137114960514e-3
0xcab2d6,runtime,3.312026901416781,3.308821425000133,3.3173369605001426,5.922700079062521e-3,3.0778600570874944e-4,7.252104101579913e-3
0x6a3d9a,runtime wasm,3.514543403729135,3.5134227190625325,3.5151776901250287,1.1158362635696735e-3,4.6822204374554204e-4,1.537842493823319e-3
