Color,Name,Mean,MeanLB,MeanUB,Stddev,StddevLB,StddevUB
0xa6cee3,ocaml,1.174428519812409,1.1594563801249933,1.1894006594998245,2.1636585573346096e-2,9.386700768561212e-3,2.9601463060738204e-2
0x1f78b4,ocaml byte,7.155280441416703,7.091038843124863,7.188582047125067,6.092756157018243e-2,1.367955425018863e-2,7.427998729306375e-2
0xb2df8a,haskell,1.9351922243333586,1.9011080246253869,1.9646504893332046,3.9616520989537767e-2,3.527198446350909e-2,4.2212425686788846e-2
0x33a02c,haskell strict,1.7780661092918422,1.758703894333621,1.8044057227501753,3.0307695162601143e-2,7.1665003199336275e-3,3.995895079829665e-2
0xfb9a99,juvix,3.703100272583375,3.689820657666739,3.7116233220833315,1.6291475354116763e-2,9.827879322113334e-3,1.9683139692465365e-2
0xe31a1c,juvix wasm,2.5533122821250154,2.5443991761250686,2.5621460442501416,1.1538513270754983e-2,5.434655000196242e-3,1.4125300708962603e-2
0xcab2d6,runtime,2.850958243604244,2.8443635608125533,2.8547899724793147,6.514211064800486e-3,3.366857278885816e-3,8.84899878993432e-3
0x6a3d9a,runtime wasm,2.356903390791634,2.3332340153749556,2.373860986833317,2.832118403092864e-2,1.7080228995061272e-2,3.91618905578977e-2
