Color,Name,Mean,MeanLB,MeanUB,Stddev,StddevLB,StddevUB
0xa6cee3,ocaml,0.33482956629158406,0.322262683833363,0.34494875549989956,1.4685074236288917e-2,1.3004244512670403e-2,1.6661914808523488e-2
0x1f78b4,ocaml byte,1.066428998208399,1.051364546750051,1.0749266354584013,1.7621302092399215e-2,1.5675651207521228e-2,1.9624452615058473e-2
0xb2df8a,haskell,1.8271263746666666,1.8201018698334033,1.8321642111250185,8.887100856551425e-3,5.204270173081554e-3,1.1634384941450934e-2
0x33a02c,haskell strict,0.8902802736457716,0.8598130908127359,0.9056873939998695,2.94091825145867e-2,5.773652032762762e-3,3.8067298436586704e-2
0xfb9a99,juvix,1.1199994553541994,1.119529310249959,1.1203574716250841,6.012734298367584e-4,3.54759431594007e-4,8.268031614783647e-4
0xe31a1c,juvix wasm,1.0589027472498553,1.0583985654998287,1.0593440172498656,7.292892440876237e-4,3.99059491940646e-4,1.0190694131649264e-3
0xcab2d6,runtime,1.448593661979108,1.4451122059790766,1.452919233249986,5.211856038031506e-3,3.993668162878763e-3,6.03793561035609e-3
0x6a3d9a,runtime wasm,0.9889910228125132,0.9872566733126291,0.9899452467500396,1.7165199336767261e-3,7.194233231880636e-4,2.359520709088003e-3
