Color,Name,Mean,MeanLB,MeanUB,Stddev,StddevLB,StddevUB
0xa6cee3,ocaml,0.3426985834582865,0.33678432333317687,0.346701503958343,6.610321350526781e-3,3.6064326152080435e-3,9.244348913009078e-3
0x1f78b4,ocaml byte,1.2781360831666386,1.2599766451664134,1.2904288781667599,2.0820185423804486e-2,1.0513382224667538e-2,2.838899400965158e-2
0xb2df8a,haskell,1.9863909081874265,1.9844985814999443,1.9886686331248788,3.17648049595092e-3,1.8365601249948904e-3,4.370141289650202e-3
0x33a02c,haskell strict,0.9612443188540473,0.957658989312506,0.9671705903747352,6.3615359165882e-3,1.7137350772272473e-3,7.93422471961701e-3
0xfb9a99,juvix,1.1184754664789693,1.117844690874449,1.1188080166458008,5.986806050815184e-4,1.5685582033676696e-4,7.679917133567117e-4
0xe31a1c,juvix wasm,1.0002763124583112,0.9992452996666543,1.001749862208328,1.6634444392725973e-3,3.7435198982573655e-4,2.1775811367339476e-3
0xcab2d6,runtime,1.466366383145953,1.462337475500135,1.4694456720001199,5.0567269533924935e-3,3.1525937676412886e-3,6.6186541891347745e-3
0x6a3d9a,runtime wasm,0.9960837080833471,0.9920585685001697,0.9990932968330526,5.15290408427093e-3,3.2031350060480177e-3,6.869258558358365e-3
