Color,Name,Mean,MeanLB,MeanUB,Stddev,StddevLB,StddevUB
0xa6cee3,ocaml,0.34352202470836346,0.3423499411250077,0.3454693437499827,2.199351424773889e-3,7.631922499058419e-4,2.693609666654331e-3
0x1f78b4,ocaml byte,1.292675981541701,1.2848791223334124,1.2978160622916828,9.739927619625848e-3,5.3135569166139485e-3,1.1870508018633472e-2
0xb2df8a,haskell,2.0218285228752393,2.009070948000044,2.034051102625199,1.603055024655481e-2,1.1151526100099136e-2,2.0971386833110565e-2
0x33a02c,haskell strict,0.9410372006040575,0.9108660754374682,0.9590709511040245,3.0312461132399722e-2,1.18194747866869e-2,4.1647162822618045e-2
0xfb9a99,juvix,0.6004273920625375,0.5998166460002115,0.6010381381248635,7.786993391056089e-4,4.5284248626939423e-4,1.027543760062966e-3
0xe31a1c,juvix wasm,0.6001075321040616,0.5972170554164222,0.605842457937456,5.742051141963174e-3,1.4734123407479302e-5,6.653176947219785e-3
0xcab2d6,runtime,2.1888251310834144,2.182142067500081,2.1927879936667596,6.666714490126769e-3,2.6788641665309587e-3,9.151839117023684e-3
0x6a3d9a,runtime wasm,1.031352501958357,1.0280561459999262,1.037247208125109,6.054644522572498e-3,7.934192499305937e-4,7.3806701345022424e-3
