Color,Name,Mean,MeanLB,MeanUB,Stddev,StddevLB,StddevUB
0xa6cee3,ocaml,1.1696097293124506,1.1484511204377554,1.1801148116872848,2.0426233712411625e-2,2.519393874877096e-3,2.4433059593614397e-2
0x1f78b4,ocaml byte,6.995732112624921,6.855723488499734,7.157254676749972,0.20180298043249897,7.947625079999075e-2,0.26956714373512386
0xb2df8a,haskell,1.9717541779792973,1.913290195604096,2.03448579800056,8.296191824199839e-2,5.140056846679152e-2,0.10822165835533275
0x33a02c,haskell strict,1.8718639867499103,1.8612843703749227,1.892277356750128,2.0557789500071293e-2,4.93665945589826e-4,2.4188263452697617e-2
0xfb9a99,juvix,1.7437665442499604,1.7372913279999316,1.748340380749994,8.096045707756603e-3,4.568407677567991e-3,9.691637754866422e-3
0xe31a1c,juvix wasm,0.8523467650833633,0.8516460504998804,0.85303211774999,9.056889106110514e-4,4.7738433355942744e-4,1.1058849958152546e-3
0xcab2d6,runtime,2.1265456312916435,2.119549996750038,2.131735660166593,9.046098024367543e-3,4.374723166544525e-3,1.1985858272215747e-2
0x6a3d9a,runtime wasm,2.3985460472499462,2.3954615794998517,2.402071833499993,4.888285253368594e-3,1.9664377264591816e-3,6.4248727296783645e-3
