Color,Name,Mean,MeanLB,MeanUB,Stddev,StddevLB,StddevUB
0xa6cee3,ocaml,0.3073600234363888,0.3060442008697283,0.3082053418898431,1.7532026565085766e-3,1.0515506467710422e-3,2.2918068056496394e-3
0x1f78b4,ocaml byte,1.1024899621043762,1.0987542292505168,1.106922488688042,5.154889905260637e-3,2.025959416035561e-3,6.327016622026141e-3
0xb2df8a,haskell,3.038323348166917,3.0312210341257924,3.0456506162499863,9.59957333879421e-3,6.205477129287711e-3,1.2898573702939918e-2
0x33a02c,haskell strict,1.4144759282295734,1.4084592518332406,1.4185462806876785,7.3420089256244474e-3,5.0570252100670685e-3,9.321561573246212e-3
0xfb9a99,juvix,2.1357321827075944,2.13224093333262,2.1416938286245113,6.375719548778587e-3,9.623449166913378e-4,8.062695065798235e-3
0xe31a1c,juvix wasm,1.6974865391249903,1.6910409727502156,1.7020558676247979,7.957750959554153e-3,4.436714102958348e-3,1.0552412157518912e-2
0xcab2d6,runtime,4.168305462874969,4.163044288499805,4.173566637250133,8.108170327499517e-3,2.684442280720496e-3,1.0892385153551416e-2
0x6a3d9a,runtime wasm,2.5864399118124006,2.5709467352498905,2.599382228624563,1.9299843132066234e-2,1.1141632027017175e-2,2.463832660885362e-2
