Color,Name,Mean,MeanLB,MeanUB,Stddev,StddevLB,StddevUB
0xa6cee3,ocaml,2.3524077947082183,2.345073624499946,2.3575498518748645,8.758506082942041e-3,6.675446879151851e-3,1.0611750197733924e-2
0x1f78b4,ocaml byte,6.346692553687755,6.336840250125761,6.351133147687544,9.780991627345406e-3,4.257294138425052e-3,1.350510729652328e-2
0xb2df8a,haskell,2.2561103686664787,2.2419584232500256,2.2694440989996565,1.7709417011741006e-2,9.980106999819327e-3,2.1169211957484245e-2
0x33a02c,haskell strict,2.0956737057081987,2.0894039957497625,2.101943415666635,1.1077642054159079e-2,2.500325750133925e-3,1.4433594686868549e-2
0xfb9a99,juvix,3.325254469708549,3.3226549091671886,3.327090385458329,3.24707671652786e-3,2.1296766025931595e-3,4.239865809379399e-3
0xe31a1c,juvix wasm,1.2978341596873786,1.2964133848745405,1.299850489687742,2.302083661546676e-3,5.884840356540919e-4,3.0382072092825867e-3
0xcab2d6,runtime,3.3671063354793205,3.362083547000566,3.370888556603859,6.351231497396295e-3,3.922636049928065e-3,8.371653188328831e-3
0x6a3d9a,runtime wasm,3.2193883396252354,3.2144000033749762,3.226637506000467,8.406269356477576e-3,2.8901590192924207e-3,1.0686769648966529e-2
