Color,Name,Mean,MeanLB,MeanUB,Stddev,StddevLB,StddevUB
0xa6cee3,ocaml,1.93839957333311,1.9370953896667138,1.9393535494997423,1.6508700214054148e-3,9.740540883458036e-4,2.1657257296963045e-3
0x1f78b4,ocaml byte,5.947586538145704,5.912343654749748,6.007234445937797,6.430015785129882e-2,8.758965778268749e-3,7.7259123903274e-2
0xb2df8a,haskell,2.3129015914166,2.312385024500145,2.3137431029997515,9.20770470318558e-4,2.201171666154078e-4,1.1458693882975522e-3
0x33a02c,haskell strict,2.132847020895914,2.131279369437266,2.134738749125745,2.3521737167356833e-3,9.89827520764241e-4,3.045171353022829e-3
0xfb9a99,juvix,5.271812318249999,5.270542047749586,5.273707752375117,2.1171752840673783e-3,4.92568807936125e-4,2.7626051610248146e-3
0xe31a1c,juvix wasm,4.174335967082925,4.17165409800009,4.176868650874667,3.3446698468134976e-3,1.839354749336053e-3,4.069607428295633e-3
0xcab2d6,runtime,3.319614850208609,3.317310011917016,3.32122771033346,2.899571282979585e-3,1.5980551233674574e-3,3.7247409089919093e-3
0x6a3d9a,runtime wasm,3.1258797878748132,3.123486697749589,3.1271730589998397,2.3418236363545544e-3,6.606905533527907e-4,3.117846761046836e-3
