Color,Name,Mean,MeanLB,MeanUB,Stddev,StddevLB,StddevUB
0xa6cee3,ocaml,1.1610616840206944,1.1514266295830566,1.1723682988957194,1.4560181188841377e-2,6.577109404263854e-3,1.900422047255741e-2
0x1f78b4,ocaml byte,6.913330267979006,6.869390768833,6.9572697671250125,6.921924979044071e-2,3.861190697861219e-2,9.755654179552371e-2
0xb2df8a,haskell,1.850703262499773,1.8100268059998825,1.8702851432497407,3.880188375736629e-2,6.684067500259516e-3,4.871583595063538e-2
0x33a02c,haskell strict,1.9238696794790069,1.9137638817082538,1.9378353435413753,1.6677725946878347e-2,5.715248625692657e-3,2.2553003446850167e-2
0xfb9a99,juvix,1.7560548242291816,1.7404487599375216,1.7640602556250542,1.5277140918911455e-2,6.6603784180356805e-3,2.089299305877685e-2
0xe31a1c,juvix wasm,0.8520565064792246,0.8512911612499465,0.8525457884375669,9.080122643634289e-4,7.419170168783615e-4,1.0614202205701266e-3
0xcab2d6,runtime,2.1268553338127085,2.124661546875245,2.1283107861874555,2.7058999672806517e-3,1.5675673752184593e-3,3.2562630234462455e-3
0x6a3d9a,runtime wasm,2.3771256759999155,2.3341396401248176,2.397532437874891,4.243592619125358e-2,4.345024250293816e-3,5.214459968830817e-2
