Color,Name,Mean,MeanLB,MeanUB,Stddev,StddevLB,StddevUB
0xa6cee3,ocaml,1.185188394312604,1.1696831841251196,1.192519494562589,1.4751818305421846e-2,6.5064939912692875e-3,1.8877298291203614e-2
0x1f78b4,ocaml byte,7.001725129541778,6.957651453750145,7.04317873312516,5.561869710325012e-2,2.851045383336759e-2,6.886275793907431e-2
0xb2df8a,haskell,1.9143928337500142,1.897753040250052,1.9344921071248677,2.5962635081143902e-2,1.156399714099107e-2,3.4216016782485786e-2
0x33a02c,haskell strict,1.8038713866458806,1.7816212351667673,1.8185026693125224,2.7856910336981164e-2,1.5237737624943293e-2,3.378949994470039e-2
0xfb9a99,juvix,3.7043819326459015,3.665694181270851,3.727322200812864,4.133811594722932e-2,2.920409057614765e-2,5.061631469889463e-2
0xe31a1c,juvix wasm,2.5341144318542583,2.5020103136874354,2.554555996354433,3.390865946027701e-2,1.6370893467305424e-2,4.720777106733146e-2
0xcab2d6,runtime,2.8780113129373412,2.8550619903125494,2.8958468324997284,2.7707517592561126e-2,1.322746266533391e-2,3.872475735477945e-2
0x6a3d9a,runtime wasm,2.343104776124998,2.3157507571248743,2.3568777600000885,2.9314849687899037e-2,1.2519892849610716e-2,3.9154768846197015e-2
