Color,Name,Mean,MeanLB,MeanUB,Stddev,StddevLB,StddevUB
0xa6cee3,ocaml,1.1982905887290751,1.194805457374855,1.2009381092915798,4.471804823956015e-3,2.643868603946733e-3,6.114186837788687e-3
0x1f78b4,ocaml byte,7.068781650770745,6.960987848374657,7.118917275333388,0.1023799873359207,3.491493237651919e-2,0.13315585797249282
0xb2df8a,haskell,1.8781192736876544,1.8336648860000273,1.9088253785004479,5.209703862392334e-2,4.5121977730420024e-2,5.845783481529851e-2
0x33a02c,haskell strict,1.92882345222921,1.9094595515626338,1.9392040788749227,1.9015102489213346e-2,3.2385831664214493e-3,2.2515323951713285e-2
0xfb9a99,juvix,1.7653764130833263,1.7622903034166106,1.7689584139999965,4.751332539536967e-3,2.2468386625833668e-3,6.591798548976276e-3
0xe31a1c,juvix wasm,0.8524558776041241,0.851860650874869,0.8527946039999961,5.816046853122162e-4,2.8895902758178807e-4,7.82255103353162e-4
0xcab2d6,runtime,2.1313245193126136,2.1235415692501647,2.135355608500049,7.373895807685809e-3,6.448501653693334e-4,9.30940170997323e-3
0x6a3d9a,runtime wasm,2.3639524036875437,2.3305255080625216,2.38413499756255,3.3625597269970026e-2,1.4710686017488823e-2,4.66097040267189e-2
