Color,Name,Mean,MeanLB,MeanUB,Stddev,StddevLB,StddevUB
0xa6cee3,ocaml,2.3556860848956,2.3525335419371913,2.3574750061663208,3.1157211700773373e-3,9.425748540572423e-4,4.170923307779412e-3
0x1f78b4,ocaml byte,6.368298033874983,6.358191624999714,6.378404442750252,1.389106751667794e-2,6.092992409877901e-3,1.8545625717336943e-2
0xb2df8a,haskell,2.2524923592706805,2.246827886916587,2.258758378270803,9.234408342351487e-3,5.017951074602227e-3,1.3018858233491222e-2
0x33a02c,haskell strict,2.090025955291935,2.0881336462500713,2.091291067042107,2.4128555810119467e-3,1.2543945833840553e-3,2.9216504380667153e-3
0xfb9a99,juvix,3.3083486585211404,3.305098604770933,3.31013380483364,3.140848409860482e-3,1.5488889013359213e-3,4.122618816258553e-3
0xe31a1c,juvix wasm,1.3022604244791485,1.298674642500373,1.3072840952499973,5.8528632278990675e-3,1.792391624803713e-3,7.161463620721947e-3
0xcab2d6,runtime,3.338791978875444,3.3359244661252205,3.340362279250485,2.8606198482609532e-3,1.316216008258321e-3,3.9692265206216805e-3
0x6a3d9a,runtime wasm,3.342644994437895,3.3362958453751617,3.348778021875887,8.758487719396158e-3,4.442943141921424e-3,1.1999482007105593e-2
