Color,Name,Mean,MeanLB,MeanUB,Stddev,StddevLB,StddevUB
0xa6cee3,ocaml,1.1730098106668077,1.1434654409171496,1.1928173089166119,3.2823717925219875e-2,1.716998318502769e-2,4.574345778599001e-2
0x1f78b4,ocaml byte,7.140214707687524,7.026132719937493,7.194634524687501,0.10796384196856328,2.900569612495474e-2,0.13778388137192482
0xb2df8a,haskell,1.9171710450623134,1.8660271768749226,1.9551710170625067,5.9653757597864975e-2,3.6993846847751435e-2,8.364440703296024e-2
0x33a02c,haskell strict,1.9283671921669072,1.88245814725002,1.959371679500407,5.1265933116553315e-2,2.7621056150428727e-2,7.16017964323297e-2
0xfb9a99,juvix,1.7304920682707159,1.7267844697496457,1.7325303356041863,3.5667414306313327e-3,1.6414334207547766e-3,4.7071767746382255e-3
0xe31a1c,juvix wasm,0.8530179893958802,0.850360244625108,0.8569081871249864,4.3890879874463945e-3,1.081210921729107e-3,5.76141576774342e-3
0xcab2d6,runtime,2.1172409898541864,2.11085214268752,2.1281300241875556,1.1197695409758679e-2,2.6339751294732257e-3,1.4754410525944717e-2
0x6a3d9a,runtime wasm,2.3846405799164927,2.3652126394165975,2.394302226333366,1.9101279458253736e-2,1.0176500004490663e-3,2.2448835985537527e-2
