Color,Name,Mean,MeanLB,MeanUB,Stddev,StddevLB,StddevUB
0xa6cee3,ocaml,1.1872340849167624,1.1785568755002487,1.1930220126665556,1.0747903326548148e-2,6.27306417553443e-3,1.3366646577572831e-2
0x1f78b4,ocaml byte,7.054679758250074,6.905640147250153,7.145919541500064,0.15095458486031366,7.533379800008788e-2,0.2107092536807374
0xb2df8a,haskell,1.9519659981665427,1.881608562416659,1.9907511229164356,7.430371047388358e-2,6.200470666635738e-2,8.957040885961559e-2
0x33a02c,haskell strict,1.7847940684166776,1.7567891795834307,1.8076308063748456,3.504860863778439e-2,2.208304716657738e-2,4.5770865469693986e-2
0xfb9a99,juvix,1.742768123791696,1.740362051166547,1.7444929849167086,2.864044123749295e-3,1.6820488377045798e-3,3.9833961393626735e-3
0xe31a1c,juvix wasm,0.8706398862917505,0.868891466500088,0.8715101216667828,1.678476112725326e-3,2.589377501180934e-4,2.0189430047764896e-3
0xcab2d6,runtime,2.1086707570416934,2.1039262599167614,2.1113014944166366,4.55253156955512e-3,1.6636857250543523e-3,6.07542772636275e-3
0x6a3d9a,runtime wasm,2.3455135418960253,2.2634765125628746,2.384991320979225,8.019046105718747e-2,6.162942333503452e-3,9.48617598467108e-2
