Color,Name,Mean,MeanLB,MeanUB,Stddev,StddevLB,StddevUB
0xa6cee3,ocaml,0.3096497048105569,0.30814231472999387,0.31050534750174846,1.7655131661740281e-3,1.3511507614439148e-3,2.096596067513402e-3
0x1f78b4,ocaml byte,1.1484848786047526,1.1469532716676742,1.1507376972293362,2.5748766479536263e-3,6.238425539879912e-4,3.3359356773261894e-3
0xb2df8a,haskell,3.149746054916401,3.1450957627494063,3.1548692315415487,6.809654810836995e-3,4.180880642180948e-3,8.790658700176633e-3
0x33a02c,haskell strict,1.4805851695832644,1.4748949954582713,1.4831532748744394,5.594282226096784e-3,1.2278152284230775e-3,7.268972679987893e-3
0xfb9a99,juvix,2.1822591146252157,2.181241357750878,2.1828996967500798,1.2416496372001757e-3,7.54349498947704e-4,1.4793610489130633e-3
0xe31a1c,juvix wasm,1.856547080020846,1.85417509825038,1.8581566858747465,2.801479175165792e-3,1.3982432897072772e-3,3.7172254921547785e-3
0xcab2d6,runtime,4.257892176396278,4.251645136125262,4.261394357709075,7.274439015265378e-3,6.545449291782912e-3,8.087941294776652e-3
0x6a3d9a,runtime wasm,2.6303738974368116,2.620194693374742,2.6382837782484785,1.233057026129059e-2,8.00322167635726e-3,1.4652854083767335e-2
