Color,Name,Mean,MeanLB,MeanUB,Stddev,StddevLB,StddevUB
0xa6cee3,ocaml,0.34553857227062207,0.3441746717082121,0.34735524793723016,2.3267746090039065e-3,9.590527580677802e-4,3.149793427421138e-3
0x1f78b4,ocaml byte,1.0997906973542324,1.065183222250198,1.118957270270831,3.31928849617295e-2,1.278503376796529e-2,4.42633041313631e-2
0xb2df8a,haskell,1.8406764516665628,1.8301119040832154,1.8524139292499058,1.8337603940019806e-2,5.5149673908601385e-3,2.4397777564448938e-2
0x33a02c,haskell strict,0.8928462829373794,0.8785815521250318,0.907254853812276,2.0200674927679737e-2,9.889634685301e-3,2.7846439919030564e-2
0xfb9a99,juvix,1.120995436000025,1.1188788096248838,1.1238892558750802,3.243371627759106e-3,2.1241380347933325e-4,3.966095327388037e-3
0xe31a1c,juvix wasm,1.066664736729327,1.0607201707082745,1.0726093027503794,1.1514784665791918e-2,2.0423595837348874e-4,1.3401487861092035e-2
0xcab2d6,runtime,1.4655471834167884,1.4641298728333823,1.4665843190005035,1.665758932300923e-3,1.4214577249596274e-3,1.8604460017811657e-3
0x6a3d9a,runtime wasm,0.994403891500023,0.9940198477498825,0.9946169143750581,4.451153352285059e-4,4.0032149860443745e-4,4.770287319017582e-4
