Color,Name,Mean,MeanLB,MeanUB,Stddev,StddevLB,StddevUB
0xa6cee3,ocaml,1.180388602354185,1.1769126146251665,1.182862710374934,4.3991164237184854e-3,2.01359070831586e-3,5.702355529226817e-3
0x1f78b4,ocaml byte,7.16036590879158,7.034974094041634,7.321681172124613,0.18572803530406373,7.935875987055982e-2,0.23952192598496416
0xb2df8a,haskell,1.8673122661458212,1.8321837989999494,1.9232320691875202,6.0222750106733634e-2,8.247607999919637e-3,7.643800266795717e-2
0x33a02c,haskell strict,1.8234890576873681,1.7731254569998782,1.8544281413123258,6.006535873394969e-2,4.2790129505254716e-2,7.145075303739862e-2
0xfb9a99,juvix,1.808544091354103,1.8027507105624636,1.8111572182290654,5.5630139181082035e-3,2.488926790911073e-3,7.344481819539644e-3
0xe31a1c,juvix wasm,0.8567468564166916,0.8557492584999409,0.8572771550001903,1.1562844024737501e-3,1.0584818332972645e-3,1.223450831254247e-3
0xcab2d6,runtime,2.1617335659375194,2.156417977750152,2.164686603812413,6.1512866699451035e-3,5.352881132416037e-3,6.513239508234838e-3
0x6a3d9a,runtime wasm,2.383610613416787,2.366643601083145,2.393881127916908,2.006128525985983e-2,1.7020268721543212e-2,2.371873724544315e-2
