Color,Name,Mean,MeanLB,MeanUB,Stddev,StddevLB,StddevUB
0xa6cee3,ocaml,1.9247272735424303,1.901335640292018,1.9692681159185668,4.423644118618596e-2,3.67301233291073e-3,5.4020663015642095e-2
0x1f78b4,ocaml byte,7.436001887312689,7.127869517874538,7.677252497250568,0.3879651469682651,0.2690838641615293,0.5085505316313986
0xb2df8a,haskell,2.4597032275626134,2.440819604250464,2.472832714125161,2.343747563803629e-2,1.3288609605345279e-2,3.032125040483408e-2
0x33a02c,haskell strict,2.458262000270679,2.441135681187916,2.466183262436971,1.629125132018889e-2,6.302037400981944e-3,2.1258168354521944e-2
0xfb9a99,juvix,3.9867687481037897,3.9592205526876114,4.014482116332753,3.5606054206539124e-2,1.798895958351454e-2,4.3039541163151986e-2
0xe31a1c,juvix wasm,1.5744171364168171,1.5656750206248944,1.5797766181249244,8.85835124936503e-3,4.542525359079549e-3,1.2377192827570358e-2
0xcab2d6,runtime,3.8989736850627046,3.887697705750422,3.9074571946873675,1.4383271684196697e-2,9.455439678924437e-3,1.9121811037046306e-2
0x6a3d9a,runtime wasm,4.1187249399373895,4.089026216749517,4.13377067024976,2.8897556236870684e-2,1.0386760959705445e-2,3.917633201297239e-2
