Color,Name,Mean,MeanLB,MeanUB,Stddev,StddevLB,StddevUB
0xa6cee3,ocaml,0.3464830964583901,0.345571096666769,0.34738829187506326,1.0575877474688264e-3,9.316955225643338e-4,1.1294158681590834e-3
0x1f78b4,ocaml byte,1.1313551072917487,1.0503360182499364,1.2099051263751335,0.1028078780104615,5.5978657535333876e-2,0.12392023580502458
0xb2df8a,haskell,2.0350794937291234,2.0113374127289867,2.072962424000025,4.220147349578097e-2,8.721970616829958e-3,5.482998742620341e-2
0x33a02c,haskell strict,0.8719380192709233,0.8544012563335551,0.8831886855208305,1.889014505737567e-2,9.36130747003831e-3,2.59823007517863e-2
0xfb9a99,juvix,1.1167835399793755,1.116668621708603,1.116959754562572,2.13273693150527e-4,1.0028816331750821e-4,2.653923782613173e-4
0xe31a1c,juvix wasm,0.9994847472290189,0.99897011039576,1.0004483192496991,9.564158784304238e-4,1.0776416684166179e-4,1.129716954641899e-3
0xcab2d6,runtime,1.4625637507083222,1.456796826749951,1.4680161823331825,6.672204044173789e-3,5.9242516005815465e-3,7.074259569522838e-3
0x6a3d9a,runtime wasm,0.9903182864374761,0.9895349104374798,0.9916416169999897,1.4248681128558663e-3,2.431645156364612e-4,1.8091293778983773e-3
