Color,Name,Mean,MeanLB,MeanUB,Stddev,StddevLB,StddevUB
0xa6cee3,ocaml,1.2099254511666875,1.1738228739998817,1.2637913197499984,6.20102693099747e-2,1.922820416662796e-2,7.590272751432509e-2
0x1f78b4,ocaml byte,7.109034450312474,7.0316568340000085,7.161458455812465,9.487253334004664e-2,6.654250661706439e-2,0.12106805474967326
0xb2df8a,haskell,2.2877926660419234,2.231510723750148,2.3253019006253908,6.130243729246862e-2,3.672803113402412e-2,8.662386673544674e-2
0x33a02c,haskell strict,2.1387843351248157,2.0805879122495603,2.1977366147499424,8.099148065615351e-2,3.133379975031403e-2,9.909820161742805e-2
0xfb9a99,juvix,1.7490260414167362,1.744993344333428,1.7518226181667085,4.778718404229672e-3,3.7526785295728627e-3,5.651457388320618e-3
0xe31a1c,juvix wasm,0.897837086812539,0.8937240495625929,0.9053890795624966,7.759317468503042e-3,1.0376658749464696e-3,9.498652653773561e-3
0xcab2d6,runtime,2.1089138958541107,2.0938740792709227,2.1365599104997273,2.8463633473435824e-2,3.942338874935558e-3,3.420731522780027e-2
0x6a3d9a,runtime wasm,2.38287536258332,2.356090344500103,2.3954026105832895,2.619362921021002e-2,5.067221166541458e-3,3.385423630573472e-2
