Color,Name,Mean,MeanLB,MeanUB,Stddev,StddevLB,StddevUB
0xa6cee3,ocaml,0.3485354968333354,0.3475189249166988,0.349552068749972,1.7622823876238256e-3,4.521334166156521e-4,2.3269138424426784e-3
0x1f78b4,ocaml byte,1.1199058236041235,1.0714221783748599,1.1533414622708356,5.989181359948101e-2,4.103649639374393e-2,7.721629993901295e-2
0xb2df8a,haskell,1.920604833125007,1.8960836636251202,1.9311862756249336,2.39522097858432e-2,1.1904125285794815e-2,3.2192420543427434e-2
0x33a02c,haskell strict,0.8767926330625073,0.8645094817501331,0.8835112021249643,1.1738785195141889e-2,3.986973440300342e-3,1.5515870627114415e-2
0xfb9a99,juvix,1.1194426384998337,1.1192514256251798,1.1195498204995715,1.86627286995883e-4,8.1517816552137e-5,2.475262256036148e-4
0xe31a1c,juvix wasm,1.0611891998331278,1.0604098535000048,1.0616906459579998,9.394572118608999e-4,6.252661012313571e-4,1.1580402207158175e-3
0xcab2d6,runtime,1.4684344818957697,1.461470952875061,1.476564526312245,1.0433349370979637e-2,4.740639433211707e-3,1.4301474668878298e-2
0x6a3d9a,runtime wasm,0.9930542567501371,0.9915999916251697,0.9955879830001209,2.6135395664909364e-3,4.083381948643081e-4,3.3584814454921987e-3
