Color,Name,Mean,MeanLB,MeanUB,Stddev,StddevLB,StddevUB
0xa6cee3,ocaml,0.3170981220236172,0.3167659418234507,0.31770103569060665,6.680004171862795e-4,1.2921370442125091e-4,8.830573398570942e-4
0x1f78b4,ocaml byte,1.0022457138749512,1.000771149749653,1.0031940656252423,1.8328276811499105e-3,1.0570368893316306e-3,2.1901245532678693e-3
0xb2df8a,haskell,2.750776065333298,2.748034257624795,2.7524746099584263,2.815388070300626e-3,1.2929179677923879e-3,3.922620786193679e-3
0x33a02c,haskell strict,1.3537039842499705,1.3518391952502498,1.3557232888747421,2.646395221146739e-3,1.1496134000024247e-3,3.5962273578286925e-3
0xfb9a99,juvix,1.8281537912707033,1.826010601124608,1.8291777713125157,2.085404785194508e-3,6.678798966863937e-4,2.7828230535879815e-3
0xe31a1c,juvix wasm,1.4663509378128765,1.4499755341250875,1.4961287950009137,3.037605493458453e-2,3.579771000204346e-3,3.781737490893509e-2
0xcab2d6,runtime,3.425478585437569,3.4163389075004034,3.4352655448126748,1.2458791594457553e-2,6.781117484457854e-3,1.569811095101312e-2
0x6a3d9a,runtime wasm,2.0901311036249126,2.0780709461241713,2.0987201208753277,1.413067094274236e-2,7.749075330520961e-3,1.9835485686405883e-2
