Color,Name,Mean,MeanLB,MeanUB,Stddev,StddevLB,StddevUB
0xa6cee3,ocaml,0.2702758804997999,0.2700786546997733,0.27041008219983875,2.504277220368965e-4,1.6462411352704805e-4,3.76783002403596e-4
0x1f78b4,ocaml byte,0.9430771978123857,0.9423660581248896,0.9435179961249105,7.634732035205405e-4,2.7835603917490513e-4,1.017980097577985e-3
0xb2df8a,haskell,2.6386622095213474,2.6339975648752443,2.644738975812743,7.685568299439703e-3,3.125327622451387e-3,1.0591438774978737e-2
0x33a02c,haskell strict,1.2127217865001587,1.209275577875322,1.219283253125089,6.553334811860012e-3,4.240844997790427e-4,7.958677908932545e-3
0xfb9a99,juvix,1.8186966435000234,1.8165235999999823,1.8212230447503543,3.3947957687133585e-3,1.544424383007566e-3,4.727845721332976e-3
0xe31a1c,juvix wasm,1.689406745229159,1.6878919602084657,1.6904612305419657,1.7792543315556877e-3,1.5132467466204475e-3,1.984999411226565e-3
0xcab2d6,runtime,3.654962594437279,3.6496804445000635,3.657979110749693,5.277323030835315e-3,2.2734272235771513e-3,7.293659888063025e-3
0x6a3d9a,runtime wasm,2.4988417512706746,2.495704634062349,2.50199928312486,4.444187659209152e-3,1.843499085713734e-3,5.964990531016958e-3
