Color,Name,Mean,MeanLB,MeanUB,Stddev,StddevLB,StddevUB
0xa6cee3,ocaml,1.7206106479995924,1.7021675357498225,1.7331719649994284,2.112241390522269e-2,1.0990268988722502e-2,2.9009119004926105e-2
0x1f78b4,ocaml byte,6.997214462604309,6.972793944937621,7.008956256375313,2.3539464652798697e-2,2.9249970002638292e-3,2.8299340082643454e-2
0xb2df8a,haskell,2.743447687416392,2.738326042249355,2.7485041098748297,7.637421599896069e-3,4.4812485544781285e-3,1.0723079880777997e-2
0x33a02c,haskell strict,2.533632005540994,2.511998280165699,2.544869970916352,2.0611198318150618e-2,3.7395996660052333e-3,2.5018305122515756e-2
0xfb9a99,juvix,6.132539747188048,6.108456876875152,6.146100052188331,2.3779557026186705e-2,1.2728919616098618e-2,3.1316182968826864e-2
0xe31a1c,juvix wasm,4.724859598937655,4.714466014313075,4.730712448499617,1.1299932475633082e-2,6.008785701613365e-3,1.567788521577599e-2
0xcab2d6,runtime,3.869221591166479,3.848707873874446,3.878840416208277,1.9494206473118978e-2,5.672904713625538e-3,2.5160675893860552e-2
0x6a3d9a,runtime wasm,3.9502455059790313,3.929634239708018,3.9626627941875086,2.432153927480507e-2,1.892318176055663e-2,2.867649875907818e-2
