Color,Name,Mean,MeanLB,MeanUB,Stddev,StddevLB,StddevUB
0xa6cee3,ocaml,0.26762158993669194,0.2642254062667538,0.2687899117866376,2.5623210348221536e-3,1.3885719872819237e-4,3.2115153349750215e-3
0x1f78b4,ocaml byte,0.970954668666991,0.9689220072500575,0.9719474052503756,1.9890295695477846e-3,1.0897659573967785e-4,2.4016035303456593e-3
0xb2df8a,haskell,2.6115939826252847,2.6103454051255994,2.612215952500113,1.2433998694899313e-3,1.0710424910226292e-5,1.4417530025034714e-3
0x33a02c,haskell strict,1.2552143148957764,1.2526669402290813,1.2603028873123776,4.8173218893948246e-3,1.2541441249140917e-3,5.882909798173077e-3
0xfb9a99,juvix,1.8404007909377167,1.836200100500264,1.8425286666877128,4.086885466100385e-3,2.3888190463144153e-3,4.914118548249352e-3
0xe31a1c,juvix wasm,1.8436505023330483,1.8401317399166146,1.846152385624464,4.251614427922541e-3,2.855047847974119e-3,5.29115973927607e-3
0xcab2d6,runtime,3.6311428175833576,3.622702809124803,3.6466373015001636,1.5851793745570584e-2,5.557247485743176e-4,1.8706770899660215e-2
0x6a3d9a,runtime wasm,2.5604240006666337,2.558187236833457,2.5643361317496556,3.9430499402896e-3,8.152211667795672e-4,4.741866650862082e-3
