Color,Name,Mean,MeanLB,MeanUB,Stddev,StddevLB,StddevUB
0xa6cee3,ocaml,0.3376742137500817,0.3236523324998946,0.3443282625001605,1.3345976628459577e-2,2.944235225535264e-3,1.7015280309126416e-2
0x1f78b4,ocaml byte,1.0813732348748506,1.0468516194997997,1.1158948502499015,5.688593780331194e-2,1.2757501629558236e-2,7.421983289306994e-2
0xb2df8a,haskell,1.8748226505416408,1.8655626271249162,1.8820144767916342,1.300143448913233e-2,6.195564666692577e-3,1.6608811285595014e-2
0x33a02c,haskell strict,0.9070366542708257,0.8913258871666585,0.9183564544374008,1.9566114565198696e-2,1.1762162726763881e-2,2.428704346686969e-2
0xfb9a99,juvix,1.1220349768332198,1.1208778339998844,1.1231921196665553,1.5077482915911145e-3,9.943963571859573e-4,2.0314548420611576e-3
0xe31a1c,juvix wasm,1.0645056036250555,1.0618128961251614,1.0693085598751395,4.8786545539548885e-3,4.972927498935187e-4,5.839194093631525e-3
0xcab2d6,runtime,1.4784886897706997,1.4719911323957717,1.48786590368735,1.0920217261991261e-2,3.389209166925866e-3,1.3362930503750637e-2
0x6a3d9a,runtime wasm,0.9937584263126382,0.992776941250213,0.9942507303126149,9.401346899540076e-4,1.580596249368682e-4,1.1369273876386727e-3
