Color,Name,Mean,MeanLB,MeanUB,Stddev,StddevLB,StddevUB
0xa6cee3,ocaml,1.1716772362915815,1.1465708274162505,1.1853845625417232,2.3972940863543547e-2,9.72093473569007e-3,3.1655714001557346e-2
0x1f78b4,ocaml byte,7.105395373250133,7.038967419000187,7.168627240500143,0.10338931843296888,6.266992457887939e-2,0.146027742312625
0xb2df8a,haskell,1.8777441984791683,1.8425018417083643,1.912409024166512,4.86704795829108e-2,1.905886590579532e-2,6.652048475119661e-2
0x33a02c,haskell strict,1.9064371243540943,1.8925664209998558,1.928907303749952,2.4025220616519717e-2,1.980416886111922e-3,2.9955641470587414e-2
0xfb9a99,juvix,1.7171306976874614,1.7145830630000396,1.7196783323748832,3.853068834215998e-3,1.8359467047291728e-3,5.328975460493313e-3
0xe31a1c,juvix wasm,0.8483805296042609,0.8477492253333974,0.8495168820002164,1.1668948160236082e-3,6.952836843812475e-5,1.4070949821891707e-3
0xcab2d6,runtime,2.107365731249937,2.1005784989998233,2.1108090794999725,6.678817976890608e-3,5.578957110854241e-4,8.121130707458995e-3
0x6a3d9a,runtime wasm,2.3357618756876,2.319788328500143,2.3626143783125713,2.905788831907879e-2,7.7285940000517694e-3,3.6889327074365756e-2
