Color,Name,Mean,MeanLB,MeanUB,Stddev,StddevLB,StddevUB
0xa6cee3,ocaml,0.342587636021013,0.3396204591669326,0.34489973689587333,3.6163070035989185e-3,2.3468895841126194e-3,4.50551183763348e-3
0x1f78b4,ocaml byte,1.2577855093751396,1.2457184443752567,1.2787463981250085,2.1447578874240723e-2,4.194925730628903e-3,2.786769290404432e-2
0xb2df8a,haskell,1.9813931276669148,1.979202463000206,1.982928857499985,2.595805872060831e-3,2.1524758944822878e-3,3.058728210200909e-3
0x33a02c,haskell strict,0.917256785375173,0.9017211947501096,0.9456561208752419,2.9400244717060656e-2,2.63145783547317e-3,3.587790971760067e-2
0xfb9a99,juvix,0.5989366747708876,0.5975834387916545,0.60137080468769,2.455718859713783e-3,3.3131483345033574e-4,3.1251646275493134e-3
0xe31a1c,juvix wasm,0.5926290811041403,0.5879377409999051,0.5949283033750135,4.579745625050874e-3,2.92837874894758e-4,5.419216566339247e-3
0xcab2d6,runtime,2.1116821171041615,2.1081168458540938,2.1155266273334137,4.912779465266695e-3,2.9064502518310123e-3,6.513594001358167e-3
0x6a3d9a,runtime wasm,1.0086277190834114,1.0081667719166867,1.0090765399998531,5.843060791224362e-4,3.075933335215941e-4,7.093336953435013e-4
