Color,Name,Mean,MeanLB,MeanUB,Stddev,StddevLB,StddevUB
0xa6cee3,ocaml,0.3467157759164934,0.3451624575833421,0.347633850874729,1.8301541603331804e-3,1.5545482243960887e-3,2.120203297094296e-3
0x1f78b4,ocaml byte,1.0854612651250097,1.0618441612500646,1.1046699521249934,3.0135614741408957e-2,1.7832764025867042e-2,3.9899623727927006e-2
0xb2df8a,haskell,2.113214565520783,2.085011211687629,2.1486167950621393,4.1949362856288364e-2,4.492516741577468e-3,5.1308294076060176e-2
0x33a02c,haskell strict,0.8761071012707097,0.867773950249898,0.8802579201249046,7.861095595631098e-3,2.4845138749469697e-3,9.622431578582289e-3
0xfb9a99,juvix,1.117994390604186,1.1177975838749035,1.118216496625223,2.7057750393238923e-4,1.1433829168561171e-4,3.36896295204124e-4
0xe31a1c,juvix wasm,1.0006571014999774,0.9993943249999877,1.0014233494999871,1.4912579690225742e-3,1.2858990000192416e-3,1.7695739562866057e-3
0xcab2d6,runtime,1.4644898796042867,1.458120783000595,1.4666386536040932,4.263772331261126e-3,3.107236249206835e-4,5.054216023702387e-3
0x6a3d9a,runtime wasm,0.9951153415833005,0.9936387733332595,0.9967855632500005,2.1890903819883336e-3,1.1432768848793037e-3,2.888736853593226e-3
