Color,Name,Mean,MeanLB,MeanUB,Stddev,StddevLB,StddevUB
0xa6cee3,ocaml,1.168715564187399,1.1465607219999658,1.1837972774373686,2.502766312956412e-2,1.3534958276789372e-2,3.4829724818842896e-2
0x1f78b4,ocaml byte,7.1500833972291575,7.062608440687427,7.195079726791694,8.323048307417663e-2,3.903712832079717e-2,0.10391457194190255
0xb2df8a,haskell,1.8739916657501112,1.778429627500259,1.940591215249981,0.10858275293487436,6.794742133749271e-2,0.1527436526939535
0x33a02c,haskell strict,1.8973757213335414,1.877853645208442,1.9090258849586614,1.9423776282873673e-2,9.262271270389637e-3,2.690490042026501e-2
0xfb9a99,juvix,1.757938624333273,1.7513715973330857,1.7702172182501386,1.2325970238885257e-2,9.52612500327632e-4,1.5165899225334964e-2
0xe31a1c,juvix wasm,0.8511702745208632,0.8501576647498723,0.8518656081876657,1.1939302832116095e-3,6.181517253970783e-4,1.6058043188198624e-3
0xcab2d6,runtime,2.108707065729258,2.1011755321668866,2.12094607768762,1.3455114819573373e-2,2.5310213330460574e-3,1.73933317185832e-2
0x6a3d9a,runtime wasm,2.3420251970834065,2.315566300499995,2.368484093666818,3.9082980328003836e-2,1.9738456504057145e-2,5.406951579648351e-2
