Color,Name,Mean,MeanLB,MeanUB,Stddev,StddevLB,StddevUB
0xa6cee3,ocaml,0.31582741018318,0.315659909833145,0.31596099223321894,2.1889240070651858e-4,1.557685840146827e-4,2.9852481479833453e-4
0x1f78b4,ocaml byte,1.0025263804584104,1.0013248395833518,1.004238456625103,2.0537372250417174e-3,6.821012672061527e-4,2.7748397906295153e-3
0xb2df8a,haskell,2.83606162399974,2.8335638687501614,2.8395005777490496,4.236614889147348e-3,1.541411480538329e-3,5.76831866285557e-3
0x33a02c,haskell strict,1.4035924925004035,1.3935554672508867,1.4218519452504097,1.909552573703636e-2,9.908600733061698e-5,2.303099448211093e-2
0xfb9a99,juvix,1.8371625373960871,1.8347607957083103,1.8387197382085863,2.783361304765443e-3,1.3466000658699886e-3,3.596201233114647e-3
0xe31a1c,juvix wasm,1.4428745827082896,1.437203107249843,1.4456516332916558,5.441230576326338e-3,7.838866664920952e-4,6.551660077107526e-3
0xcab2d6,runtime,3.4000877628957746,3.396553343166791,3.4036582302082175,5.047325968944648e-3,2.4997247394577715e-3,6.983059107353848e-3
0x6a3d9a,runtime wasm,2.0729163923330893,2.0693010132492873,2.075961002499753,4.462299896782364e-3,2.405546500312994e-3,5.571674510014631e-3
