Color,Name,Mean,MeanLB,MeanUB,Stddev,StddevLB,StddevUB
0xa6cee3,ocaml,0.34203839337487807,0.3368356108746866,0.34462734699991415,4.963948659964764e-3,9.798722371947132e-4,6.3438543213411545e-3
0x1f78b4,ocaml byte,1.2128895595416604,1.1808984573334178,1.2332157217916044,3.885746503813551e-2,2.6161904166580482e-2,4.694126098638869e-2
0xb2df8a,haskell,2.0053664137085434,1.983129573166707,2.021313022083632,2.629930990218856e-2,2.24248252502548e-2,3.136053617080275e-2
0x33a02c,haskell strict,0.959542807687645,0.9375890523129442,0.9705859501248522,2.122853176561068e-2,5.003211488713227e-3,2.785161889496997e-2
0xfb9a99,juvix,1.1194721931459526,1.118577055125229,1.1209859138749607,1.6097240683529558e-3,2.7175412515134667e-4,1.9860120834788064e-3
0xe31a1c,juvix wasm,0.9997229030626045,0.9989776815000369,1.0000958955001806,7.303178457071798e-4,5.50118751334594e-5,8.922688604255887e-4
0xcab2d6,runtime,1.4954837514581716,1.4901152331666858,1.4991002467494354,6.434525956756278e-3,4.488406536673242e-3,7.909655386281583e-3
0x6a3d9a,runtime wasm,0.9905376672918086,0.9890236950833848,0.9916350971254815,1.7836153929527603e-3,1.5562299451151935e-3,2.045317792333169e-3
