Color,Name,Mean,MeanLB,MeanUB,Stddev,StddevLB,StddevUB
0xa6cee3,ocaml,1.209513340333558,1.198885046416649,1.2200688698753765,1.2354374177788773e-2,1.1110694151822443e-2,1.3357084310795705e-2
0x1f78b4,ocaml byte,7.006772671416684,6.769381742916721,7.125255084583387,0.2294211383967598,4.740210197136571e-2,0.2978164839309402
0xb2df8a,haskell,1.8960589586872818,1.8717486077496233,1.917874899499869,3.603711476414891e-2,1.8716045371377978e-2,5.038175720308839e-2
0x33a02c,haskell strict,1.8851560446460855,1.8578623592502481,1.903904571458573,3.066326399760204e-2,1.7758052332297027e-2,4.3297868008394066e-2
0xfb9a99,juvix,1.7468244826042298,1.7447957865626336,1.747911933187254,2.1039424460105307e-3,1.0811518381402252e-3,2.9581991632083096e-3
0xe31a1c,juvix wasm,0.8536655377501082,0.8531885307500602,0.8540150285001195,5.797516348546571e-4,3.112393191400167e-4,8.07114314393066e-4
0xcab2d6,runtime,2.162399695604222,2.156010282000125,2.1676612610001484,7.890344381805213e-3,4.9239802826559435e-3,1.0095600308243717e-2
0x6a3d9a,runtime wasm,2.404311502229253,2.3920215644374707,2.411485329958434,1.245184567678179e-2,3.558729111753374e-3,1.6567245482249488e-2
