Color,Name,Mean,MeanLB,MeanUB,Stddev,StddevLB,StddevUB
0xa6cee3,ocaml,1.1659494867291944,1.1440749873750065,1.1891325120833849,3.0807211865735647e-2,1.5442073931477462e-2,4.116114859627193e-2
0x1f78b4,ocaml byte,7.290627877833212,7.180226951499662,7.486581486083348,0.20062002844872806,2.7643733923027602e-3,0.2381434975300916
0xb2df8a,haskell,1.8705546987292792,1.7970966933335148,1.9236495814792534,9.308059637939067e-2,5.601188119407181e-2,0.1226173793931569
0x33a02c,haskell strict,1.8750431348749241,1.8431814934996662,1.8964312811250845,3.6380303631486456e-2,1.783105836604761e-2,4.939380797998874e-2
0xfb9a99,juvix,1.7484434122292403,1.7445157061252985,1.7525644927500252,5.45171288519706e-3,2.4451064558079186e-3,7.362144118423122e-3
0xe31a1c,juvix wasm,0.8572306270000164,0.8564224281249532,0.8586534977502348,1.435073447574941e-3,3.093180048120438e-4,1.8664553523060257e-3
0xcab2d6,runtime,2.110219476250071,2.104927302999992,2.1155116495001494,9.11545510593518e-3,2.5728872254511172e-3,1.2132010740217771e-2
0x6a3d9a,runtime wasm,2.353489208312529,2.288880582374835,2.3843160146251043,6.1112413768240774e-2,2.031539813740791e-2,7.801577061711173e-2
