Color,Name,Mean,MeanLB,MeanUB,Stddev,StddevLB,StddevUB
0xa6cee3,ocaml,1.9428836341874671,1.939891087375031,1.9445222772499164,3.4745665981250535e-3,3.023825637434893e-3,3.7842840528433076e-3
0x1f78b4,ocaml byte,5.895986358250203,5.890527088000226,5.900081772750184,6.733752127592246e-3,4.039370380087714e-3,8.446544371445255e-3
0xb2df8a,haskell,2.275492963041548,2.275258912791704,2.2756684568745413,2.844550579361901e-4,1.6772873665959383e-4,3.9297490371899946e-4
0x33a02c,haskell strict,2.162324081187497,2.1617760925000766,2.1627156404374928,6.646675957285936e-4,4.3694982724589977e-4,9.04267353554511e-4
0xfb9a99,juvix,5.448025738604088,5.441928825312516,5.45123261345816,6.007460693280789e-3,6.995090832333517e-4,7.443970817734684e-3
0xe31a1c,juvix wasm,3.2964903214583123,3.2922283195000546,3.299496618250032,5.018985099811725e-3,2.9134976965329903e-3,6.942745047853386e-3
0xcab2d6,runtime,3.3509386181459795,3.346330614833581,3.353650077249995,4.571112998447267e-3,2.594845888541325e-3,5.872151645620367e-3
0x6a3d9a,runtime wasm,3.189509970104325,3.185364322374994,3.192315853250193,4.885918693776865e-3,3.8942790944518513e-3,5.6796842355263805e-3
