Color,Name,Mean,MeanLB,MeanUB,Stddev,StddevLB,StddevUB
0xa6cee3,ocaml,1.1625502449582352,1.1452283438331203,1.1708541546249762,1.6839518096206964e-2,4.600897441246803e-3,2.231530930343422e-2
0x1f78b4,ocaml byte,6.982804279708148,6.949459840583131,7.008058405208089,4.222800811281446e-2,2.1041671746552866e-2,5.8321904622159124e-2
0xb2df8a,haskell,1.913268842166796,1.8253510063752856,1.9553691145417058,8.435122672696299e-2,1.2910993085302414e-2,0.10581113028874854
0x33a02c,haskell strict,1.8570480034582602,1.844641989666684,1.8699229246252003,1.78211956125442e-2,9.606429063406674e-3,2.4612448615226455e-2
0xfb9a99,juvix,1.7812677856043138,1.776236189625024,1.7884727334376294,7.760406031779884e-3,1.905496083509206e-3,9.48928702182445e-3
0xe31a1c,juvix wasm,0.9005347682708399,0.899707771562646,0.901119590208206,1.0182963890214075e-3,4.843495416556043e-4,1.3505884118652346e-3
0xcab2d6,runtime,2.120920613249988,2.1158514342499375,2.1296189541250214,8.695940586532794e-3,2.813198846195089e-3,1.1706767440998075e-2
0x6a3d9a,runtime wasm,2.3910167955417214,2.38819585633352,2.3938377347499227,4.463954847946829e-3,2.284218710800234e-3,6.273446648290241e-3
