Color,Name,Mean,MeanLB,MeanUB,Stddev,StddevLB,StddevUB
0xa6cee3,ocaml,1.191966635437609,1.1778862073750815,1.2011850125001047,1.742001104449702e-2,1.0160315219306548e-2,2.128892991409327e-2
0x1f78b4,ocaml byte,7.121923495062579,7.02737120525012,7.225492559750023,0.12691824492007672,3.857629909237742e-3,0.15446679160035073
0xb2df8a,haskell,1.9718561395626277,1.9336293283749533,2.007271818250198,4.97121180210831e-2,2.555556724996677e-2,6.551008694689849e-2
0x33a02c,haskell strict,1.8695458879374012,1.8465100768750062,1.885634429374894,2.894793354189192e-2,1.4918259405101159e-2,3.7154894919219354e-2
0xfb9a99,juvix,1.7476361118126154,1.7431547432502914,1.7498400929375368,4.315374354094427e-3,1.695246170844546e-4,5.2594010001335454e-3
0xe31a1c,juvix wasm,0.8520520368126085,0.8510467796252215,0.8527348416875498,1.1350072954032999e-3,6.449046248917512e-4,1.5768703134051898e-3
0xcab2d6,runtime,2.1014738796874326,2.0934184586249103,2.109529300749955,1.2298234156970431e-2,6.284206677277247e-3,1.7186127491202796e-2
0x6a3d9a,runtime wasm,2.3966490362499067,2.3938323369998216,2.39924616674989,3.50906716347914e-3,1.999240387549837e-3,4.2283638380071365e-3
