Color,Name,Mean,MeanLB,MeanUB,Stddev,StddevLB,StddevUB
0xa6cee3,ocaml,0.3345340716040634,0.31288126968752294,0.34515873377070727,2.0522043712390137e-2,4.821614958321646e-3,2.5468397813054412e-2
0x1f78b4,ocaml byte,1.0842811013543308,1.0545928551877637,1.1374268757499522,5.437362380104242e-2,2.3062940664008436e-3,6.512304877508669e-2
0xb2df8a,haskell,1.8381190578332394,1.8297715989165795,1.8531913634998318,1.5702332492573936e-2,2.7311654999948587e-3,1.9277630610331716e-2
0x33a02c,haskell strict,0.8951649678543466,0.8716962818125467,0.9109748140419546,2.8297453377266843e-2,1.3998114577667189e-2,3.651127580904811e-2
0xfb9a99,juvix,1.1184133044165492,1.1166302284998437,1.1192591851665838,1.7118934285783702e-3,2.497138062684031e-4,2.1643595270423874e-3
0xe31a1c,juvix wasm,1.0612166873750084,1.0606841923749926,1.0621363346250519,1.0010443859264347e-3,2.8325085692492986e-4,1.2297445264051053e-3
0xcab2d6,runtime,1.446984067645758,1.4437492572499195,1.4498605121874562,4.454265314995304e-3,2.7660283668945293e-3,5.612408254876086e-3
0x6a3d9a,runtime wasm,0.9868169740416874,0.9856168320002325,0.9872449837915269,8.177960192383976e-4,1.7550524978560134e-4,9.92929640026861e-4
