Color,Name,Mean,MeanLB,MeanUB,Stddev,StddevLB,StddevUB
0xa6cee3,ocaml,0.34410655229163467,0.34127939562466736,0.3455191259584467,2.722473056600837e-3,3.861880833255782e-4,3.266839503722899e-3
0x1f78b4,ocaml byte,1.0792742536457354,1.060986496499936,1.092223123208214,2.2152395879531755e-2,1.4546594860356915e-2,2.9904133310393596e-2
0xb2df8a,haskell,2.105489866249968,2.1009858006250397,2.1127921411249417,7.714235990425795e-3,1.572128499901737e-3,1.0092862705525668e-2
0x33a02c,haskell strict,0.872535274375025,0.8613670517500509,0.8837603012500495,1.4378449742052627e-2,7.39588491061352e-3,1.742768045160451e-2
0xfb9a99,juvix,1.1175560301250773,1.1164112438751772,1.1182587476250394,1.1705037723364956e-3,5.109859038016054e-4,1.6228565510694965e-3
0xe31a1c,juvix wasm,1.0029999394582205,1.0024949039999456,1.0035049749164955,8.185074478771227e-4,3.8259284323759136e-4,1.1417110233770413e-3
0xcab2d6,runtime,1.454327044124985,1.4524481878749498,1.45739799925002,3.5320706529099106e-3,1.3394867500741148e-3,4.329209609426648e-3
0x6a3d9a,runtime wasm,0.9876974543331963,0.9868907870829086,0.9880988988333949,7.933969290565405e-4,3.921283352309457e-5,9.314795421130201e-4
