Color,Name,Mean,MeanLB,MeanUB,Stddev,StddevLB,StddevUB
0xa6cee3,ocaml,2.352951605416782,2.34664990508342,2.359253305750144,9.501669962925032e-3,4.9479557966558415e-3,1.3292590051601745e-2
0x1f78b4,ocaml byte,6.345160994895821,6.340091387645828,6.347572664083373,4.863194851914279e-3,7.405170572046755e-4,6.138245023359092e-3
0xb2df8a,haskell,2.1144953013334393,2.1124820782501956,2.115871570875015,2.546884625465274e-3,1.3714206869992452e-3,3.078033263487122e-3
0x33a02c,haskell strict,2.06783092116666,2.0606914115002155,2.0786991962499997,1.1589484905395993e-2,3.1167267010299062e-3,1.4844668270816833e-2
0xfb9a99,juvix,4.940481587624997,4.937456747750048,4.942255600374969,3.58836809191844e-3,2.991844367194751e-3,4.096906954967928e-3
0xe31a1c,juvix wasm,4.6416478603958735,4.639123822916721,4.643544069812549,3.100718452331173e-3,1.7353681249687725e-3,3.825184363946293e-3
0xcab2d6,runtime,3.3106205308541994,3.3098128853749813,3.3111832538124304,9.718586518625097e-4,6.879713988284414e-4,1.1772059405166678e-3
0x6a3d9a,runtime wasm,3.0534275426250397,3.0512761127498607,3.0555789725002187,3.307300667569121e-3,6.362708851411808e-4,4.332243585167923e-3
