Color,Name,Mean,MeanLB,MeanUB,Stddev,StddevLB,StddevUB
0xa6cee3,ocaml,2.3608278361670423,2.354835375000448,2.3637947380002515,5.808244348582817e-3,9.598540000297362e-4,7.473670100583293e-3
0x1f78b4,ocaml byte,6.339027319624885,6.3361763959998525,6.3439680893749255,4.927267646230248e-3,1.4835751914127737e-3,6.583926089407279e-3
0xb2df8a,haskell,2.113142085791651,2.1077220879997185,2.121308785875044,9.0155680511636e-3,2.1500545003618754e-3,1.1308575407659519e-2
0x33a02c,haskell strict,2.060446558750035,2.057694257749745,2.0649742265003397,4.767483086225065e-3,4.466912850034782e-4,5.909475608629759e-3
0xfb9a99,juvix,4.918790388729538,4.916145084833412,4.921358795251081,3.8387798321235533e-3,2.0598787366592347e-3,5.362133120428133e-3
0xe31a1c,juvix wasm,4.016850993854177,4.001079387875052,4.029740078000032,1.841407684732148e-2,1.6358348682653356e-2,2.0845465536412477e-2
0xcab2d6,runtime,3.2894033541875465,3.288192192874855,3.290317842750028,1.4861943453700704e-3,8.31908124837355e-4,1.8364524800259683e-3
0x6a3d9a,runtime wasm,3.2641479740414447,3.260433915583083,3.2689503903749255,5.5915913225018776e-3,1.2264624822773988e-3,7.350788120606885e-3
