Color,Name,Mean,MeanLB,MeanUB,Stddev,StddevLB,StddevUB
0xa6cee3,ocaml,0.33389091816657884,0.32872810862511415,0.33685215608322017,5.2594607568001595e-3,2.7801890698837296e-3,7.369911789238834e-3
0x1f78b4,ocaml byte,1.107629200916809,1.0481572918335282,1.1660702391251334,7.72329934447376e-2,3.8115340686513746e-2,9.9138554567478e-2
0xb2df8a,haskell,2.07262679808332,2.0492234122500577,2.08349346341663,2.224122232552971e-2,8.463315102099704e-3,2.8952315821609606e-2
0x33a02c,haskell strict,0.8746820411250648,0.8715657513748738,0.8808599500000392,6.1879102222587665e-3,7.039000017056152e-5,7.174282222045406e-3
0xfb9a99,juvix,1.1163900212708313,1.1151981333334788,1.1170019453123814,1.1593365510562809e-3,8.977112497632334e-5,1.4281030261191754e-3
0xe31a1c,juvix wasm,1.0293541338333323,1.0285355843333643,1.0298260849582828,7.985402767258569e-4,3.211073965617348e-4,1.0899244361379905e-3
0xcab2d6,runtime,1.4557931724166338,1.4533053827499316,1.4571803451251526,2.888716382337746e-3,2.6062721563059415e-3,3.1238806486986437e-3
0x6a3d9a,runtime wasm,0.9900936893749493,0.9894600844997967,0.9905531763749309,7.629451268627972e-4,5.054531127697852e-4,9.342759999761617e-4
