Color,Name,Mean,MeanLB,MeanUB,Stddev,StddevLB,StddevUB
0xa6cee3,ocaml,0.31641759294358657,0.3163252319339032,0.31649122673015884,1.264343666605708e-4,7.479772562285039e-5,1.689126029201302e-4
0x1f78b4,ocaml byte,1.0017569201042231,1.0008273293331817,1.0032201829789453,1.5843402069779652e-3,2.3120066650028637e-4,2.019997951405033e-3
0xb2df8a,haskell,2.693548011770986,2.690398116062738,2.6949496679585536,3.0985471732096433e-3,8.085409162958967e-4,3.6966132571132748e-3
0x33a02c,haskell strict,1.314325478082992,1.3130715652491745,1.3150553968750955,1.4536232620657396e-3,1.269204750769859e-3,1.5756133267287628e-3
0xfb9a99,juvix,1.8411917842293708,1.8369265544585383,1.8454570140002033,6.532682248092624e-3,2.7334449517980074e-3,8.91441502872506e-3
0xe31a1c,juvix wasm,1.4468444363124036,1.4447787169997355,1.4485765216250002,2.9171144094859674e-3,1.575243200356193e-3,4.0000796859481986e-3
0xcab2d6,runtime,3.385106507250081,3.3823120042497976,3.386668885500209,3.249400840974624e-3,2.8198007503306144e-3,3.608158013149552e-3
0x6a3d9a,runtime wasm,2.062446900812309,2.059830689874995,2.0640669673747047,3.1880981588501157e-3,1.9923261692599667e-3,3.74138346361673e-3
