Color,Name,Mean,MeanLB,MeanUB,Stddev,StddevLB,StddevUB
0xa6cee3,ocaml,0.2698320089431885,0.2697621655365644,0.2699220058929253,1.2526035256228568e-4,6.266534243466553e-5,1.8627569479272906e-4
0x1f78b4,ocaml byte,0.9403436885828947,0.9380310289998306,0.941539393124458,2.2380308310495966e-3,1.2168249662105138e-3,2.7613613557711573e-3
0xb2df8a,haskell,2.62672744733311,2.6159269279997943,2.632299098999738,1.059657471402352e-2,4.260839834956171e-3,1.4526979168625673e-2
0x33a02c,haskell strict,1.2106318522505717,1.2082399902501493,1.2126515326258414,3.3554052593300003e-3,2.010702853024415e-3,4.664252033355799e-3
0xfb9a99,juvix,1.822113208979469,1.8174717711874564,1.825401660396286,5.422462597278905e-3,3.378164623262254e-3,7.5943532428650665e-3
0xe31a1c,juvix wasm,1.687628871083272,1.6868549310000844,1.6881593764166687,9.756933741833386e-4,5.170934828133536e-4,1.2251495881721143e-3
0xcab2d6,runtime,3.6072146652913566,3.6019096224995337,3.611080579749796,6.301848963860328e-3,5.181375833368973e-3,7.598240542162897e-3
0x6a3d9a,runtime wasm,2.4912020958334247,2.4817279342499887,2.4961288759166864,9.117103449419274e-3,1.060722500369593e-3,1.137791122923729e-2
