Color,Name,Mean,MeanLB,MeanUB,Stddev,StddevLB,StddevUB
0xa6cee3,ocaml,1.9343111263956416,1.9300013773336104,1.939500113020813,6.101978331743095e-3,2.5189863326886552e-3,7.448471760256304e-3
0x1f78b4,ocaml byte,5.89881591856268,5.894562012437746,5.905942789875098,7.699749691929022e-3,1.2828456247007125e-3,9.823975385353794e-3
0xb2df8a,haskell,2.136444044208323,2.134328730875268,2.1387198043333533,2.652317852589883e-3,2.3581765098648058e-3,2.83824555216256e-3
0x33a02c,haskell strict,2.073927664562234,2.0728448307500003,2.0752079629992295,1.598913510940718e-3,6.110570826224166e-4,2.164901850910919e-3
0xfb9a99,juvix,5.06343838600003,5.060118003000298,5.065973963000147,3.957423452463481e-3,2.2379776354754023e-3,5.520385405415926e-3
0xe31a1c,juvix wasm,4.140543118645799,4.137822548291675,4.143145500562355,3.4338191232982877e-3,2.16172702886901e-3,4.524124599695118e-3
0xcab2d6,runtime,3.2560749518955467,3.2541469389163167,3.2578001181873333,2.42933147163776e-3,1.1803668333716377e-3,3.0895850322592952e-3
0x6a3d9a,runtime wasm,3.3496678117917704,3.3467659784170487,3.3509974485000384,2.7907408802448717e-3,1.341828146723336e-3,3.7321001042173287e-3
