Color,Name,Mean,MeanLB,MeanUB,Stddev,StddevLB,StddevUB
0xa6cee3,ocaml,0.32478411626000553,0.32467858456005766,0.3249225045199091,1.86841813858689e-4,1.0326160350955944e-4,2.791741873889624e-4
0x1f78b4,ocaml byte,4.627327413562625,4.335667217312562,4.780395366812684,0.27738132333355797,0.12316456704857714,0.3534952960529053
0xb2df8a,haskell,8.81235943818742,8.78860837393747,8.85046204181225,4.02180265085342e-2,9.543410723179373e-3,5.2230281931850434e-2
0x33a02c,haskell strict,0.6087790056667662,0.604330054250056,0.6109956810001336,4.427420968037567e-3,3.602838879147429e-5,5.137269764514584e-3
0xfb9a99,juvix,1.3278793518750263,1.3209432351250143,1.3401008772500518,1.2884459815532805e-2,1.2311827499615902e-3,1.601827549100025e-2
0xe31a1c,juvix wasm,1.4087537762291238,1.407101216000001,1.411413514062474,2.862025500516758e-3,5.338163332831991e-4,3.4714042903039853e-3
0xfdbf6f,c,0.3405011817500565,0.3330904043751275,0.3440899003750246,7.110240313816486e-3,9.748245000196221e-4,8.565708106834912e-3
0xff7f00,c wasm,0.4711787227499921,0.46321889999997745,0.4766931429999772,9.882973404745022e-3,6.109831842893462e-3,1.2735008063014534e-2
0xcab2d6,runtime,0.4775664930625112,0.47610295843747963,0.4782937125000899,1.417104032305393e-3,4.767650605506362e-4,1.9059127687177746e-3
0x6a3d9a,runtime wasm,0.8388495822915255,0.8237297382498241,0.8539694263332269,2.3564116593260083e-2,1.1233370701425015e-2,3.27878632382272e-2
