Color,Name,Mean,MeanLB,MeanUB,Stddev,StddevLB,StddevUB
0xa6cee3,ocaml,0.3249567966099812,0.3246791824799584,0.32535633250004137,4.8161107923521703e-4,1.6651381109559783e-4,6.798959527442659e-4
0x1f78b4,ocaml byte,4.25740864620829,3.929721234874876,4.446314566458341,0.32203094796939347,0.1199073087499869,0.4362595356315225
0xb2df8a,haskell,8.688386302291613,8.663712136249956,8.708845977166598,2.9339787929818836e-2,2.383355373625603e-2,3.4281156711640885e-2
0x33a02c,haskell strict,0.608615336375029,0.6044754617501553,0.6107558513749989,3.9529179915080235e-3,6.572957497610332e-4,4.9433076457482015e-3
0xfb9a99,juvix,1.311618134374972,1.3084858696249928,1.3171640568749012,5.834764923153376e-3,1.178134750072446e-3,7.08723376170748e-3
0xe31a1c,juvix wasm,1.4018712723541285,1.4013454408332109,1.4022196771667268,6.48005628095546e-4,3.548534166384343e-4,8.046064493624655e-4
0xfdbf6f,c,0.340265889291724,0.3349327323750231,0.3488544035004679,8.95186691089089e-3,1.609464833184887e-3,1.086028906237551e-2
0xff7f00,c wasm,0.4752712567502802,0.4696626872502634,0.4843590865001488,1.0057800262292055e-2,1.5074517375448532e-3,1.295243644241376e-2
0xcab2d6,runtime,0.4778578816664852,0.47579093958317265,0.4793043354999327,2.5230789811215635e-3,1.7702044421889851e-3,3.202056184575625e-3
0x6a3d9a,runtime wasm,0.870171794208261,0.8693810954166565,0.870734583874821,9.461516739125121e-4,6.787321105147726e-4,1.1473085302081388e-3
