Color,Name,Mean,MeanLB,MeanUB,Stddev,StddevLB,StddevUB
0xa6cee3,ocaml,0.42283329375006434,0.42197739450000427,0.4234548377501331,1.0850180884292475e-3,7.173640570079341e-4,1.4353943830115634e-3
0x1f78b4,ocaml byte,4.344967637562472,4.272144139499839,4.37820329181244,7.468140106782101e-2,3.296229027437047e-2,0.10384003919761968
0xb2df8a,haskell,14.417281650541554,14.369530498625181,14.446612227249716,4.8676447753288374e-2,2.1825972382913315e-2,6.773901944430157e-2
0x33a02c,haskell strict,0.9991339642916159,0.9971032920832386,1.0011646364999933,3.2488330081255723e-3,1.2966264142014008e-3,4.451980546175399e-3
0xfb9a99,juvix,2.8152517788125238,2.8069450516248935,2.820774051250055,1.0557447172001844e-2,5.593915329893133e-3,1.2753141913388421e-2
0xe31a1c,juvix wasm,3.1353694647501507,3.1331183470001633,3.136450809125165,2.1489780088577866e-3,1.038965007352162e-3,2.7014758917266743e-3
0xfdbf6f,c,0.42555659670826645,0.42528798274986457,0.42573176145835606,3.277044008962039e-4,2.1715028818195805e-4,4.0452566246707244e-4
0xff7f00,c wasm,0.6122502806456774,0.6117167746249379,0.6126275948123521,6.400566867691189e-4,4.5562917178760046e-4,7.767020040199913e-4
0xcab2d6,runtime,0.8385177688333556,0.8383250238753703,0.8388116515000092,3.535268955907143e-4,1.512135000893977e-4,4.3588752094898266e-4
0x6a3d9a,runtime wasm,1.8896960835000034,1.8886636300000341,1.890532741249956,1.2344406398200334e-3,9.7901429470986e-4,1.431185210623198e-3
