Color,Name,Mean,MeanLB,MeanUB,Stddev,StddevLB,StddevUB
0xa6cee3,ocaml,0.46076782106282127,0.4556864732503527,0.4636543817503025,5.283293351460916e-3,3.6258159922324166e-3,6.666226359797865e-3
0x1f78b4,ocaml byte,5.050057393520736,4.930995736541641,5.1529400939998595,0.1404323842416393,0.11158862533314595,0.16479152285991852
0xb2df8a,haskell,16.4739017412082,16.35697344874984,16.53332828958317,0.11231265193907743,5.671160349947968e-2,0.1372397348052023
0x33a02c,haskell strict,1.1206958594794212,1.109263842812311,1.1355515781669208,1.7365447233268053e-2,3.596106596368106e-3,2.2805005004177193e-2
0xfb9a99,juvix,3.0733852835626294,3.057532966125109,3.084314802250219,1.9869062731708544e-2,1.03434227633878e-2,2.5240642225571912e-2
0xe31a1c,juvix wasm,3.6803325399790765,3.667605388749962,3.691595221979128,1.4906412282794324e-2,1.30245477228331e-2,1.6891139704871123e-2
0xfdbf6f,c,0.450610677958025,0.4459382793744453,0.45680033524990904,7.133351408515341e-3,3.1775298308923464e-3,9.333922113237669e-3
0xff7f00,c wasm,0.7310370448333666,0.7232668510002895,0.7370312184998511,9.402222189626571e-3,6.255344790031018e-3,1.171498621416664e-2
0xcab2d6,runtime,0.9046973849581263,0.8970009763329472,0.9200200636250884,1.4527643328931597e-2,3.507066333440889e-3,1.7774094366162216e-2
0x6a3d9a,runtime wasm,1.9738233855416258,1.9627301466243807,1.9787792035418381,1.0682454034566555e-2,4.84863503395575e-3,1.4173766474315936e-2
