Color,Name,Mean,MeanLB,MeanUB,Stddev,StddevLB,StddevUB
0xa6cee3,ocaml,0.4231118738333824,0.42290052300006664,0.4232458909583177,2.5324493918620674e-4,1.7859454940350817e-4,3.09499292629721e-4
0x1f78b4,ocaml byte,4.290464394812337,4.240982275312414,4.387753479999674,9.780640827312832e-2,3.085220625052898e-3,0.11427406005341481
0xb2df8a,haskell,14.29848043968741,14.259511041124824,14.337061848624899,5.319919227173489e-2,2.5798802380025267e-2,7.20686107790389e-2
0x33a02c,haskell strict,0.762103431499952,0.7620828612499508,0.762113109999973,1.9653764463367056e-5,4.571014935418307e-6,2.5153419131934534e-5
0xfb9a99,juvix,2.9353341293541653,2.930419166416717,2.942304319874893,8.611375779625044e-3,3.892323853466004e-3,1.0765965073503844e-2
0xe31a1c,juvix wasm,3.033433909145837,3.025123101666698,3.040693691062586,1.0286102856320771e-2,5.634153583211399e-3,1.2687227565210209e-2
0xfdbf6f,c,0.4574934139167037,0.45731675783345815,0.4576029589999848,2.0711881318090158e-4,1.8064281407565482e-4,2.3629811052597145e-4
0xff7f00,c wasm,0.6166844164791693,0.6128064565415722,0.6196295733542266,4.927033042948881e-3,2.1542163970328892e-3,6.8015484584801845e-3
0xcab2d6,runtime,0.9023617064167979,0.9007216375417215,0.9051064496251797,3.053913989525581e-3,9.557850833061821e-4,3.7378523500437143e-3
0x6a3d9a,runtime wasm,1.9509271524376004,1.9469429676876757,1.9565139186875626,6.638972619707293e-3,2.2657550534065938e-3,8.720557840565385e-3
