Color,Name,Mean,MeanLB,MeanUB,Stddev,StddevLB,StddevUB
0xa6cee3,ocaml,0.42592397283306127,0.4154215216663033,0.43556873583293054,1.3344517280896402e-2,7.160067439729856e-3,1.7043334143343244e-2
0x1f78b4,ocaml byte,4.9819383050623856,4.960301876624726,4.9980092100624915,2.7741669516651617e-2,1.7646514582652255e-2,3.704257142448875e-2
0xb2df8a,haskell,16.36016332722939,16.299228101125436,16.421098553333344,9.015685176465484e-2,4.743885074993562e-2,0.1261144190820724
0x33a02c,haskell strict,1.0603423659584148,1.0485993432498617,1.0678253348753515,1.3685482807328633e-2,1.2361212495967588e-2,1.5410973060000527e-2
0xfb9a99,juvix,3.09128446185404,3.0656512728744474,3.111716271249861,3.0639593943582774e-2,2.1874383125350505e-2,3.622180229519502e-2
0xe31a1c,juvix wasm,3.5311511206870896,3.506510775937727,3.5479734589366294,2.7825678268075738e-2,1.5387288427938262e-2,3.884952606708302e-2
0xfdbf6f,c,0.46283320556225743,0.44296168124924407,0.48067808649966537,2.6462207319349527e-2,1.435343479367885e-2,3.580032048124167e-2
0xff7f00,c wasm,0.6608277054788232,0.6539860830830548,0.664804769937291,7.973266355613308e-3,7.155330926499042e-3,8.973052743205973e-3
0xcab2d6,runtime,0.8613098839791746,0.855838744666471,0.8640413174794048,5.1661129564613785e-3,2.1002296671213116e-3,6.327079553327606e-3
0x6a3d9a,runtime wasm,1.5311765839584648,1.5101653869167726,1.5599840193749515,3.456606476009985e-2,1.2069765296055135e-2,4.6825826439639624e-2
