Color,Name,Mean,MeanLB,MeanUB,Stddev,StddevLB,StddevUB
0xa6cee3,ocaml,0.3251037181698878,0.32489796154982287,0.3254350964698188,3.611756299158689e-4,1.219180735750112e-4,4.6245423732972667e-4
0x1f78b4,ocaml byte,4.699719897166631,4.54305101975001,4.791292026249948,0.15446404042145048,6.251592441171597e-2,0.21147677350608227
0xb2df8a,haskell,8.674734774562543,8.636204872250081,8.699475110562522,4.169740338283025e-2,1.8188929660479542e-2,5.713535859771954e-2
0x33a02c,haskell strict,0.613519129583409,0.6133730150834253,0.6137682665833211,2.501686669084525e-4,8.346609673268759e-5,3.37436983592378e-4
0xfb9a99,juvix,1.3328653061667335,1.3279627820002133,1.3417260392500339,9.048346136853801e-3,7.091603332204377e-4,1.0778827571581315e-2
0xe31a1c,juvix wasm,1.4030938506874122,1.4021853202499415,1.4036300002499047,9.226690280803924e-4,6.084759585239499e-4,1.23818437692374e-3
0xfdbf6f,c,0.34067657574999544,0.3355360998749859,0.34766235637499676,7.955193954015094e-3,2.1967807500118397e-3,1.0094872750759798e-2
0xff7f00,c wasm,0.46642646166667606,0.45981172691661715,0.4701676620833647,6.532764391911654e-3,1.7758570000410145e-3,8.663329294144933e-3
0xcab2d6,runtime,0.47887645777083776,0.4780059450832823,0.47931026045836234,8.579958767840042e-4,3.7181208369929664e-5,1.0051926807844857e-3
0x6a3d9a,runtime wasm,0.8660760225416576,0.8543391931250426,0.8718838698749778,1.138501263986641e-2,1.120537750011863e-3,1.355396679992117e-2
