Color,Name,Mean,MeanLB,MeanUB,Stddev,StddevLB,StddevUB
0xa6cee3,ocaml,0.32437817986687756,0.3241506060003303,0.3245450400002119,3.036787713121949e-4,1.7332752018403138e-4,4.5696529487764307e-4
0x1f78b4,ocaml byte,4.708543653520773,4.564098675312437,4.788688449083263,0.13879897972017266,4.664780123269581e-2,0.1850864771686032
0xb2df8a,haskell,8.844478317666566,8.780203230333388,8.891770415999758,7.924644008401582e-2,4.700528951336784e-2,9.494469462507066e-2
0x33a02c,haskell strict,0.6086093751041327,0.6061727194999094,0.6097558565624581,2.3102200924106486e-3,5.332203751322595e-4,2.8146945095539446e-3
0xfb9a99,juvix,1.3552195010418018,1.3407408700834367,1.3664553620000106,1.7821526295971075e-2,1.0731551533403274e-2,2.270541439183409e-2
0xe31a1c,juvix wasm,1.4127057451042333,1.4074941828334886,1.417917307374978,7.1836670531381375e-3,3.3366250684337875e-3,9.71949148940267e-3
0xfdbf6f,c,0.3415347560832629,0.33398125416658786,0.3465469869997264,8.815590745569687e-3,7.907647382405297e-3,9.913547334363898e-3
0xff7f00,c wasm,0.4658735532083635,0.4617066780001551,0.4687698682498649,5.0745909882071415e-3,3.4253901665882436e-3,6.1782196492557884e-3
0xcab2d6,runtime,0.47949945529165916,0.4777702243333124,0.4806205576664979,2.0168040174120398e-3,1.7530566665300285e-3,2.2791536960638636e-3
0x6a3d9a,runtime wasm,0.8691303174373767,0.8686736433749047,0.869453600749921,5.70624452428821e-4,3.172910001770224e-4,6.882674828731948e-4
