Color,Name,Mean,MeanLB,MeanUB,Stddev,StddevLB,StddevUB
0xa6cee3,ocaml,0.4033285538749851,0.4030543949997991,0.4036164750000353,3.814526090733007e-4,1.7180208564652265e-4,4.724090635248883e-4
0x1f78b4,ocaml byte,4.425809630604003,4.423740738812569,4.429163314812115,3.6727998308299903e-3,7.875334295300066e-4,4.6823919447713195e-3
0xb2df8a,haskell,13.383002511604085,13.356898932916389,13.420926189687464,4.24088292329111e-2,8.135741583221723e-3,5.438564841097212e-2
0x33a02c,haskell strict,0.9570688117083629,0.9558779314999128,0.9576431310834247,1.1248975356461636e-3,3.504937500338201e-4,1.423886252513975e-3
0xfb9a99,juvix,2.3820537048540964,2.3789070714164304,2.3840507400416677,3.322075532766031e-3,1.5365155986627383e-3,4.611955212501843e-3
0xe31a1c,juvix wasm,2.581331977791592,2.577763611708292,2.58671396224986,5.889412395178245e-3,3.0647768465361025e-3,8.240788475041852e-3
0xfdbf6f,c,0.40292382741650573,0.4025342068747477,0.40320359441655756,4.687973098137392e-4,2.815354903976864e-4,6.46094211161201e-4
0xff7f00,c wasm,0.6109272437502492,0.6106619825003842,0.611073030500241,2.6040773838533816e-4,7.084260845368671e-5,3.4551353648919e-4
0xcab2d6,runtime,0.7138041309792319,0.7096400785000014,0.7166378220625802,4.9509841084127764e-3,2.4908302577686704e-3,6.544129239085596e-3
0x6a3d9a,runtime wasm,1.1965501609371738,1.194969133687323,1.1993404537494523,2.8530054098773643e-3,4.041666946858493e-4,3.444282006494485e-3
