Color,Name,Mean,MeanLB,MeanUB,Stddev,StddevLB,StddevUB
0xa6cee3,ocaml,0.3242742549800111,0.32405878728001275,0.3245164862801221,3.431440389748036e-4,2.304915856344056e-4,4.602233312948068e-4
0x1f78b4,ocaml byte,4.640637850187564,4.525104882750061,4.699384632187578,0.1289398670671404,0.1135723708749765,0.13566988160693
0xb2df8a,haskell,8.586441565749956,8.57590044949987,8.591682901750005,1.0369690353484376e-2,7.643326594640818e-4,1.2553998938825035e-2
0x33a02c,haskell strict,0.6126771124583096,0.6116902114166198,0.6143482413332985,1.6715839702765045e-3,3.233079167633268e-4,2.1705936590609206e-3
0xfb9a99,juvix,1.3337588971666225,1.3255456607498104,1.3398612140833657,1.0341761657859886e-2,6.556477292556957e-3,1.4092697258248323e-2
0xe31a1c,juvix wasm,1.407586949187504,1.405593581499943,1.4090180584375105,2.347051534380792e-3,1.9842021046927046e-3,2.746231363061764e-3
0xfdbf6f,c,0.34433643735408737,0.3403382588332988,0.3483346158748759,5.118681502340607e-3,2.8689145673556717e-3,6.7383966349118035e-3
0xff7f00,c wasm,0.4827916101874526,0.46450226512500115,0.4936759642499358,2.12439977225903e-2,1.8866843488112985e-2,2.337058969232016e-2
0xcab2d6,runtime,0.4765401043124579,0.47521844393739343,0.4772430507501137,1.2877356827092653e-3,5.565130015392568e-4,1.7542246663498852e-3
0x6a3d9a,runtime wasm,0.8637741114792542,0.8471150961250942,0.8727632938751526,1.6390268982321876e-2,2.7679155416346357e-3,2.0834230781373746e-2
