Color,Name,Mean,MeanLB,MeanUB,Stddev,StddevLB,StddevUB
0xa6cee3,ocaml,0.32473798811330956,0.3243451643400067,0.3253607810333127,7.27726242380894e-4,1.9027423242292914e-4,9.730453959209481e-4
0x1f78b4,ocaml byte,4.588256888812519,4.393768334062457,4.689133863999966,0.18631822206484075,8.111555942755418e-2,0.245464403897583
0xb2df8a,haskell,8.855146402520774,8.829031353499886,8.881261451541661,3.656527639033145e-2,1.67769103331832e-2,4.978747931258757e-2
0x33a02c,haskell strict,0.6166445930625741,0.612918408249925,0.6191151328126807,4.115663187382423e-3,2.2909537305496035e-3,5.705467159070823e-3
0xfb9a99,juvix,1.377145544354183,1.3509608463333884,1.3949944033541517,3.217468641811818e-2,1.9250795610380254e-2,4.122017419343864e-2
0xe31a1c,juvix wasm,1.5904456200625248,1.5787545426875624,1.5973109180000051,1.1783608934772762e-2,3.698953871305647e-3,1.585472644908508e-2
0xfdbf6f,c,0.3499933473332817,0.34497960500004865,0.3529059192498494,4.910606348765658e-3,2.155604383457517e-3,6.72629672025799e-3
0xff7f00,c wasm,0.47897753997915515,0.47321959362500365,0.48473548633330665,8.63463764782975e-3,4.486822967226142e-3,1.2100400668641358e-2
0xcab2d6,runtime,0.47888586489596224,0.47709989981260037,0.47972369329179776,1.6999390826979964e-3,7.371071807499948e-4,2.1896278870876104e-3
0x6a3d9a,runtime wasm,0.8675767002083603,0.8617158660833866,0.8707008681667503,5.7256278553637005e-3,1.7690094846661147e-3,7.685928115962213e-3
