Color,Name,Mean,MeanLB,MeanUB,Stddev,StddevLB,StddevUB
0xa6cee3,ocaml,0.32485449761327045,0.32465341786665547,0.32503089367992744,2.9338349903793216e-4,1.875440224036604e-4,3.8044051513133235e-4
0x1f78b4,ocaml byte,4.641676243937629,4.52008889900018,4.7185294105625815,0.14152202334851371,0.12676285472204787,0.15813285589144782
0xb2df8a,haskell,8.707500868895815,8.688610414249922,8.732991002187504,3.144761498869938e-2,1.2078897780742372e-2,4.1732348689833984e-2
0x33a02c,haskell strict,0.6094709000624997,0.6040772355000096,0.6121831416874954,5.274824232168669e-3,4.050128749781834e-4,6.236840559889373e-3
0xfb9a99,juvix,1.3434464782709103,1.3401068822917446,1.346721661125116,3.8963609188055995e-3,3.4455408392754334e-3,4.317928329414372e-3
0xe31a1c,juvix wasm,1.412610694291762,1.4121486071251752,1.4128354947083985,4.4695987309733534e-4,2.1029424999596813e-4,5.479902758356833e-4
0xfdbf6f,c,0.3418119397917773,0.33704629258337115,0.3452016410001306,5.7133844851698515e-3,4.104804273303975e-3,7.038497531508015e-3
0xff7f00,c wasm,0.47224288018732824,0.46642961556250384,0.47536268387477776,5.697499244575056e-3,1.0837082500074757e-3,7.338259041890657e-3
0xcab2d6,runtime,0.47958089002090293,0.478102976437242,0.4805557830211645,1.5948445412301254e-3,8.995527415865327e-4,2.25141894452834e-3
0x6a3d9a,runtime wasm,0.8643242152706231,0.85083682974971,0.8710546867081727,1.3383147007603345e-2,2.968993751437665e-4,1.5573951184238061e-2
