Color,Name,Mean,MeanLB,MeanUB,Stddev,StddevLB,StddevUB
0xa6cee3,ocaml,0.5021442866878184,0.5010199067504193,0.5032686666252175,1.7050028586795495e-3,7.548508008657744e-4,2.36229343375105e-3
0x1f78b4,ocaml byte,5.051729606333272,5.009890177499983,5.073887275249945,4.843866831882354e-2,4.263283001908002e-2,5.091294374725936e-2
0xb2df8a,haskell,16.237302429020815,16.20570024181245,16.255256103958345,3.152645442275578e-2,2.112510007544041e-2,4.146223623250438e-2
0x33a02c,haskell strict,1.1788378906247015,1.1694806036248717,1.183637139999822,9.34247043571306e-3,4.546066326455089e-3,1.296239024943988e-2
0xfb9a99,juvix,3.196352982916475,3.1939246891662756,3.1981433531665666,3.0739501087533624e-3,1.9892947268837662e-3,4.134682983358059e-3
0xe31a1c,juvix wasm,4.041016300375493,4.038101233375035,4.043034840000776,3.3151148124889616e-3,1.9795137887668375e-3,4.661617584107701e-3
0xfdbf6f,c,0.5039148217083493,0.5009950250000657,0.5058120298333506,3.5209137304401984e-3,2.4246531639942146e-3,4.381414486712915e-3
0xff7f00,c wasm,0.7269584819163128,0.7220694526658917,0.7295136764165591,4.6295583678545495e-3,1.6436501666703407e-3,5.656925818779023e-3
0xcab2d6,runtime,1.0482460422080446,1.0471229977495113,1.0501772217501184,1.9454646246955475e-3,5.99942779561153e-4,2.593560081784309e-3
0x6a3d9a,runtime wasm,2.2458365241247598,2.2362443387498843,2.2549691283746824,1.331573107456369e-2,6.9364136953523935e-3,1.8337920782170093e-2
