Color,Name,Mean,MeanLB,MeanUB,Stddev,StddevLB,StddevUB
0xa6cee3,ocaml,0.32426648368664096,0.323715062220017,0.32461208005325415,6.470533828223444e-4,3.9361160047975493e-4,8.304932738832737e-4
0x1f78b4,ocaml byte,4.3599715842916,4.061341713166598,4.508253287666605,0.2966345422714522,4.772295052687392e-3,0.34721422049050943
0xb2df8a,haskell,8.877004177124812,8.740403624749982,9.140030635749477,0.26077739029432817,1.8901682249937046e-2,0.31546546274023857
0x33a02c,haskell strict,0.613353753687439,0.6089371558747416,0.6177602276875973,6.123601781388266e-3,2.978034220652361e-3,8.366531274331556e-3
0xfb9a99,juvix,1.3089902362707637,1.3084290986248561,1.3095513739166713,8.672704070873324e-4,4.465064593078075e-4,1.2136696515332784e-3
0xe31a1c,juvix wasm,1.5138700519583306,1.5127451208333393,1.515038965749909,1.918520840576658e-3,6.69634307229614e-4,2.597917151333913e-3
0xfdbf6f,c,0.3392479377291693,0.3326927374166644,0.34214096745836287,6.308263282749063e-3,1.7790362941707454e-3,8.458811477118612e-3
0xff7f00,c wasm,0.4638846529581997,0.45692883783317484,0.4667513201248994,6.97625521368925e-3,2.8508820403480304e-3,9.617713537720573e-3
0xcab2d6,runtime,0.4781191223542578,0.47709390652090633,0.4799150832501482,1.828506369455733e-3,3.4879596542557504e-4,2.367634549451744e-3
0x6a3d9a,runtime wasm,0.8649141695416915,0.8576243402501404,0.868582149458291,6.896727696782267e-3,1.8489951398106587e-3,8.470836768923464e-3
