Color,Name,Mean,MeanLB,MeanUB,Stddev,StddevLB,StddevUB
0xa6cee3,ocaml,0.32416421304658494,0.32378338481329894,0.3246673718665685,6.917539061563784e-4,3.619006703079548e-4,9.192495423939106e-4
0x1f78b4,ocaml byte,4.83309443158339,4.737348226916765,4.9288406362500155,0.13753975257990003,5.666185580187394e-2,0.18637353780608118
0xb2df8a,haskell,8.698606555208167,8.671736557333057,8.73846962662492,4.55154835353196e-2,1.648080866683177e-2,5.562978169695658e-2
0x33a02c,haskell strict,0.6105560305210626,0.6064219979375594,0.6124803669793739,3.947238835358666e-3,7.824690116411087e-4,5.103074610827128e-3
0xfb9a99,juvix,1.3538214662500536,1.3534705705001215,1.3541723619999857,5.670995038098643e-4,2.749722127861003e-4,7.933069826152175e-4
0xe31a1c,juvix wasm,1.4079765999582037,1.4066757292499688,1.409001901333113,1.5885619557701944e-3,1.0167205670780048e-3,2.000140710696762e-3
0xfdbf6f,c,0.33447876904178503,0.32890275775025657,0.3383089653334347,6.934838051830213e-3,4.031787040541254e-3,8.845459440132175e-3
0xff7f00,c wasm,0.475394856020993,0.47080320629171035,0.47961344545835044,5.669334294437707e-3,3.4717536267249937e-3,7.209959543592087e-3
0xcab2d6,runtime,0.4797945302083235,0.47819868466649496,0.4814251280836288,2.1816080367775795e-3,1.0096603621901413e-3,2.933980715142145e-3
0x6a3d9a,runtime wasm,0.8544912593750192,0.8419294617499418,0.8642312275001132,1.5586869031785192e-2,1.0941883734638513e-2,2.014237044763605e-2
