Color,Name,Mean,MeanLB,MeanUB,Stddev,StddevLB,StddevUB
0xa6cee3,ocaml,0.3267196892966422,0.3245897090466497,0.33085934814659596,4.456957486972264e-3,4.967435232785793e-4,5.728636900009207e-3
0x1f78b4,ocaml byte,4.309149100541712,4.099555160916604,4.454892007416713,0.23918937902060225,0.14713615968253033,0.3365788260670398
0xb2df8a,haskell,9.05779449122887,9.019462656978968,9.110932111749435,6.544432937416242e-2,2.3903056882330014e-2,8.852357929085304e-2
0x33a02c,haskell strict,0.6115547271667575,0.6110513337500834,0.6119380742500198,6.145562553799306e-4,3.873252110803771e-4,7.681796404134358e-4
0xfb9a99,juvix,1.3246695894375573,1.3207885248124853,1.3274363609375732,4.726665547371469e-3,3.164045293846497e-3,6.389585081281374e-3
0xe31a1c,juvix wasm,1.521121219874999,1.5194664438751033,1.5232811482499073,2.5513938757780017e-3,7.664157499220892e-4,3.1198914004636454e-3
0xfdbf6f,c,0.34064255533328,0.33608125024994706,0.3429489134999244,4.366865842953479e-3,1.1872919600563418e-4,5.267610501480783e-3
0xff7f00,c wasm,0.47717592504155465,0.4679634160000887,0.4901845724164862,1.4752070000586167e-2,6.4955911121006345e-3,1.957463883369864e-2
0xcab2d6,runtime,0.47824154537498015,0.47719437950003873,0.47978484262493265,1.8092216338568903e-3,5.476102421773862e-4,2.4183259991344924e-3
0x6a3d9a,runtime wasm,0.8533960730416842,0.8383477812501496,0.8642958461249464,1.836043351960182e-2,1.140945887224017e-2,2.264005872587159e-2
