Color,Name,Mean,MeanLB,MeanUB,Stddev,StddevLB,StddevUB
0xa6cee3,ocaml,0.3256529056799294,0.3252599893599806,0.3263295375998344,7.433101471152533e-4,2.738499415031815e-4,1.0255972247992847e-3
0x1f78b4,ocaml byte,4.488163442729113,3.9125182033123735,4.777855074229147,0.5444799705753484,0.1448731732083579,0.6690141657141059
0xb2df8a,haskell,8.757609534416702,8.72461906825015,8.804305971249846,5.103332254191952e-2,1.2856330333306687e-2,6.227135827644709e-2
0x33a02c,haskell strict,0.6158480944999477,0.601534296249838,0.6262154014999244,1.679816295293368e-2,8.441668056956507e-3,2.356600385037457e-2
0xfb9a99,juvix,1.35464930747915,1.34379090133325,1.3646108029792288,1.633505699739096e-2,1.0038147061173312e-2,2.3005088434007087e-2
0xe31a1c,juvix wasm,1.4101410162499992,1.4070966424999654,1.4121683282499948,3.3212995283612855e-3,1.9489001656341086e-3,4.681876515715315e-3
0xfdbf6f,c,0.3432039433541452,0.33937015245843816,0.34643980956241194,5.386389714628323e-3,2.959200791641109e-3,7.4729129056175705e-3
0xff7f00,c wasm,0.47213409995828215,0.4686300159166876,0.47501257587492773,4.810401041611481e-3,2.890761728382392e-3,6.647555381324732e-3
0xcab2d6,runtime,0.4783618842083494,0.47798424874997636,0.4789061872500042,6.177509812180653e-4,1.4447674993789406e-4,7.92016219948737e-4
0x6a3d9a,runtime wasm,0.8538166740208055,0.8469154021667009,0.8652411380832064,1.1471984628675089e-2,4.123295874990163e-3,1.5572420786922694e-2
