Color,Name,Mean,MeanLB,MeanUB,Stddev,StddevLB,StddevUB
0xa6cee3,ocaml,0.32574189939001374,0.32391578244001723,0.3275680163400102,2.5519507263642997e-3,2.1886731860820264e-3,2.812354044696066e-3
0x1f78b4,ocaml byte,4.642931641958313,4.4117235897499825,4.799039184833305,0.26265811044266285,0.150201018666678,0.36051492760562986
0xb2df8a,haskell,9.023589096083327,8.941914994708355,9.174330626124913,0.15540078693861986,1.2145119666683968e-2,0.18861825765864346
0x33a02c,haskell strict,0.6336958548958194,0.6236834017916522,0.6512568058333272,1.852266524325623e-2,2.444524458326214e-3,2.3107812133320912e-2
0xfb9a99,juvix,1.3316227475416251,1.325419116250032,1.336115318624934,7.477976957042843e-3,4.92450687153741e-3,9.161307853783905e-3
0xe31a1c,juvix wasm,1.616034078395785,1.5933316749999449,1.6306110467291433,2.7269327859799134e-2,1.9900446009431184e-2,3.366406636493228e-2
0xfdbf6f,c,0.34444070272921107,0.3401599235833904,0.3472916317500676,5.248785386964495e-3,3.2476900491351605e-3,6.583938550528192e-3
0xff7f00,c wasm,0.46854481333333337,0.46195627258331723,0.4731908324583382,7.927888343325232e-3,5.1749135565590555e-3,1.0729521569926778e-2
0xcab2d6,runtime,0.4792087212291752,0.4786210141249967,0.47963144522920703,7.422636297185829e-4,5.10663015389435e-4,9.762392608452132e-4
0x6a3d9a,runtime wasm,0.8689262258542291,0.8686227586875077,0.8691071723334669,3.248324792191726e-4,1.6242500520728226e-4,4.548896584594972e-4
