Color,Name,Mean,MeanLB,MeanUB,Stddev,StddevLB,StddevUB
0xa6cee3,ocaml,0.3255267032000105,0.32497877860001,0.3259957040000018,8.177791660841734e-4,5.725084696524556e-4,1.0454469611909049e-3
0x1f78b4,ocaml byte,4.657947751833338,4.487352037749986,4.762693547916664,0.17462309480658586,7.592120417953026e-2,0.2419000542607597
0xb2df8a,haskell,8.701124812562531,8.631200280062615,8.735828885812472,6.593691198030344e-2,2.3684078374913042e-2,8.07462986093594e-2
0x33a02c,haskell strict,0.6135429310416404,0.6131385473333164,0.6137963121666606,4.950423468710036e-4,3.0316257186131286e-4,5.851586429520898e-4
0xfb9a99,juvix,1.3315362733124705,1.3301738449374814,1.333022193249936,1.895218406241556e-3,8.259578750084984e-4,2.3952178434057466e-3
0xe31a1c,juvix wasm,1.4088360562082112,1.4058388373749438,1.4136144462496532,5.2215967297697535e-3,1.112054583340183e-3,6.355900174359226e-3
0xfdbf6f,c,0.3457478937498782,0.34271984099990505,0.34974581512474856,4.613745452428091e-3,9.656096648837259e-4,6.052337179652815e-3
0xff7f00,c wasm,0.46866639637495194,0.4620158533748224,0.47205093774999796,6.50351740315137e-3,2.557351344688926e-3,8.8880914652982e-3
0xcab2d6,runtime,0.4787581706666894,0.4780866755000943,0.47907993199999055,6.465928380322197e-4,7.260899997163506e-5,8.076756911878368e-4
0x6a3d9a,runtime wasm,0.8645811274583745,0.8539452442500419,0.8699433367501115,1.0548642751645512e-2,3.737967500683226e-4,1.249707172107463e-2
