Color,Name,Mean,MeanLB,MeanUB,Stddev,StddevLB,StddevUB
0xa6cee3,ocaml,0.32580496285000815,0.3253028428499526,0.32675388885013035,1.0520867250809294e-3,9.791289701374336e-5,1.3357318698214962e-3
0x1f78b4,ocaml byte,4.587185702749944,4.296236681749994,4.7836470827499324,0.3417017902116399,0.2961919547786797,0.38942467394854424
0xb2df8a,haskell,9.980971288041625,9.952711725249799,9.99560298141669,2.6953532113469854e-2,1.2957414739148618e-2,3.379044843517635e-2
0x33a02c,haskell strict,0.6129605258332731,0.6124489164999432,0.6132829201666254,6.271217028489124e-4,3.814391286490237e-4,7.445378205847553e-4
0xfb9a99,juvix,1.885730457145807,1.8772152749791835,1.9011708126249118,1.523035110333173e-2,3.1204896226259514e-3,1.9664970864394993e-2
0xe31a1c,juvix wasm,1.5642498258749526,1.5616378914999132,1.566277645124984,3.2052352659731427e-3,2.0128711385578664e-3,4.056146314768593e-3
0xfdbf6f,c,0.33992515293743963,0.3345111426250469,0.3478339729998652,8.902559467911724e-3,2.1095185163906346e-3,1.166226528195251e-2
0xff7f00,c wasm,0.4724603226458631,0.46630123562493964,0.48154181050011857,1.014898005972202e-2,2.2473805231203407e-3,1.3230453691132502e-2
0xcab2d6,runtime,0.4776899820415679,0.47722456324993345,0.47843278487499674,8.25163491219406e-4,1.7222524991211685e-4,1.0748386585441706e-3
0x6a3d9a,runtime wasm,0.8706145031250117,0.8636973487500086,0.8740441054999906,6.740709161292352e-3,5.455592499856721e-4,7.987802448375882e-3
