Color,Name,Mean,MeanLB,MeanUB,Stddev,StddevLB,StddevUB
0xa6cee3,ocaml,0.32533980260000284,0.3251998500000127,0.3254646890000079,2.0850809622787218e-4,1.2684211319596852e-4,3.169073422811564e-4
0x1f78b4,ocaml byte,4.429772906270709,4.11989524074977,4.655853552854088,0.3967960219956202,0.18490420975001598,0.5221108886539143
0xb2df8a,haskell,10.081254445500074,9.990549455250061,10.235304582000026,0.1625205079752718,1.2609096052109775e-2,0.19492115410968044
0x33a02c,haskell strict,0.6125415681666482,0.6119764657498763,0.6131759042501699,8.040661449316652e-4,3.258873758177378e-4,1.0814376759466133e-3
0xfb9a99,juvix,1.8698676565416765,1.8678063368749918,1.8713059116666575,2.3950236884196672e-3,1.5273973269396407e-3,3.321507934284486e-3
0xe31a1c,juvix wasm,1.439729910166496,1.4222106306663893,1.4521211849165259,2.038127655830551e-2,1.1726864166651807e-2,2.8616423250129454e-2
0xfdbf6f,c,0.3381859418335201,0.3341139595002005,0.3425823110001147,5.607651861091511e-3,3.8533648115411426e-3,7.42868970339644e-3
0xff7f00,c wasm,0.4775466131043989,0.46869923397919894,0.4817466124169035,8.411834893722407e-3,1.6977161665939489e-3,1.07326639435444e-2
0xcab2d6,runtime,0.4782262373333121,0.4752098202500292,0.4802662836249283,3.439290767091782e-3,1.7461340331343229e-3,4.71128510249566e-3
0x6a3d9a,runtime wasm,0.8552024147292437,0.8345276594375264,0.865100481124955,2.013537533178881e-2,6.415376376534956e-3,2.7080839254472827e-2
