Color,Name,Mean,MeanLB,MeanUB,Stddev,StddevLB,StddevUB
0xa6cee3,ocaml,0.4024453643958547,0.4017677119166668,0.40346935258336697,1.1551758621738306e-3,2.8805598755690914e-4,1.519808573283195e-3
0x1f78b4,ocaml byte,4.425607439229054,4.424303149812488,4.4263315883331416,1.40700518591997e-3,6.408002680891515e-4,1.9436557432576766e-3
0xb2df8a,haskell,12.882566822041591,12.847686299624911,12.90775294816664,4.168522915757058e-2,2.5747511751810614e-2,5.816486679256517e-2
0x33a02c,haskell strict,0.7617537560002271,0.7617288825003167,0.7617871699998204,3.692114861088233e-5,1.1425000138842734e-5,4.610834678630756e-5
0xfb9a99,juvix,2.3514553478123994,2.3497037341251144,2.353095670062392,2.6855170152495175e-3,1.6369313054252234e-3,3.788161970363991e-3
0xe31a1c,juvix wasm,2.707734840854149,2.7017567778331495,2.7115051152502474,7.220893584806765e-3,4.716052236879021e-3,8.5009811892854e-3
0xfdbf6f,c,0.4045451894586449,0.40411336725014735,0.4049200368755237,5.331942568255918e-4,2.619996278432447e-4,6.555769007990685e-4
0xff7f00,c wasm,0.5816889516457877,0.579652398125063,0.5830353593956943,2.492917076207876e-3,1.5428098883902548e-3,3.109395507390238e-3
0xcab2d6,runtime,0.8262027114584498,0.8245819505002601,0.8274431452501858,1.996627922724094e-3,1.2577746164928398e-3,2.5490916978536888e-3
0x6a3d9a,runtime wasm,1.7746543471666503,1.771348386499767,1.7766193178334029,3.9204119119929035e-3,3.196436730628925e-3,4.537905373597474e-3
