Color,Name,Mean,MeanLB,MeanUB,Stddev,StddevLB,StddevUB
0xa6cee3,ocaml,0.3255646726833553,0.3248915487500289,0.3267003315499551,1.2539627064533211e-3,4.967932911607282e-4,1.6274711419410164e-3
0x1f78b4,ocaml byte,4.357314749958287,3.993595346249947,4.580190958541655,0.4392741862195098,0.2839311399735011,0.5147105560862817
0xb2df8a,haskell,9.991010493541646,9.934781229833408,10.037260431499817,6.807619977737989e-2,4.419327030530011e-2,8.06752465857835e-2
0x33a02c,haskell strict,0.6111187056458789,0.6106440255207986,0.6114593213334274,5.633896360943664e-4,3.5343790500296695e-4,7.866182355853592e-4
0xfb9a99,juvix,1.8822336014374628,1.8783449864999966,1.8848292969374256,4.513668988784442e-3,2.147697220075901e-3,5.994501982551425e-3
0xe31a1c,juvix wasm,1.5634283773332907,1.5606089463332562,1.564798466999946,2.723842526331606e-3,1.2625061094253963e-3,3.6287630666526722e-3
0xfdbf6f,c,0.3362290657082667,0.3339885357498815,0.3373980799165679,2.589944475077296e-3,2.2776627499752067e-3,2.6997226713967293e-3
0xff7f00,c wasm,0.473132215312404,0.47238934987495895,0.47437696687495645,1.3258663727399142e-3,1.8133087502292256e-4,1.6696568526684097e-3
0xcab2d6,runtime,0.4798595183542034,0.4791281044583684,0.48029752793758007,8.610931636255901e-4,7.161133751196758e-4,1.0115398034806881e-3
0x6a3d9a,runtime wasm,0.8738668607917646,0.8726590228750126,0.8743390102500825,1.2289999750488315e-3,5.537084661804455e-4,1.7104965901775593e-3
