Color,Name,Mean,MeanLB,MeanUB,Stddev,StddevLB,StddevUB
0xa6cee3,ocaml,0.3242946407033211,0.32415959499332225,0.3244471343033562,2.1847105047110248e-4,1.7157271329956353e-4,2.8866301534545465e-4
0x1f78b4,ocaml byte,4.470681746791712,4.050159654291662,4.69035818341672,0.39899621210075115,0.17023449511904856,0.5073209992802643
0xb2df8a,haskell,8.558886129770817,8.52596616208344,8.576433877416587,3.235368055384018e-2,1.3326707648477966e-2,4.425835556597917e-2
0x33a02c,haskell strict,0.6097632980833225,0.6067517855833273,0.6119310253333197,3.722766888377531e-3,2.162955464958339e-3,5.006151645262149e-3
0xfb9a99,juvix,1.3139661575833184,1.3099174631666037,1.3175276908332687,5.073916048913606e-3,2.5277565001147195e-3,6.431257453852908e-3
0xe31a1c,juvix wasm,1.3985821296875638,1.3956625106250158,1.4022649151251017,4.506146884246505e-3,1.7802403549776855e-3,5.861906276466089e-3
0xfdbf6f,c,0.3399484779790877,0.3344199843332566,0.3448203629791446,6.8017560540036045e-3,4.067333556322456e-3,8.143758267120245e-3
0xff7f00,c wasm,0.4661202925833739,0.46006909862506973,0.46932356762499694,5.814004888426161e-3,1.4973801512154434e-3,7.7360069970988515e-3
0xcab2d6,runtime,0.4775860482083658,0.4759265699166235,0.4786660768334059,1.956213010593076e-3,1.6533353250162827e-3,2.2973209847247894e-3
0x6a3d9a,runtime wasm,0.8500914107709056,0.8285633406875661,0.8599916852292135,2.0497269109617734e-2,6.829705590415508e-3,2.685324373677548e-2
