Color,Name,Mean,MeanLB,MeanUB,Stddev,StddevLB,StddevUB
0xa6cee3,ocaml,0.325285211363298,0.32512144225987866,0.3254430984334249,2.2960310318312496e-4,1.554667936014697e-4,2.988672326742549e-4
0x1f78b4,ocaml byte,4.330491861958156,3.96020540399968,4.621342804374763,0.4730195173185524,0.288100537069536,0.6287420875538616
0xb2df8a,haskell,8.877810078000229,8.770893820625096,8.930190280000414,0.10405039235662311,1.001956260455307e-2,0.12846604125483696
0x33a02c,haskell strict,0.6352205161250405,0.6214320434999081,0.6515707002501282,1.897224642944952e-2,7.494698250070542e-3,2.3224283505034374e-2
0xfb9a99,juvix,1.352384952562564,1.3465743188124861,1.3632701472500912,1.115867987989287e-2,5.39146568742644e-4,1.3419083839079197e-2
0xe31a1c,juvix wasm,1.5863957014167152,1.5709914127916516,1.5940089651666465,1.4609412320919236e-2,4.105217339448984e-4,1.778970886325497e-2
0xfdbf6f,c,0.3451066769166384,0.33597701512491085,0.3497085683333315,8.673960357562153e-3,4.033714499996677e-3,1.0542720223861417e-2
0xff7f00,c wasm,0.4738695930207844,0.4710084956667894,0.4755851994997329,3.3642402854871635e-3,2.8873874422469465e-3,3.818802911082508e-3
0xcab2d6,runtime,0.4772951583750948,0.47590752999989644,0.4785628973750704,1.8565598090481293e-3,9.908134931153278e-4,2.5111645001163235e-3
0x6a3d9a,runtime wasm,0.8611371381875301,0.8484733990624704,0.8674353356250322,1.203119888491664e-2,5.632511250041716e-3,1.462323991111859e-2
