Color,Name,Mean,MeanLB,MeanUB,Stddev,StddevLB,StddevUB
0xa6cee3,ocaml,0.40106684452081254,0.40045060341662975,0.4015475357709306,7.627221203568653e-4,4.450161024909039e-4,9.781317670516823e-4
0x1f78b4,ocaml byte,4.432071304770678,4.4194541063330535,4.454008847187424,2.290678580105042e-2,2.6073779166986277e-3,2.7987417019472344e-2
0xb2df8a,haskell,12.945691033166554,12.909297871249805,12.96489273358327,3.47264908256097e-2,1.6565477683782505e-2,4.4344427617957066e-2
0x33a02c,haskell strict,0.7620473444791287,0.7619146945835382,0.762207026416263,2.1830607622212711e-4,1.0498975685633484e-4,3.054681366608756e-4
0xfb9a99,juvix,2.3757977984999648,2.370452433500039,2.382322692249886,8.489389049800632e-3,4.423676434694871e-3,1.0938299798701612e-2
0xe31a1c,juvix wasm,2.653833567749871,2.6451267889997325,2.662540346500009,1.2843649982187106e-2,6.309971958436317e-3,1.7699896773579367e-2
0xfdbf6f,c,0.4046850932915997,0.4039124913332065,0.40522477100006427,9.096815042868285e-4,7.739059166548545e-4,1.0699809298234729e-3
0xff7f00,c wasm,0.5842813361250592,0.5828851067499272,0.5856775655001911,1.8841448932535414e-3,8.52070622545309e-4,2.4905086394078975e-3
0xcab2d6,runtime,0.8136516880207031,0.810685241875035,0.8161310667496764,3.7682186812310137e-3,2.181069886052954e-3,4.94675153987127e-3
0x6a3d9a,runtime wasm,1.767774186479149,1.764481028187447,1.7730531415414437,5.993210423990468e-3,1.9984003747595125e-3,7.427306275810285e-3
