Color,Name,Mean,MeanLB,MeanUB,Stddev,StddevLB,StddevUB
0xa6cee3,ocaml,0.3262239220600259,0.3259472325000843,0.32637126797996646,3.1344072951995324e-4,1.743849797514165e-4,4.0323104629104716e-4
0x1f78b4,ocaml byte,4.4034940676457195,3.9162224268331256,4.673731662708273,0.47083926083820404,0.22399179472215008,0.6240869930180899
0xb2df8a,haskell,9.874755110958338,9.82807136058337,9.896192363458331,4.482416937395284e-2,7.618490749962348e-3,5.8304289376846764e-2
0x33a02c,haskell strict,0.6139696143749328,0.6130782587499084,0.6145829261249484,1.1007374180816262e-3,7.096328552639573e-4,1.4163828158745644e-3
0xfb9a99,juvix,1.8781684787708268,1.8733248422707998,1.8823659083334785,6.3755314866974725e-3,3.98727296831377e-3,7.858161323804756e-3
0xe31a1c,juvix wasm,1.4359118012918657,1.422545858625142,1.4452797136252116,1.576567419309867e-2,9.233055556815747e-3,2.163426682960825e-2
0xfdbf6f,c,0.34974479597915814,0.3493620128750763,0.35001912206240604,4.5036324112232925e-4,3.8808401031888216e-4,5.135816431605029e-4
0xff7f00,c wasm,0.47800676358353184,0.47618944150030984,0.47968687833342,2.500188724102954e-3,1.5999270698745167e-3,3.341404675415434e-3
0xcab2d6,runtime,0.48029492627063064,0.4781545690623261,0.4826747957497446,3.0854810663435484e-3,1.5425124696873927e-3,3.977363839341678e-3
0x6a3d9a,runtime wasm,0.8724551691041521,0.8697434614374515,0.8737731112083413,2.623283536443331e-3,1.7510677629262303e-4,3.13365747188101e-3
