Color,Name,Mean,MeanLB,MeanUB,Stddev,StddevLB,StddevUB
0xa6cee3,ocaml,0.4039487181249986,0.4027072391248983,0.40483187800005754,1.4911269172452545e-3,8.607594940503623e-4,2.0395703664110127e-3
0x1f78b4,ocaml byte,4.447866456729116,4.426059625833204,4.469673287625028,4.302046691155227e-2,3.2766451240842653e-4,4.984520621330768e-2
0xb2df8a,haskell,13.047777080416855,12.987734830333618,13.099058538166693,7.424569836516708e-2,3.995728449967828e-2,9.25229390692803e-2
0x33a02c,haskell strict,0.761049065437381,0.7594148138748551,0.7618983488748654,1.6165903326226176e-3,1.3183112491788052e-4,1.963183894554688e-3
0xfb9a99,juvix,2.3822583413958682,2.380502474083187,2.3832925410833923,1.732339605333624e-3,8.51383499543455e-4,2.388381871951351e-3
0xe31a1c,juvix wasm,2.7232784560624927,2.721167361125178,2.726818118062738,3.7398948830576896e-3,4.1138487510283817e-4,4.666638943208859e-3
0xfdbf6f,c,0.4061517566041175,0.40571558656267825,0.40638952508334114,4.289158684629107e-4,1.5909964427366643e-4,5.831956038116408e-4
0xff7f00,c wasm,0.586312532624485,0.5813281699997788,0.5929168073746496,7.443087554824325e-3,2.242966999498719e-3,9.291180391192819e-3
0xcab2d6,runtime,0.818391286645768,0.8104118346665625,0.8304759192499205,1.3151977458342705e-2,1.982077730500442e-3,1.6766724667327187e-2
0x6a3d9a,runtime wasm,1.7719603212918855,1.7690199094167838,1.777347403791623,5.314481812000412e-3,9.487283332418883e-4,6.2907178132080195e-3
