Color,Name,Mean,MeanLB,MeanUB,Stddev,StddevLB,StddevUB
0xa6cee3,ocaml,0.3250044581666119,0.3248202961666796,0.32517759509989447,2.7610220203460884e-4,2.021547506909116e-4,3.480791458136247e-4
0x1f78b4,ocaml byte,4.493122309250045,4.063905472125043,4.713417970000042,0.40529041643679814,0.14426342349990273,0.5087510361412692
0xb2df8a,haskell,8.786301278104153,8.7346553270833,8.819889276624963,6.0194458168866864e-2,5.3329816729420866e-2,6.753689084764233e-2
0x33a02c,haskell strict,0.6218393709374936,0.6110032941874692,0.6414363931250477,2.0030505879545205e-2,2.4973748749061997e-3,2.502484731434414e-2
0xfb9a99,juvix,1.3863922502084545,1.357208362000108,1.4018624435000788,2.845603756411823e-2,1.615294920830353e-2,3.572688104533959e-2
0xe31a1c,juvix wasm,1.5881771707916907,1.5784044052917163,1.5929873016666913,9.546028270015765e-3,6.21222166652502e-4,1.1287365225773576e-2
0xfdbf6f,c,0.34816427574993253,0.34519725974998516,0.34996038824985476,3.5049291333458937e-3,2.9409202861700543e-3,4.14794414129984e-3
0xff7f00,c wasm,0.47115628202087123,0.4692004558541214,0.4744532678334963,3.551367562158175e-3,5.441772083827345e-4,4.226028641133123e-3
0xcab2d6,runtime,0.47753148052082867,0.47651235168754624,0.47812067993746155,9.966708496569352e-4,5.196196339415493e-4,1.3606977671974218e-3
0x6a3d9a,runtime wasm,0.8678606089375194,0.8540324103125272,0.8758344098749831,1.3924714509916778e-2,6.508079414704477e-3,1.9376727491633782e-2
