Color,Name,Mean,MeanLB,MeanUB,Stddev,StddevLB,StddevUB
0xa6cee3,ocaml,0.32564741551331433,0.32533907707997967,0.3259698564666299,4.8202444869320575e-4,3.0644725596217154e-4,7.249510624206438e-4
0x1f78b4,ocaml byte,4.277666460624971,3.9092880974999957,4.4522251536249655,0.3510918664206071,0.16647591210383064,0.44760735488360853
0xb2df8a,haskell,10.099425086374993,10.076220478499977,10.137850907625023,3.89885927427522e-2,1.5142596782286098e-2,5.358874641232052e-2
0x33a02c,haskell strict,0.6098641284791123,0.6026704981665413,0.6136487822083343,7.005521900099306e-3,1.9073396987675535e-3,9.28621012724704e-3
0xfb9a99,juvix,1.8752044307917497,1.8710739965833532,1.8781448513751116,5.196219598287003e-3,3.5620272627278023e-3,6.790610461338868e-3
0xe31a1c,juvix wasm,1.5691257949792619,1.5672901267500947,1.5710495081250428,2.4503911517735027e-3,1.2547003750569274e-3,3.0473797170273084e-3
0xfdbf6f,c,0.34776748304163146,0.34489635691668735,0.3496724350415927,3.132765146934117e-3,1.7622741318110622e-3,4.399298199883689e-3
0xff7f00,c wasm,0.4711902864375285,0.4654843727500406,0.4738957571875252,5.4846359190791364e-3,2.8127359143854e-3,6.9292261505947235e-3
0xcab2d6,runtime,0.4789831985625123,0.4777742522500148,0.47985336106250054,1.50440204716249e-3,1.0092152143937362e-3,2.009554214427646e-3
0x6a3d9a,runtime wasm,0.8669635624374527,0.8594506168749376,0.8712994741874809,8.722599819682975e-3,7.687317924503361e-3,9.553721621596355e-3
