Color,Name,Mean,MeanLB,MeanUB,Stddev,StddevLB,StddevUB
0xa6cee3,ocaml,0.3245204597333668,0.3243321617999754,0.3246963261000474,2.8197086622859356e-4,1.8635782057438245e-4,4.183819834874827e-4
0x1f78b4,ocaml byte,4.668321497499903,4.548126905250115,4.772067746499772,0.17160999636924115,0.10729683803474731,0.23959169914995287
0xb2df8a,haskell,8.702960407729128,8.676130553875055,8.719923997291593,2.8113538440121807e-2,1.3624409561599778e-2,3.917573200124628e-2
0x33a02c,haskell strict,0.6118634283124607,0.6068504196874187,0.6143490558749818,4.841623984656272e-3,5.810752500110539e-4,5.836736547164625e-3
0xfb9a99,juvix,1.318734780770986,1.3150411509585258,1.3245645904376033,6.516550486055784e-3,1.5557286666686432e-3,8.530072666042735e-3
0xe31a1c,juvix wasm,1.4090039377500148,1.4071964002499158,1.4115108070000133,2.8733431620944854e-3,1.21648610401666e-3,3.715779567172279e-3
0xfdbf6f,c,0.34092906845838417,0.3353237525833113,0.34333786987508574,5.560097695811136e-3,2.024252922235055e-3,7.573756752818989e-3
0xff7f00,c wasm,0.4693673382500568,0.46557951224997396,0.47194133362510604,4.244002931673952e-3,2.370587792358987e-3,5.944387690710211e-3
0xcab2d6,runtime,0.4791590524583664,0.47795555116666344,0.4803625537500693,1.7368517488454685e-3,8.656253896216454e-4,2.3776210732159705e-3
0x6a3d9a,runtime wasm,0.8704181242500226,0.8701885117500296,0.870579854125026,2.879894434489891e-4,1.5676820724412787e-4,3.734991474768756e-4
