Color,Name,Mean,MeanLB,MeanUB,Stddev,StddevLB,StddevUB
0xa6cee3,ocaml,0.45039294479177744,0.4451077373753378,0.453418241125064,5.2322481951441995e-3,2.8856793877420597e-3,6.986622609605537e-3
0x1f78b4,ocaml byte,5.059597332770636,5.037332669874786,5.07596309074961,2.9392683642444368e-2,2.210343545242649e-2,3.542622541158154e-2
0xb2df8a,haskell,16.125106343603914,16.05869590729132,16.15980478579142,6.794175921107279e-2,5.4034827215200046e-2,8.01326197496666e-2
0x33a02c,haskell strict,1.1061860448333694,1.098559603125068,1.1098273760834065,7.306767328329475e-3,1.1851445059923834e-3,9.203218383317086e-3
0xfb9a99,juvix,2.9447923122707302,2.939132712166459,2.9504519123750015,8.456135680979792e-3,2.883607599381076e-3,1.129750461987287e-2
0xe31a1c,juvix wasm,3.62730214785419,3.619053372542036,3.6363567545628257,1.1740095230097503e-2,5.101705835409518e-3,1.572164201571748e-2
0xfdbf6f,c,0.4584302578331669,0.4526217472083924,0.46349056812437084,7.310525342957508e-3,3.7484829754502193e-3,1.0101922774247447e-2
0xff7f00,c wasm,0.7379455352082687,0.7308434727499389,0.7432479062499624,8.525954443800218e-3,5.130748500050686e-3,1.0477032633175877e-2
0xcab2d6,runtime,0.9100221981667195,0.906612778166694,0.9128836886664734,4.389041159692728e-3,3.0754826669484037e-3,5.332241579085115e-3
0x6a3d9a,runtime wasm,1.9984547600206117,1.9885056976874012,2.012636181186849,1.6038106637643712e-2,3.811135666789256e-3,1.9581091964957616e-2
