Color,Name,Mean,MeanLB,MeanUB,Stddev,StddevLB,StddevUB
0xa6cee3,ocaml,0.32473325652346524,0.32455589112338806,0.32482296157346957,1.871079581091235e-4,2.4038228836458588e-5,2.4289447222850476e-4
0x1f78b4,ocaml byte,4.286573463687508,4.044757899500079,4.477879282999993,0.3174927265219431,0.2020394251959581,0.43022715081070717
0xb2df8a,haskell,8.599462499562568,8.587041846500142,8.619017456000051,2.1083858140100414e-2,4.201957624900388e-3,2.560650320649341e-2
0x33a02c,haskell strict,0.6122237312083408,0.6117938217499841,0.6124766014999636,4.979590643790824e-4,4.317251251785963e-4,5.312060300398572e-4
0xfb9a99,juvix,1.318918915958373,1.3158660889166263,1.3232166718333456,4.575700787329051e-3,2.0540007862581127e-3,6.337482394940314e-3
0xe31a1c,juvix wasm,1.4023815021666337,1.4021941678332723,1.4025384987499478,2.298863284648788e-4,1.6114522874410386e-4,2.936711389205134e-4
0xfdbf6f,c,0.3369261458958685,0.3343164016250171,0.33926378983339117,3.8495472807139335e-3,2.2579628334066515e-3,5.398557426392843e-3
0xff7f00,c wasm,0.470700781166651,0.4659016923333942,0.47418386766660586,6.081424503274154e-3,3.8495439017576846e-3,8.043843713438803e-3
0xcab2d6,runtime,0.47749954099997655,0.47650634150004595,0.4786198805000102,1.414514014498074e-3,6.442148238101401e-4,1.8025879993446591e-3
0x6a3d9a,runtime wasm,0.8684302984999874,0.8632701292499689,0.8709168823750133,4.889583373279343e-3,1.1509282501265261e-3,5.966270282269161e-3
