Color,Name,Mean,MeanLB,MeanUB,Stddev,StddevLB,StddevUB
0xa6cee3,ocaml,0.36723806364542116,0.36058766799988007,0.3734471182492598,8.796363556498333e-3,4.727824458162416e-3,1.0912235898372124e-2
0x1f78b4,ocaml byte,4.288253373333494,4.242293835750161,4.313269282500187,4.426086083183837e-2,2.1482465431826647e-2,5.777176756565282e-2
0xb2df8a,haskell,15.101407288708401,14.739381418375046,15.32915594325027,0.38185901460517435,0.21367552377575205,0.5390597174864786
0x33a02c,haskell strict,0.7662659630832422,0.7635880383750191,0.7681182734581853,3.103619921257872e-3,1.6964275570400505e-3,4.277727574384414e-3
0xfb9a99,juvix,2.800411715083328,2.768219968833364,2.8178526636665993,3.1590136653970584e-2,6.5495562582520185e-3,4.084857077560751e-2
0xe31a1c,juvix wasm,3.12554332525004,3.1053724442499515,3.1411399323749265,2.5930936240123808e-2,1.600396348278039e-2,3.46699324511021e-2
0xfdbf6f,c,0.3772092720414169,0.37396473933282925,0.38051400499966803,4.891342613330327e-3,2.7393923123728912e-3,6.867888602573562e-3
0xff7f00,c wasm,0.5857563705830368,0.572581029166334,0.5953607179997107,1.641707748185557e-2,8.37010533329402e-3,2.076218251974848e-2
0xcab2d6,runtime,0.8128327748331307,0.7990663654996979,0.8233711364997589,1.7743146217422213e-2,9.1536769705854e-3,2.4337303780181875e-2
0x6a3d9a,runtime wasm,1.600923065854128,1.5846425092080003,1.6134754381876064,1.9348404583859884e-2,1.5087200666999768e-2,2.306864565364675e-2
