Color,Name,Mean,MeanLB,MeanUB,Stddev,StddevLB,StddevUB
0xa6cee3,ocaml,0.3247012798900914,0.3244987076001962,0.32496980689011706,3.4110926708752937e-4,1.7169541171213444e-4,4.5896501090701036e-4
0x1f78b4,ocaml byte,4.30059245847922,4.158269000312515,4.41838624899998,0.1755725632774793,9.391787754952266e-2,0.24345420863172818
0xb2df8a,haskell,8.782614362562526,8.75860322862502,8.801442458500048,2.8882009100285475e-2,2.0092965499998172e-2,3.443300262292347e-2
0x33a02c,haskell strict,0.6109720774167045,0.6108418850416228,0.6111921146252826,2.2459351175204562e-4,2.695608327485388e-5,2.7998226049549645e-4
0xfb9a99,juvix,1.3257010648750718,1.3197117167501347,1.3303631026250287,7.668949055565771e-3,5.084020986460269e-3,1.0218631822108746e-2
0xe31a1c,juvix wasm,1.4081584737707544,1.4061248923957237,1.412024115187478,3.8237008023779815e-3,3.812121251485223e-4,4.696355017172017e-3
0xfdbf6f,c,0.3433493344792093,0.33748116983345733,0.34743089531252735,7.2813973633731625e-3,4.672164734900247e-3,9.425960983320105e-3
0xff7f00,c wasm,0.4758839485414417,0.4735354197499646,0.4780556402495222,2.9012293460105912e-3,1.567153833245044e-3,3.6141015448644845e-3
0xcab2d6,runtime,0.4783328224998134,0.4772365376245489,0.4791996251248065,1.55026353726099e-3,1.2278783094749773e-3,1.8332782075964232e-3
0x6a3d9a,runtime wasm,0.8644657210624587,0.8578992290625251,0.8681753457499326,6.347938936695858e-3,2.6257140758864047e-3,8.567011247622228e-3
