Color,Name,Mean,MeanLB,MeanUB,Stddev,StddevLB,StddevUB
0xa6cee3,ocaml,0.41174795902122696,0.40128744700086827,0.41924813985440323,1.3168806309282723e-2,8.446151424379591e-3,1.732092569202077e-2
0x1f78b4,ocaml byte,4.9885973257704945,4.884456740666186,5.092737910874803,0.16975895817968306,0.10345505829837914,0.24007396950121104
0xb2df8a,haskell,16.657444333270632,16.39648221293737,16.845268700083125,0.3210007639459965,0.187284600524994,0.4337617949582539
0x33a02c,haskell strict,1.0643454593333292,1.0486651503332116,1.0907389365002018,2.8244219004187533e-2,8.379001132945388e-3,3.6212122488777705e-2
0xfb9a99,juvix,3.2635157646249886,3.22880110875019,3.291166482749759,4.000368634279414e-2,2.4140372105134155e-2,5.602969155142638e-2
0xe31a1c,juvix wasm,3.661894628812547,3.6425528467502772,3.681236410874817,3.0633187772230598e-2,1.2790631313264293e-2,4.21276975137531e-2
0xfdbf6f,c,0.44652385879180656,0.44051569808334534,0.4543077906257622,9.343266354655782e-3,3.11301077310869e-3,1.2585793329954211e-2
0xff7f00,c wasm,0.7268833873544812,0.7247820145000787,0.727835300188076,2.00791416269459e-3,8.071432739099778e-4,2.654564209744043e-3
0xcab2d6,runtime,0.9188261513542102,0.9009769645625738,0.9383709697499398,2.53743681981799e-2,1.3640647386687046e-2,3.363336311804038e-2
0x6a3d9a,runtime wasm,1.888615980562425,1.8748382906253482,1.9019437232502696,1.74933413309572e-2,8.918190374288315e-3,2.1520372749370548e-2
