Color,Name,Mean,MeanLB,MeanUB,Stddev,StddevLB,StddevUB
0xa6cee3,ocaml,0.5069311134790647,0.5056997653127837,0.5076958942287698,1.3477705543712055e-3,4.937918909770737e-4,1.7661854868531246e-3
0x1f78b4,ocaml byte,5.079585450666211,5.0650142802076825,5.094439529000056,2.5024740500141356e-2,7.984050601648016e-3,3.3650676746557445e-2
0xb2df8a,haskell,16.33611400258341,16.264256949708322,16.386348428458444,9.075709534330131e-2,4.3245254000112254e-2,0.11601143720614568
0x33a02c,haskell strict,1.1505143389997177,1.1379369659997942,1.1729082124999195,2.2399571621177485e-2,2.3916111364782333e-3,2.7718081819818115e-2
0xfb9a99,juvix,3.4192340966877737,3.3972957184377037,3.4611960198129736,4.150866018046933e-2,3.7352561246279947e-3,5.0664514353046856e-2
0xe31a1c,juvix wasm,3.5762086690004176,3.5600845146260554,3.5835807082499587,1.5425255957297957e-2,3.370824039549315e-3,2.0303981756760993e-2
0xfdbf6f,c,0.5476485641873978,0.5469658051873694,0.5479725221874787,6.53652674706365e-4,1.0907027068348491e-4,8.286154156209266e-4
0xff7f00,c wasm,0.7417265862918233,0.737677204541645,0.7481232110002338,7.025088206527207e-3,2.0851213327356954e-3,8.597531066535864e-3
0xcab2d6,runtime,1.0815478853126024,1.0789867043749837,1.0858718547501667,4.541313214309824e-3,4.2486937491048593e-4,5.627255827330608e-3
0x6a3d9a,runtime wasm,2.357266999479293,2.3394181581670637,2.365388306041723,1.703180154819905e-2,6.324794898002533e-3,2.246477922539345e-2
