Color,Name,Mean,MeanLB,MeanUB,Stddev,StddevLB,StddevUB
0xa6cee3,ocaml,0.3506685256249587,0.3478162192500349,0.35335868424999717,3.600149563854908e-3,1.8511332498292177e-3,4.449614853304634e-3
0x1f78b4,ocaml byte,4.237073662541832,4.176999963000071,4.333362814625218,0.10262944601041478,1.8581187833433432e-2,0.1242734194739309
0xb2df8a,haskell,14.659244705604086,14.551138383624789,14.846662821312407,0.1994658602652433,2.2166038181977737e-2,0.24958835956829845
0x33a02c,haskell strict,0.9440059356874523,0.9271395877499344,0.9717921954373878,3.008974007210346e-2,9.095755841096596e-3,3.8891780602195836e-2
0xfb9a99,juvix,2.751860943666486,2.748947151999687,2.7541432590000454,3.4960130472422657e-3,2.6090112258602524e-3,4.120102386895705e-3
0xe31a1c,juvix wasm,3.189119921000118,3.098983344750195,3.2396937333749825,0.10492637052053579,9.349988649970942e-2,0.116795216754294
0xfdbf6f,c,0.39999310458341597,0.39152381524979774,0.4047649665001245,8.205727145388319e-3,2.8328510801293406e-3,1.1020143048589575e-2
0xff7f00,c wasm,0.647873056458271,0.6381950878333859,0.6530561563332261,9.414140529391735e-3,1.376462250050281e-3,1.1969856432168247e-2
0xcab2d6,runtime,0.8586558761042511,0.852166764250228,0.8617127382916578,6.2023011432275595e-3,3.004357451533721e-3,7.926441075787861e-3
0x6a3d9a,runtime wasm,1.6912423387499491,1.678267388250049,1.6974193414998997,1.23671492251009e-2,2.5356658017955253e-3,1.5699187853481716e-2
