Color,Name,Mean,MeanLB,MeanUB,Stddev,StddevLB,StddevUB
0xa6cee3,ocaml,0.3175333583665906,0.31608248523334626,0.3185585644665116,1.8446655234101153e-3,1.5647784203077681e-3,2.154391094182705e-3
0x1f78b4,ocaml byte,4.481957103208306,4.211458534125029,4.623208495958257,0.25648135488368357,0.10751860815638012,0.32620611851037357
0xb2df8a,haskell,8.376528707395787,8.316818846583184,8.413125770041706,6.178279240623055e-2,3.24596894463059e-2,8.687039496344365e-2
0x33a02c,haskell strict,0.6037045307917973,0.6006743990001837,0.6059446364167608,3.8359616884600586e-3,2.4453734208369753e-3,5.173302342343399e-3
0xfb9a99,juvix,1.2853304009374351,1.2798614573749205,1.2907993444999497,7.45996474746787e-3,3.4761360297134065e-3,1.0030226119287245e-2
0xe31a1c,juvix wasm,1.373789325145869,1.3671244581667374,1.3816816662500173,9.812571768291443e-3,4.267276718772868e-3,1.3252315058925325e-2
0xfdbf6f,c,0.33171321103663864,0.3285164474499879,0.335934963919899,5.407152655738936e-3,4.469671398070666e-3,6.408008583664266e-3
0xff7f00,c wasm,0.4636446439583703,0.455466737416676,0.46933414708341087,1.014793881125678e-2,6.520627371354877e-3,1.3139344643189568e-2
0xcab2d6,runtime,0.46649668810419104,0.46393717362497,0.4685419340209004,3.4581408950449897e-3,1.872380004445813e-3,4.723293122284532e-3
0x6a3d9a,runtime wasm,0.8323720493958527,0.8136118246666986,0.8446189130833469,2.189561383084508e-2,1.899356383334333e-2,2.4837962496225753e-2
