Color,Name,Mean,MeanLB,MeanUB,Stddev,StddevLB,StddevUB
0xa6cee3,ocaml,0.32574608039335545,0.3247264871599782,0.32759261936007533,2.0195167919685965e-3,3.994049263459415e-4,2.645795262421343e-3
0x1f78b4,ocaml byte,4.61006951695839,4.482843256666683,4.713499309333429,0.16421987838541258,9.724946665948297e-2,0.21966847450672963
0xb2df8a,haskell,8.846601716187402,8.831928362812542,8.853757941749828,1.385480076050675e-2,4.057030999926603e-3,1.7360063064167316e-2
0x33a02c,haskell strict,0.6195975357291937,0.615823215187504,0.6214847129999725,3.7715592342470157e-3,8.292666886233757e-6,4.358215221178354e-3
0xfb9a99,juvix,1.3273933711457175,1.324694988249803,1.3285988326665574,2.6312333472681914e-3,9.149899509134083e-4,3.5733191581226787e-3
0xe31a1c,juvix wasm,1.5895090113542476,1.5825573688749728,1.594470936104339,8.74877668566151e-3,5.341655296607134e-3,1.145907436065571e-2
0xfdbf6f,c,0.3494990245624763,0.3465003154999522,0.3508935186249573,2.8480579002284545e-3,1.0398791712021268e-3,3.7047758484515412e-3
0xff7f00,c wasm,0.46903959568743403,0.46326597581258966,0.4729344893123084,6.45489354044395e-3,3.4294900615513815e-3,8.994871531144734e-3
0xcab2d6,runtime,0.4770181252498749,0.47509555874984244,0.4783526509998713,2.3696453386216226e-3,1.182586556114942e-3,3.081955204003574e-3
0x6a3d9a,runtime wasm,0.8618655686666253,0.8544226440000102,0.8662152770415711,8.780905966403883e-3,7.528308316887756e-3,1.004522120468519e-2
