Color,Name,Mean,MeanLB,MeanUB,Stddev,StddevLB,StddevUB
0xa6cee3,ocaml,0.32460045062668696,0.32449742440001045,0.32471121396006764,1.6342727531793903e-4,1.0795313379192647e-4,2.3233751884271382e-4
0x1f78b4,ocaml byte,4.622059272312488,4.459670857124971,4.729635751250005,0.1971889976882154,0.13470150746839485,0.24843723629219042
0xb2df8a,haskell,8.66014645747912,8.642052129624915,8.670735336416632,2.120299531356291e-2,1.8607179208383506e-2,2.4453968419954446e-2
0x33a02c,haskell strict,0.6115493795624142,0.6099906653747666,0.6123014438124887,1.4723039122135021e-3,4.7487175000543447e-4,1.8628782343981646e-3
0xfb9a99,juvix,1.3308486567082884,1.3260772884999596,1.33593371624994,6.735295958038966e-3,2.994006484924478e-3,9.162481991922853e-3
0xe31a1c,juvix wasm,1.4089280437915856,1.405925107874964,1.4108754041249085,3.6318383470362306e-3,1.638329249999515e-3,4.414974505834946e-3
0xfdbf6f,c,0.342042151625094,0.338037489750036,0.3447563040000432,4.8481310333966824e-3,3.315486000019519e-3,5.844021697147795e-3
0xff7f00,c wasm,0.472252965354168,0.46904217354169003,0.47778708018751104,5.90385079153977e-3,5.782563241120203e-4,7.066361280508566e-3
0xcab2d6,runtime,0.4774585772707572,0.4749637931872144,0.47880298485419337,2.3930145657270994e-3,1.13372288601109e-3,3.1047763207898435e-3
0x6a3d9a,runtime wasm,0.8599091196875955,0.8408902439377073,0.869355970937543,1.8449122428548955e-2,1.878376625029432e-3,2.196205732544855e-2
