Color,Name,Mean,MeanLB,MeanUB,Stddev,StddevLB,StddevUB
0xa6cee3,ocaml,0.4334596471669556,0.41852533175051576,0.44451317650009514,1.8664578043969954e-2,1.1821530731988156e-2,2.552703254393411e-2
0x1f78b4,ocaml byte,5.23887413439608,5.208661327167041,5.261038935208414,3.8522754495765275e-2,2.545204694378312e-2,5.118741486214154e-2
0xb2df8a,haskell,17.191556568708695,17.104847448666682,17.25857145983385,0.1177507018452865,5.1118031956889395e-2,0.15476426172328556
0x33a02c,haskell strict,1.1408632813539346,1.122649278583291,1.1553361001659443,2.265155517907572e-2,1.380358814975326e-2,2.917035176583995e-2
0xfb9a99,juvix,3.2356574329376144,3.2092566037499637,3.2615724176253025,3.355738264147204e-2,1.749490362499273e-2,4.076872871860572e-2
0xe31a1c,juvix wasm,3.843059897250479,3.8210454125004008,3.8606543205002026,2.6756813547810347e-2,1.686316808902136e-2,3.2794831278449815e-2
0xfdbf6f,c,0.46284921900000126,0.4599508245003866,0.46448587599983665,3.3599064490764914e-3,2.9542184052898657e-3,3.6344915357413425e-3
0xff7f00,c wasm,0.7618551911876921,0.7490529043126344,0.7676721045002068,1.222146459345694e-2,3.79685802022141e-3,1.6132029226896997e-2
0xcab2d6,runtime,0.933329255020908,0.9285924967916799,0.9384131708129644,6.678432969058332e-3,2.925444667255075e-3,9.059577630050683e-3
0x6a3d9a,runtime wasm,1.9605082046248299,1.9365950792498552,1.9753177308746217,2.5216062081495662e-2,9.496692783834394e-3,3.420113586755254e-2
