Color,Name,Mean,MeanLB,MeanUB,Stddev,StddevLB,StddevUB
0xa6cee3,ocaml,0.3251116177933121,0.32485665036667044,0.3254742128999169,4.62626536703967e-4,2.0339125868512034e-4,6.273869467716686e-4
0x1f78b4,ocaml byte,4.493958029479188,4.40360713362503,4.5349008092500185,8.845693829131811e-2,1.693067262499426e-2,0.11410315648344567
0xb2df8a,haskell,8.786371259875125,8.763611434125039,8.822749939250116,3.9403016574268486e-2,1.06022922500415e-2,4.960566666097256e-2
0x33a02c,haskell strict,0.6255380589166558,0.6213831077500345,0.6288530023750809,4.984633263190021e-3,3.33001623469346e-3,5.764249210380251e-3
0xfb9a99,juvix,1.2982786438542462,1.296770912937518,1.2999076157084346,2.497444397413093e-3,1.2498290862633403e-3,3.48195540255414e-3
0xe31a1c,juvix wasm,1.63428449564564,1.6308928353748797,1.6358774881873615,3.340315272939024e-3,4.3982970843592373e-4,4.170287741209345e-3
0xfdbf6f,c,0.3434851212499552,0.33459591474991157,0.3483270609999636,8.65884357521106e-3,3.856971496246789e-3,1.1771380441604166e-2
0xff7f00,c wasm,0.46554461310425194,0.45944152433351826,0.47155925306248037,7.104540918366814e-3,6.280505339248778e-3,7.777881826949142e-3
0xcab2d6,runtime,0.4784267222500868,0.47788509350004915,0.47925477500012903,9.514516813671138e-4,2.734311202496237e-4,1.2445893564092148e-3
0x6a3d9a,runtime wasm,0.8673582378540535,0.8656470800624447,0.8681470758124306,1.6279632841306286e-3,5.780456861719523e-4,2.1300064159809713e-3
