Color,Name,Mean,MeanLB,MeanUB,Stddev,StddevLB,StddevUB
0xa6cee3,ocaml,0.3265381094532616,0.32506239079993976,0.3294183400998918,3.02445535012633e-3,8.927608105967432e-4,4.125437183187283e-3
0x1f78b4,ocaml byte,3.8080291696460145,3.79606696837493,3.814457791812913,1.1499329103516137e-2,5.650902468978459e-3,1.4846266954308825e-2
0xb2df8a,haskell,12.476973383729216,12.43320890114586,12.54447679941677,8.147389670022714e-2,3.418479387494244e-2,9.940514054031685e-2
0x33a02c,haskell strict,0.6688195104373259,0.6616601078746953,0.6730735469374167,8.299852213082395e-3,7.366680629943166e-3,8.797109289851024e-3
0xfb9a99,juvix,2.543766627895669,2.5352173544789975,2.5608385381873404,1.6941604078358916e-2,3.772921249947103e-4,1.9712991994032265e-2
0xe31a1c,juvix wasm,2.8654582829375195,2.841879570750052,2.8970436884999344,3.7601950719205274e-2,1.275279412504915e-2,4.598007163426207e-2
0xfdbf6f,c,0.3462886862291536,0.3432930301248689,0.347885474937641,2.940939067978595e-3,1.3721275171308324e-3,4.024831173030021e-3
0xff7f00,c wasm,0.5474846379790961,0.5376398530416964,0.5532771061040194,9.714120338160985e-3,4.024248054940584e-3,1.3377132124787151e-2
0xcab2d6,runtime,0.7333510259165905,0.7308673706664877,0.7345305979166596,2.357639623171217e-3,9.98689528397657e-4,3.011651261810618e-3
0x6a3d9a,runtime wasm,1.470504641375025,1.4597411372500726,1.4756798320000069,1.0337768112157038e-2,8.262457499768061e-4,1.2446919943908086e-2
