Color,Name,Mean,MeanLB,MeanUB,Stddev,StddevLB,StddevUB
0xa6cee3,ocaml,0.3247238783232948,0.3243524390099401,0.32501879696659064,5.21738292690586e-4,3.642905506014632e-4,6.945054931271555e-4
0x1f78b4,ocaml byte,4.445300533874966,4.169166031249944,4.582120611250001,0.26060057157886196,0.10041577425005244,0.3217328836803134
0xb2df8a,haskell,8.851654610916645,8.786125517833323,8.945975954916682,9.89671878494113e-2,2.143048778040603e-2,0.1301964197670108
0x33a02c,haskell strict,0.6123250159584283,0.6109562139167413,0.6144690683751151,2.3843832801380923e-3,9.757804737475398e-4,3.161112908941107e-3
0xfb9a99,juvix,1.3431650955624168,1.3263906108750043,1.3634247031872349,2.45801892227927e-2,6.415313108318058e-3,3.2785732959758285e-2
0xe31a1c,juvix wasm,1.4077171385625225,1.4038471842500635,1.4115870928749814,4.934780414732191e-3,2.5630421250184554e-3,5.992414861433932e-3
0xfdbf6f,c,0.34191474135424,0.33527949156260206,0.34652377677087054,7.801250122540932e-3,4.225932436720062e-3,1.064411135398463e-2
0xff7f00,c wasm,0.4682694622916775,0.46211973866669115,0.47290984304168165,7.926297531884292e-3,4.778572748965095e-3,1.0716500300629058e-2
0xcab2d6,runtime,0.47735374122917545,0.47402078187496954,0.4792482667500053,3.858155012370146e-3,3.4628639583237086e-3,4.075217445125444e-3
0x6a3d9a,runtime wasm,0.8616125669376421,0.8399755669375301,0.8725851873751935,2.122263838992676e-2,1.1233397501655418e-3,2.563281605619072e-2
