Color,Name,Mean,MeanLB,MeanUB,Stddev,StddevLB,StddevUB
0xa6cee3,ocaml,0.4228260901249996,0.4222719627500737,0.42316732374990806,6.584084059760907e-4,5.474501701390129e-4,7.880453007897923e-4
0x1f78b4,ocaml byte,4.291212062916467,4.240651518749587,4.388095951125024,9.648796473066273e-2,6.224971250503586e-3,0.11328466408953487
0xb2df8a,haskell,15.013292101833335,14.83938422366661,15.144595728500008,0.21832777180784996,0.14846288554228232,0.28606444789886204
0x33a02c,haskell strict,0.7621177865207377,0.762077101583221,0.7621450367707515,4.6235059784474646e-5,2.2591307831789838e-5,6.29317567238581e-5
0xfb9a99,juvix,2.9459926653958632,2.941569547249969,2.9519323785834786,6.530506683136022e-3,6.628693154993835e-5,7.988496611958969e-3
0xe31a1c,juvix wasm,3.028164197437358,3.0163141984372146,3.0346143058750004,1.1633470610793829e-2,2.4432880000706536e-3,1.5093833209807733e-2
0xfdbf6f,c,0.4586889256250591,0.4574714009999828,0.4610462951251293,2.3676525348691343e-3,2.9875278388439425e-5,2.7670204039185343e-3
0xff7f00,c wasm,0.6156793866666325,0.6130435294999188,0.6205261433749456,4.907924561788655e-3,8.026140612590014e-5,5.800527198938153e-3
0xcab2d6,runtime,0.9004709320205961,0.8998419532916841,0.9010112068326634,7.832923902689379e-4,4.007871249314121e-4,9.89775044873767e-4
0x6a3d9a,runtime wasm,1.9533949439998917,1.9499269875000969,1.955782788999386,4.110847043672329e-3,3.271239681820326e-3,4.835023870618542e-3
