Color,Name,Mean,MeanLB,MeanUB,Stddev,StddevLB,StddevUB
0xa6cee3,ocaml,0.3269323256400442,0.32456792564014,0.32930029344004497,3.2712997756972682e-3,2.716144355138535e-3,3.7024177154005985e-3
0x1f78b4,ocaml byte,4.706490815875118,4.621774790875027,4.800588350500182,0.11624920901522057,5.273161971241322e-2,0.14511626847308312
0xb2df8a,haskell,8.820254087020848,8.793917997437575,8.834527538354148,2.512595543666843e-2,5.242861624992656e-3,3.296312387818373e-2
0x33a02c,haskell strict,0.6122655331666825,0.6080102298333638,0.617234226166706,6.9323967989325325e-3,3.4691372374712278e-3,9.724968378452915e-3
0xfb9a99,juvix,1.3686460136457772,1.3557277536874892,1.3804380115624042,1.728406634833219e-2,9.236212394552893e-3,2.3375821063051905e-2
0xe31a1c,juvix wasm,1.5855154036250194,1.5815127435000704,1.5880629867499845,4.914563443537055e-3,2.910153999967746e-3,5.883391211926098e-3
0xfdbf6f,c,0.3369127103750505,0.3332570847500165,0.34044051037511736,4.583285771219547e-3,2.421586250003799e-3,5.646098808068395e-3
0xff7f00,c wasm,0.47104071316667273,0.4638842620833543,0.47556628729165595,8.611463994414972e-3,6.254611499969087e-3,1.0451365757186675e-2
0xcab2d6,runtime,0.47970828377092783,0.47554678824985785,0.48512107012527395,6.55701214044088e-3,2.3700305416317347e-3,8.363083482500871e-3
0x6a3d9a,runtime wasm,0.865282837666598,0.8479457172498996,0.8826199580832963,2.299794267616832e-2,1.0471345829266027e-2,2.9567018728948916e-2
