Color,Name,Mean,MeanLB,MeanUB,Stddev,StddevLB,StddevUB
0xa6cee3,ocaml,0.5027225605415803,0.5004985622499589,0.5058599053749049,3.497736003520657e-3,1.3474657342703302e-3,4.545930638365787e-3
0x1f78b4,ocaml byte,5.065835599374982,5.048114876,5.0751549901251,2.0498715811369306e-2,1.808176264660501e-2,2.1390914942113665e-2
0xb2df8a,haskell,17.0853740411668,16.652758815083303,17.921246044125496,0.8321606268613748,4.5033428416672905e-2,0.9990820689393553
0x33a02c,haskell strict,1.1915946049581407,1.1892358613331453,1.1944395654581967,3.28487193124167e-3,1.2731608333069744e-3,4.020188206954635e-3
0xfb9a99,juvix,3.3594445657290257,3.349359009249838,3.3726800859375317,1.4398505495084186e-2,5.757155373865881e-3,1.9352928680751214e-2
0xe31a1c,juvix wasm,3.487814256041929,3.4653091327504626,3.5107806167504805,2.9488615036092188e-2,1.3940973892826159e-2,3.758803420427954e-2
0xfdbf6f,c,0.5468254814793075,0.5453996077084564,0.5477635406667408,1.7769227653825432e-3,9.398257308995025e-4,2.1663548975216283e-3
0xff7f00,c wasm,0.7300051520001792,0.7258755580002496,0.7333686541251154,5.6256200105476535e-3,3.419257129471582e-3,7.753320769230102e-3
0xcab2d6,runtime,1.0731938823333091,1.0666554263744956,1.076637250083574,6.387016216248957e-3,3.4025946673258427e-3,7.952117190136963e-3
0x6a3d9a,runtime wasm,2.3159512909374675,2.3099827985001866,2.3208557829999945,7.609833092453449e-3,3.281703818895615e-3,1.0501939042385682e-2
