Color,Name,Mean,MeanLB,MeanUB,Stddev,StddevLB,StddevUB
0xa6cee3,ocaml,0.32614931069003583,0.3244573287000397,0.32935671622002705,3.5581006924840603e-3,4.757880872721721e-4,4.5532471924933406e-3
0x1f78b4,ocaml byte,4.512851634333363,4.333195529166725,4.608992091833348,0.20755351203119105,0.18185358183123648,0.21286318472233254
0xb2df8a,haskell,8.672580449770777,8.663262789187428,8.678519922583291,9.839401369930582e-3,4.591467186105388e-3,1.3716624908598075e-2
0x33a02c,haskell strict,0.6135954800415959,0.6132583504166575,0.6141469409164984,5.815095362986357e-4,2.0155849822607304e-4,7.785675188398629e-4
0xfb9a99,juvix,1.3152705602083283,1.312236497374954,1.3175156783750026,3.7482291498268966e-3,2.3175766451749356e-3,5.184878311567777e-3
0xe31a1c,juvix wasm,1.4091176795833178,1.4080482241249683,1.4096495519999905,1.0126934202884716e-3,2.569252499142749e-4,1.2414948552953418e-3
0xfdbf6f,c,0.3644661219792435,0.3437124699167195,0.4029830389376343,3.963193679886786e-2,2.6139215413400266e-3,4.792850641986425e-2
0xff7f00,c wasm,0.4768896889583516,0.4736029251666878,0.4801764527500154,4.435466957286224e-3,2.583400833571954e-3,6.069942129125534e-3
0xcab2d6,runtime,0.4799421711041987,0.4793134683750395,0.4803054622708487,7.392146826517296e-4,6.290995439424376e-4,8.389850114383972e-4
0x6a3d9a,runtime wasm,0.8577203759166233,0.8345750163749699,0.8694675530832872,2.2569661562694007e-2,1.631995999900937e-3,2.712894359756645e-2
