Color,Name,Mean,MeanLB,MeanUB,Stddev,StddevLB,StddevUB
0xa6cee3,ocaml,0.40498214216700035,0.4037752478334369,0.40585771175051377,1.5161387620336144e-3,9.719392538519477e-4,1.9548094772060057e-3
0x1f78b4,ocaml byte,4.426932555020699,4.42494304552099,4.427862948957909,1.9055017806030017e-3,9.145890499292037e-4,2.445922620444422e-3
0xb2df8a,haskell,13.559804764500049,13.45924019975011,13.660124946500105,0.1382365618252264,6.666919435576119e-2,0.1878489213933015
0x33a02c,haskell strict,0.9088343364165515,0.9063977438333193,0.9105350784996062,3.0606751445788247e-3,1.685787681383664e-3,3.725745980202306e-3
0xfb9a99,juvix,2.4002323068961005,2.397996805374987,2.4033572096259377,3.8130515856668974e-3,1.0362285036189765e-3,5.069498806296964e-3
0xe31a1c,juvix wasm,2.739471405020595,2.735691306520721,2.7460474778124535,6.728945587866537e-3,1.0035925284834013e-3,8.464211097465474e-3
0xfdbf6f,c,0.40312912249995253,0.40227724324995506,0.40371437887491385,9.859974162173654e-4,5.230895746133299e-4,1.3515917025154465e-3
0xff7f00,c wasm,0.5882696148545014,0.5878878888127019,0.5884546779379889,3.622860630187089e-4,7.865387533456669e-5,4.5417364768379537e-4
0xcab2d6,runtime,0.7902378113751638,0.7895740367498547,0.7907630147506097,8.594946074034117e-4,5.21342325072049e-4,1.1542877335993797e-3
0x6a3d9a,runtime wasm,1.7524056351872634,1.7511046112493507,1.7531439448124122,1.271891305569245e-3,6.427555108660942e-4,1.70505304329971e-3
