Color,Name,Mean,MeanLB,MeanUB,Stddev,StddevLB,StddevUB
0xa6cee3,ocaml,0.3251874751666886,0.32495234286667557,0.32535155930004295,3.108577463983338e-4,1.7939182814906432e-4,4.493151626499939e-4
0x1f78b4,ocaml byte,4.363064955312505,3.925549181562559,4.605579615124972,0.4400008712379245,0.20742660092240686,0.613399202469739
0xb2df8a,haskell,8.699054982812555,8.670597081124981,8.721636134625157,3.7040843675858165e-2,2.244728067939471e-2,4.991841412639114e-2
0x33a02c,haskell strict,0.6133420572915327,0.6131102202496663,0.6134581146666278,2.3703996460826713e-4,1.9923265693131792e-4,2.680230270104457e-4
0xfb9a99,juvix,1.3352864310832615,1.3341540095832443,1.3373592273333088,2.102234269495346e-3,2.420158026986436e-4,2.6152154314843033e-3
0xe31a1c,juvix wasm,1.4113476985416848,1.409062139749949,1.4127600599166878,2.711756474328798e-3,2.25834450009188e-3,3.261708880204052e-3
0xfdbf6f,c,0.3487667853124871,0.34549210393745966,0.35101555250003,3.6680282573549584e-3,2.0715892767206446e-3,5.179635441955423e-3
0xff7f00,c wasm,0.4732724724583761,0.4646522623749263,0.4847008226249727,1.3356212502117288e-2,3.0718889998411214e-3,1.743870023986907e-2
0xcab2d6,runtime,0.4784649738542157,0.4778003905832975,0.47932859256252414,1.0161026382950811e-3,3.1723331629803506e-4,1.3503730605231431e-3
0x6a3d9a,runtime wasm,0.8545626421250271,0.8457444059999564,0.8633808782500978,1.2936226490988032e-2,5.076144404224173e-3,1.7543630283532997e-2
