Color,Name,Mean,MeanLB,MeanUB,Stddev,StddevLB,StddevUB
0xa6cee3,ocaml,0.4177089298542948,0.4167268120625067,0.4183827460626617,1.1337521999744012e-3,6.166031668423388e-4,1.5561118771398204e-3
0x1f78b4,ocaml byte,4.2712374851248756,4.2381647403746,4.295470820249818,3.9202641274540276e-2,3.3025965517427675e-2,4.429370845501057e-2
0xb2df8a,haskell,14.035648454229127,14.00803836562477,14.054205033416716,3.1207939271183482e-2,1.5650004355229643e-2,4.285458395677199e-2
0x33a02c,haskell strict,0.9920393522293504,0.9887479499582998,0.9941218320628877,3.968528699260545e-3,2.791886778910355e-3,4.809281169899021e-3
0xfb9a99,juvix,2.811924988104162,2.8083238766665013,2.816522970229054,5.304510409030166e-3,1.7361605002861324e-3,6.667027337089808e-3
0xe31a1c,juvix wasm,3.0103304840208884,3.003315538625202,3.013977239624978,6.820432975233015e-3,1.9905288751134046e-3,9.093091080754819e-3
0xfdbf6f,c,0.42570531364600583,0.4252941731252804,0.426048528750016,4.907722766828501e-4,3.6062297968430753e-4,5.930007914930442e-4
0xff7f00,c wasm,0.5705320052708771,0.5702542508751094,0.5707076300000153,3.2894363369106663e-4,2.7254366659690277e-4,3.9355427501948923e-4
0xcab2d6,runtime,0.8385003275831195,0.8382021963744819,0.838913274749757,4.8649903239372365e-4,1.6942863250144516e-4,6.250245830661128e-4
0x6a3d9a,runtime wasm,1.4296682238127687,1.4243979840625798,1.4332089706879287,5.827340563328423e-3,3.1902896027999196e-3,7.081493750320079e-3
