Color,Name,Mean,MeanLB,MeanUB,Stddev,StddevLB,StddevUB
0xa6cee3,ocaml,0.41779341345818466,0.41711944291648706,0.4188047599583342,1.1716453310005445e-3,3.1905049443135933e-4,1.5564682946999477e-3
0x1f78b4,ocaml byte,4.261080093083289,4.227350693249946,4.285201683999958,3.9771632970672634e-2,3.365785071871997e-2,4.493931297719638e-2
0xb2df8a,haskell,14.053790618312632,14.030231390562449,14.066176261125293,2.2701853235056444e-2,1.1923400926741027e-2,2.8603416847903407e-2
0x33a02c,haskell strict,0.9976137151874885,0.9954746405001819,0.998923067937388,2.188074370573496e-3,9.592616249847197e-4,3.023820650474652e-3
0xfb9a99,juvix,2.8087566981250043,2.808036076500078,2.809634123250021,1.1901839441441125e-3,5.631140377757107e-4,1.6635072063303556e-3
0xe31a1c,juvix wasm,3.123837205416654,3.1216270583333126,3.12563860774992,2.7385254208954508e-3,1.6176911908955182e-3,3.4864248631678693e-3
0xfdbf6f,c,0.42553984995826494,0.4250590727499457,0.4260206271665842,6.847114284801486e-4,2.7877786231856336e-4,9.221420217104072e-4
0xff7f00,c wasm,0.6118825478334505,0.6100212655836307,0.6153262899999845,3.5454145469131296e-3,4.655424165018185e-4,4.245345979304034e-3
0xcab2d6,runtime,0.8388250726875034,0.8385229030000119,0.8390521990624696,3.702548543228116e-4,2.317796500568246e-4,4.483996639738985e-4
0x6a3d9a,runtime wasm,1.8919168850832004,1.8898553251246994,1.893556171874934,2.957635194894996e-3,2.0355450802685172e-3,3.719822654876788e-3
