Color,Name,Mean,MeanLB,MeanUB,Stddev,StddevLB,StddevUB
0xa6cee3,ocaml,0.3248393370099393,0.32472254049994265,0.3249340870099104,1.6261927568256092e-4,1.0453633538042854e-4,2.3721466871402865e-4
0x1f78b4,ocaml byte,4.566305590562384,4.4058386541873915,4.657875836999873,0.15927350723188274,9.002611214573748e-2,0.21147242572177913
0xb2df8a,haskell,8.694608132354213,8.660452233812464,8.720045938000112,4.179747786628927e-2,1.8444613482314933e-2,5.805344497455555e-2
0x33a02c,haskell strict,0.6126132470832886,0.6125157628333682,0.6126804745832146,1.1089289570444194e-4,6.391648901135553e-5,1.5525526071699753e-4
0xfb9a99,juvix,1.336797137687493,1.3343595356875824,1.3384244931874132,2.6898079291165847e-3,1.4107655198303812e-3,3.758216543784613e-3
0xe31a1c,juvix wasm,1.4047608376875285,1.4033194280001833,1.4054530024374496,1.3717177950377413e-3,3.023023329957941e-4,1.7303070652428649e-3
0xfdbf6f,c,0.34176932124998416,0.3365792252499773,0.3466923451250068,6.980834982042524e-3,3.5559622009541914e-3,9.440620002977289e-3
0xff7f00,c wasm,0.4705414792917111,0.46561449975007463,0.47424826587504754,5.960738717809495e-3,3.887967144916578e-3,7.364250773915272e-3
0xcab2d6,runtime,0.47861879052085027,0.4779539616666474,0.47899774927089805,7.752153306837134e-4,6.723258749730121e-4,8.751677454074144e-4
0x6a3d9a,runtime wasm,0.8680509829999513,0.8523043814999482,0.8791527948749452,1.8327417931368214e-2,1.116282723827407e-2,2.5638536298081313e-2
