Color,Name,Mean,MeanLB,MeanUB,Stddev,StddevLB,StddevUB
0xa6cee3,ocaml,0.3262502854468736,0.3256599247003578,0.3266787338335537,7.641742455096663e-4,5.670095746676148e-4,9.701630735564989e-4
0x1f78b4,ocaml byte,4.63164588235414,4.468961313166649,4.709773980604116,0.1550642664774655,7.3321918297621e-2,0.1952748050299938
0xb2df8a,haskell,10.150562885270745,10.062644410062546,10.199249287562395,8.457722215051598e-2,3.733038479941751e-2,0.1124364298758357
0x33a02c,haskell strict,0.6120519019582199,0.6068263481667675,0.6171543648750344,6.987012250474993e-3,3.4173132975101033e-3,9.337584341822728e-3
0xfb9a99,juvix,1.8839109099998648,1.8825181894999332,1.8847774012497591,1.6683451674601325e-3,1.2152743966576064e-3,2.001075825507838e-3
0xe31a1c,juvix wasm,1.4521250377083372,1.4435702801249022,1.4564602899999954,8.478859574460292e-3,3.6971933347251795e-4,1.0091640744001337e-2
0xfdbf6f,c,0.3383478205207666,0.3327083362498797,0.34206929125002716,6.7011859388315e-3,5.40901944955884e-3,7.774735172084316e-3
0xff7f00,c wasm,0.48285882537500885,0.4806165486249938,0.4865105817503566,3.8418658810795265e-3,7.563369998327685e-4,5.001739246218585e-3
0xcab2d6,runtime,0.47937409695824346,0.47777230141665916,0.4807063353749754,2.161938021711702e-3,1.3643488912784812e-3,2.967630324420127e-3
0x6a3d9a,runtime wasm,0.8724402117084082,0.8684741496251718,0.8743733523333503,3.821570180961557e-3,4.502689998844289e-4,4.6948310047504795e-3
