Color,Name,Mean,MeanLB,MeanUB,Stddev,StddevLB,StddevUB
0xa6cee3,ocaml,0.3254179716599325,0.32504602905999186,0.3261526197998137,8.025695830417554e-4,5.747909864630232e-5,1.013871921844028e-3
0x1f78b4,ocaml byte,4.381384060333299,4.119713459249908,4.523083901916655,0.24979712582557595,5.644416928925902e-2,0.32724176672911093
0xb2df8a,haskell,8.691991177687527,8.68657513800008,8.695914728749983,6.6880341055579684e-3,3.9717156624297315e-3,9.061053048353904e-3
0x33a02c,haskell strict,0.6148146618959345,0.6139578782500621,0.6157410995626265,1.1482756024271438e-3,5.247530833685232e-4,1.3954615110225465e-3
0xfb9a99,juvix,1.3649930776040833,1.3411978523124048,1.4016169750624385,3.957201567622347e-2,1.3969748772031491e-2,5.211671800018882e-2
0xe31a1c,juvix wasm,1.4097026941249549,1.4078843518749409,1.4109583391249316,2.072006477021166e-3,1.2994936351246062e-3,2.8997879149729074e-3
0xfdbf6f,c,0.3406185871458547,0.332592006124969,0.3449285686458552,9.197048683049684e-3,7.981705483385226e-3,9.550433708109186e-3
0xff7f00,c wasm,0.47347580254163785,0.4693376666665851,0.4755564342083479,4.6992964478899495e-3,2.212598886923897e-3,6.3427374371109475e-3
0xcab2d6,runtime,0.4786279696250138,0.4772844828749877,0.48057670024998816,2.3152670218272416e-3,6.809606825714204e-4,3.102649747121029e-3
0x6a3d9a,runtime wasm,0.8706130788125203,0.8701871961250541,0.8713899823124507,8.063356638502639e-4,6.663661351568521e-5,9.835339370070813e-4
