Color,Name,Mean,MeanLB,MeanUB,Stddev,StddevLB,StddevUB
0xa6cee3,ocaml,2.0760563142916695,2.072337882416676,2.0786148192916656,4.218295769644438e-3,2.4239394959690544e-3,5.908614201883014e-3
0x1f78b4,ocaml byte,4.965943276708335,4.941246777083333,4.979112286958338,2.413426932762849e-2,1.2365187117918222e-2,3.041252645120082e-2
0xb2df8a,haskell,4.4626740457083445,4.389393985750026,4.498983024583336,6.922214884231334e-2,1.52905955285422e-3,8.462343210690045e-2
0x33a02c,haskell strict,4.509619499229177,4.4591257949166545,4.53468883043751,4.901539349506009e-2,1.6881877785701403e-2,6.615796863425269e-2
0xfb9a99,juvix,1.4897457565833083,1.4886471906666352,1.4903667098333149,1.279359192054918e-3,1.1118460000147934e-3,1.43403010418182e-3
0xe31a1c,juvix wasm,0.6826738902708271,0.680063161999982,0.684743163645841,3.147213049532601e-3,2.1843028749941595e-3,3.7726522251881867e-3
0xfdbf6f,c,8.760560192686993e-2,8.740131831476297e-2,8.816576439084524e-2,6.216853974566331e-4,1.600544582967716e-4,9.641776924506815e-4
0xff7f00,c wasm,0.15558167878638693,0.15502478324898217,0.1563501872244725,1.1334285923737424e-3,6.811108354977397e-4,1.5734271801776895e-3
0xcab2d6,runtime,0.6992566045624878,0.6952909833749885,0.7012270181249676,3.840689538967777e-3,5.343683749856609e-4,4.8876226453580945e-3
0x6a3d9a,runtime wasm,0.392622166666681,0.39166812100001636,0.39312635533333895,9.038495430246866e-4,3.063836220821702e-4,1.1643738496693763e-3
