Color,Name,Mean,MeanLB,MeanUB,Stddev,StddevLB,StddevUB
0xa6cee3,ocaml,3.598300722895845,3.57741430366669,3.6112565437083313,2.4844030568294335e-2,1.8868058090209347e-2,2.9920186534645975e-2
0x1f78b4,ocaml byte,5.6460738185833295,5.621035739166674,5.68886014037497,4.280654844563348e-2,1.4579674083341043e-2,5.782296756478933e-2
0xb2df8a,haskell,7.129177711458368,7.0744477826666525,7.172712758083435,6.896921917900613e-2,3.6985654839515214e-2,8.797296495822675e-2
0x33a02c,haskell strict,7.260682936999984,7.141846527749948,7.315666686250012,0.11302698679327132,4.35154865896898e-2,0.14746140175791564
0xfb9a99,juvix,3.713027847124996,3.6873833897500012,3.729540420749989,2.7693716737819535e-2,1.2381879446291977e-2,3.813415530961373e-2
0xe31a1c,juvix wasm,1.8413771056249761,1.82556681537496,1.848480556749981,1.513753473781803e-2,6.268782787457626e-3,2.0107583650464292e-2
0xfdbf6f,c,0.14544287457008204,0.14451170878776082,0.1463079651809732,1.58798768788357e-3,1.2174023172421154e-3,2.1902381597246547e-3
0xff7f00,c wasm,0.22209577343887255,0.22109014138885008,0.2232123870999961,1.7220057136661826e-3,1.0141725567983397e-3,2.575676840368301e-3
0xcab2d6,runtime,1.565645456604192,1.5535231240000371,1.57419682150001,1.4476958535314496e-2,1.0573375479483739e-2,1.748403253199912e-2
0x6a3d9a,runtime wasm,0.8325370438332934,0.8269837736665597,0.8380903140000271,8.814415751360214e-3,1.9496745238247017e-3,1.1551027494561023e-2
