Color,Name,Mean,MeanLB,MeanUB,Stddev,StddevLB,StddevUB
0xa6cee3,ocaml,2.074559519708316,2.0712620242499895,2.0767851597499742,3.6534303603200473e-3,2.066640904717168e-3,5.1398955086819145e-3
0x1f78b4,ocaml byte,4.9755240685000075,4.920526530000018,5.00677946399999,6.435575651231414e-2,5.543534035987732e-2,7.218124402217314e-2
0xb2df8a,haskell,4.691341883437507,4.6332141896250025,4.731359392937506,7.17595695251479e-2,4.947662762728737e-2,9.241647952849143e-2
0x33a02c,haskell strict,4.748510950729155,4.707275791187499,4.774773027437476,4.368295107116394e-2,2.1425649798491757e-2,6.064966822810998e-2
0xfb9a99,juvix,1.4904631120833518,1.4854269134999925,1.4963517971250155,7.369549966221099e-3,2.844440162552144e-3,9.96043577820004e-3
0xe31a1c,juvix wasm,0.6582144089166775,0.6557758763750599,0.6594391187916528,2.36919713160153e-3,8.708017524265226e-4,3.2120002728874644e-3
0xfdbf6f,c,8.844116347683757e-2,8.809588334889566e-2,8.900140962781304e-2,8.739092002790799e-4,5.040637450275245e-4,1.3029686485066657e-3
0xff7f00,c wasm,0.1547899390472962,0.15468035737145286,0.15491061779527432,2.0199662382521097e-4,1.4284299226255618e-4,2.948012096244833e-4
0xcab2d6,runtime,0.6953959590625042,0.6929954142500112,0.6968517176250089,2.8142955226960705e-3,2.446591999993586e-3,3.2555889673529658e-3
0x6a3d9a,runtime wasm,0.3935736524791338,0.3929087871248669,0.39388861191667957,6.383012522997242e-4,8.070543663646313e-5,8.080731008399421e-4
