Color,Name,Mean,MeanLB,MeanUB,Stddev,StddevLB,StddevUB
0xa6cee3,ocaml,2.0887094283541594,2.087225845749998,2.090659858187479,2.1684093801516854e-3,6.971779583342386e-4,2.665852514137678e-3
0x1f78b4,ocaml byte,4.939381720187495,4.863707526500001,4.980845046187492,7.367097806385692e-2,3.641896899999608e-2,9.575544971038043e-2
0xb2df8a,haskell,4.651200446874994,4.620070742874989,4.675132732874996,3.8480259943949886e-2,2.2557096906785524e-2,5.291358203784633e-2
0x33a02c,haskell strict,4.657588631312511,4.627280571312501,4.678388859500022,3.5092144362017484e-2,1.8516099003050637e-2,4.8036069373060555e-2
0xfb9a99,juvix,1.4627759920416565,1.461881930333334,1.4633900534999782,1.0493136604171078e-3,9.112581992871968e-4,1.175883519729511e-3
0xe31a1c,juvix wasm,0.677175526687499,0.6741127077500266,0.6787066654374811,2.9035232927809153e-3,1.3235559999884572e-3,3.5366387865785245e-3
0xfdbf6f,c,8.784513494655029e-2,8.759331032058518e-2,8.831350127073181e-2,6.57262937117863e-4,3.060216007817459e-4,1.0145508729212977e-3
0xff7f00,c wasm,0.15521765180032934,0.15511131052890237,0.15535092135304027,1.9899443010552484e-4,1.4942079815272497e-4,2.564198620007825e-4
0xcab2d6,runtime,0.6841231793958423,0.6834678442499893,0.6848308342916642,9.609707585229474e-4,4.0424983319161604e-4,1.2300091451930132e-3
0x6a3d9a,runtime wasm,0.39136045804167213,0.3902805041666871,0.3933931751249915,2.0523593989968435e-3,1.5403633333713196e-4,2.43748979746255e-3
