Color,Name,Mean,MeanLB,MeanUB,Stddev,StddevLB,StddevUB
0xa6cee3,ocaml,2.078898354375023,2.076161494500032,2.0808534840000257,3.3525551921998265e-3,2.355757864658881e-3,4.27278920901006e-3
0x1f78b4,ocaml byte,5.049893011479163,5.009285504812489,5.092841349062503,5.8590596415740714e-2,3.019277900000361e-2,7.563505364712327e-2
0xb2df8a,haskell,4.637798366187508,4.538204159687503,4.6890510011875195,9.798289758599557e-2,6.006809985439828e-2,0.11836289045573718
0x33a02c,haskell strict,4.577315330791663,4.508554214749978,4.611047806166681,6.525336324245004e-2,2.8749771250033973e-2,8.08951804729872e-2
0xfb9a99,juvix,1.4632248230416802,1.4608555220000312,1.4672972926250196,4.323354609586371e-3,6.112379999763107e-4,5.1009832257164454e-3
0xe31a1c,juvix wasm,0.656670157791685,0.6539648616249849,0.6580816511666873,2.6416649121977294e-3,1.1377482547018079e-3,3.6085088494098028e-3
0xfdbf6f,c,8.761250786339311e-2,8.748243273340496e-2,8.77473880707063e-2,2.697240310665603e-4,2.2641099602442762e-4,3.306214393186164e-4
0xff7f00,c wasm,0.15431480077177465,0.15422050124286127,0.1544780307666802,2.05739174451777e-4,8.920865389900461e-5,2.996892517942633e-4
0xcab2d6,runtime,0.690878983541694,0.6890203539167032,0.6921985080416846,2.215304858105081e-3,1.287458768489239e-3,3.047311301087565e-3
0x6a3d9a,runtime wasm,0.3946938472916486,0.3943191605416416,0.3949544979166433,4.3006499335773615e-4,2.5328617557542705e-4,6.019468340205278e-4
