Color,Name,Mean,MeanLB,MeanUB,Stddev,StddevLB,StddevUB
0xa6cee3,ocaml,4.0347701068124495,4.025619451812389,4.039233354812504,8.757597544792103e-3,1.3663103750141126e-3,1.0572604941996876e-2
0x1f78b4,ocaml byte,6.203520078729156,6.194183071249995,6.20979815191663,1.14042801738529e-2,7.82224724531821e-3,1.4498588979120831e-2
0xb2df8a,haskell,7.804445005104118,7.73726754893741,7.847831176770805,7.297134539827922e-2,3.2595047764848784e-2,0.10019607156347675
0x33a02c,haskell strict,7.935034077874936,7.845104854624935,7.9762101451249325,8.571688984679385e-2,3.306456648949008e-2,0.11259059096178364
0xfb9a99,juvix,3.9235751155834273,3.9162942562501257,3.93295370550004,1.1695189475618173e-2,4.6645361415897525e-3,1.6035478796985553e-2
0xe31a1c,juvix wasm,2.043082764729121,1.7843278301874932,2.17479984458339,0.25543345579381466,1.6421050833514528e-2,0.30826516034261175
0xfdbf6f,c,0.16247951197856866,0.15948953138336594,0.1711804102736801,7.733926127274333e-3,6.068655478268159e-4,1.1150494616281264e-2
0xff7f00,c wasm,0.27930135982993154,0.27611679119992616,0.28253669120997527,4.723091482536078e-3,3.6353909266900295e-3,5.561085458902909e-3
0xcab2d6,runtime,1.6146411783748913,1.6122285586248495,1.6163516741249189,2.8172020088933544e-3,1.5999713491092829e-3,3.950220726904394e-3
0x6a3d9a,runtime wasm,0.9131661673333061,0.8963376226667303,0.9276088987499804,2.1877073405240737e-2,1.4305496887197686e-2,2.927277466593465e-2
