Color,Name,Mean,MeanLB,MeanUB,Stddev,StddevLB,StddevUB
0xa6cee3,ocaml,3.6573850226666558,3.616274463499991,3.6791497227499903,3.9723343474807785e-2,2.1144237063727072e-2,5.0263421807778645e-2
0x1f78b4,ocaml byte,5.814333358249996,5.755252735124991,5.8446209301249965,5.770394294621798e-2,2.752285251092778e-2,7.88739786979861e-2
0xb2df8a,haskell,7.460150838916635,7.388993483499931,7.494831005333323,6.71963398441283e-2,1.947996583333156e-2,8.221782296825232e-2
0x33a02c,haskell strict,7.418958696395826,7.269164993250001,7.522745863708323,0.1719954457219277,0.10624754339141668,0.23968619594519508
0xfb9a99,juvix,3.7262465808750043,3.7126012559999992,3.7392494460000023,1.758671921894853e-2,8.989938111480744e-3,2.2639832404837322e-2
0xe31a1c,juvix wasm,1.7976069407500337,1.7932668855000315,1.8003036658750489,4.698793750982377e-3,1.3289676549436621e-3,6.302894494955181e-3
0xfdbf6f,c,0.15631325489048428,0.15443143993810454,0.1580481785285829,3.1619635162332595e-3,2.5095008051763323e-3,3.799182738388902e-3
0xff7f00,c wasm,0.22937477494166988,0.22653486177777418,0.23176529891667505,4.182832508423455e-3,3.401851823492818e-3,5.3045401108928105e-3
0xcab2d6,runtime,1.6235963874791561,1.6063030008124812,1.6341032500833328,1.880325890035056e-2,1.009982497109904e-2,2.6432114875972617e-2
0x6a3d9a,runtime wasm,0.8644900516874898,0.8546401384375102,0.8758082324999918,1.4634370753075842e-2,6.50969021015672e-3,1.9319152679441242e-2
