Color,Name,Mean,MeanLB,MeanUB,Stddev,StddevLB,StddevUB
0xa6cee3,ocaml,2.0672238566249868,2.0642003662499726,2.069524422374992,3.886783776307648e-3,2.3080858728282603e-3,5.31292902021536e-3
0x1f78b4,ocaml byte,4.980677597312486,4.931813701124966,5.013868141312493,5.6386715456757726e-2,3.134670437502507e-2,7.665027805181686e-2
0xb2df8a,haskell,4.644743875708329,4.608400124875018,4.667284533333316,3.736079508504795e-2,1.7201310559262845e-2,5.205541898998903e-2
0x33a02c,haskell strict,4.730831801145828,4.627933874833313,4.802840513083335,0.11989645959129057,6.879864999528154e-2,0.16629699688447055
0xfb9a99,juvix,1.465524619854179,1.4613739417500256,1.4675784770000178,3.9173663597572616e-3,1.1922633333369959e-3,4.809327020637043e-3
0xe31a1c,juvix wasm,0.6955441975625144,0.6937467067500336,0.6966454390625145,2.101203985776453e-3,1.8741682581613528e-3,2.39422465656825e-3
0xfdbf6f,c,8.820216267019308e-2,8.791730070852533e-2,8.873207634714082e-2,7.45669548977904e-4,3.4819795316086286e-4,1.1653438899777524e-3
0xff7f00,c wasm,0.15509311082618177,0.15502310055713417,0.15523707798094102,1.7185426016198057e-4,5.1575142111851834e-5,2.5078274855296577e-4
0xcab2d6,runtime,0.685844298624995,0.6851320907500071,0.6868570023749925,1.1356116273667372e-3,2.222501201039717e-4,1.4760043347540705e-3
0x6a3d9a,runtime wasm,0.3929828935208353,0.3919462622916635,0.3935251545625178,1.1995428204110707e-3,1.0564495067987673e-3,1.2522413645220175e-3
