Color,Name,Mean,MeanLB,MeanUB,Stddev,StddevLB,StddevUB
0xa6cee3,ocaml,2.087757129562464,2.085786513124944,2.089983552499959,2.922291641655811e-3,1.256507489119419e-3,4.021393581329118e-3
0x1f78b4,ocaml byte,4.977735540125006,4.938594756250012,4.999000455624994,4.523492089562494e-2,3.980398367839574e-2,4.706692415933334e-2
0xb2df8a,haskell,4.937311785854182,4.892307083666613,4.9837802075625035,5.89400796968738e-2,2.989925471875431e-2,7.174150677739807e-2
0x33a02c,haskell strict,4.941599695458346,4.934974988250019,4.948144135749999,8.738225136436038e-3,4.220301547574254e-3,1.145723030370642e-2
0xfb9a99,juvix,2.376871969499978,2.3722571189999826,2.3829288667499924,7.630125899331585e-3,3.1090520865992193e-3,1.0155180739069765e-2
0xe31a1c,juvix wasm,0.7598918159166933,0.7550399518333346,0.7678171807500576,8.451587818809135e-3,2.9043311141112096e-3,1.1204900138394534e-2
0xfdbf6f,c,9.270091619906856e-2,9.250060155554723e-2,9.292605877777368e-2,3.989919323161781e-4,2.8118184701396003e-4,5.418024751390711e-4
0xff7f00,c wasm,0.16197733301123662,0.161617525749989,0.16262361559289015,8.390985716229526e-4,3.224513557783412e-4,1.2319083608667003e-3
0xcab2d6,runtime,1.058269042104186,1.0564592310000762,1.0600788532082959,2.9576573332345058e-3,1.2014015461656242e-3,4.082280170753534e-3
0x6a3d9a,runtime wasm,0.40874561037495977,0.40807114524996757,0.4095031584998689,9.657164799934349e-4,3.9428134055233233e-4,1.304757337392087e-3
