Color,Name,Mean,MeanLB,MeanUB,Stddev,StddevLB,StddevUB
0xa6cee3,ocaml,2.7176205895416863,2.7163303172500264,2.718910861833346,2.409389266703807e-3,2.3408474999087048e-4,2.9571098478182794e-3
0x1f78b4,ocaml byte,4.858354967645826,4.836150667208339,4.868954446958322,2.1079168658093693e-2,9.106038610388225e-3,2.680018640164264e-2
0xb2df8a,haskell,5.498907815145834,5.447203107500002,5.578407506437507,8.638437650088406e-2,1.1971596500018222e-2,0.11021693267646265
0x33a02c,haskell strict,5.515432995145825,5.43147244299999,5.561909351979159,9.762902863131924e-2,8.502922436245199e-2,0.10733254851471281
0xfb9a99,juvix,2.918759162083326,2.908296066333314,2.9241732390833306,9.891458352642157e-3,2.7064228333415485e-3,1.2503275253464126e-2
0xe31a1c,juvix wasm,1.0218006873958199,1.0108395358958358,1.0365111983333104,1.7650878573372573e-2,5.55164011814813e-3,2.3087850825101862e-2
0xfdbf6f,c,0.1303524778156281,0.1299998103781124,0.1307322692635569,6.62584833756824e-4,5.088606521159866e-4,8.945222467703168e-4
0xff7f00,c wasm,0.20842760087778658,0.2082444614611142,0.20854269844444517,2.2880068589934102e-4,1.4313401339817732e-4,3.0164414230631945e-4
0xcab2d6,runtime,1.2818424069791707,1.2803843360833391,1.2830688863750055,1.774976839267967e-3,1.1281534451436008e-3,2.1172926821640607e-3
0x6a3d9a,runtime wasm,0.6740821403333115,0.673134603916651,0.6751749528333164,1.4250501347027045e-3,6.656522547810484e-4,1.963074438586006e-3
