Color,Name,Mean,MeanLB,MeanUB,Stddev,StddevLB,StddevUB
0xa6cee3,ocaml,2.075473089041689,2.074747124250024,2.075923335875018,7.441342859169836e-4,3.516666565198528e-4,1.0398005216972373e-3
0x1f78b4,ocaml byte,5.0373284292500005,4.982736345750007,5.129343295499997,9.911035248515697e-2,1.5424215249983941e-2,0.1260750164173737
0xb2df8a,haskell,4.503650729687474,4.4793556027499815,4.520370384187497,2.9127622330375448e-2,2.0099300635486733e-2,3.575938764576075e-2
0x33a02c,haskell strict,4.4584100692291555,4.416199996499955,4.494327695500004,5.45920165700393e-2,3.162206237100611e-2,7.440306491218616e-2
0xfb9a99,juvix,1.4831709570416673,1.480760689125006,1.4856139327499918,3.3427443636462983e-3,1.781293607810883e-3,4.245354101562159e-3
0xe31a1c,juvix wasm,0.6794828901666605,0.6783037159166696,0.6802683116666586,1.2833062895782692e-3,7.704987238543798e-4,1.8138532578047784e-3
0xfdbf6f,c,8.735833836842352e-2,8.719110037223538e-2,8.758086204508862e-2,3.794422204993641e-4,2.608326271825639e-4,5.547429368498608e-4
0xff7f00,c wasm,0.15513691777008054,0.15461578369525078,0.15621508872449832,1.330342411566334e-3,1.295481144686656e-4,1.9082437119525145e-3
0xcab2d6,runtime,0.6935289498541598,0.6933379419374859,0.6937286898333166,2.7409122292815864e-4,1.209647380515495e-4,3.659594821958394e-4
0x6a3d9a,runtime wasm,0.3925508984583151,0.3921684151249849,0.392728658916648,3.708386525303386e-4,5.392483332875009e-5,4.4384298139491836e-4
