Color,Name,Mean,MeanLB,MeanUB,Stddev,StddevLB,StddevUB
0xa6cee3,ocaml,2.080658902583328,2.0763835260000008,2.0851732054999843,5.904423992037207e-3,2.7899725416151845e-3,7.42995871929056e-3
0x1f78b4,ocaml byte,4.980779068479198,4.944564869687568,4.996573452250033,3.636027973437038e-2,1.6175258115481747e-2,5.042496980165494e-2
0xb2df8a,haskell,4.571122656041655,4.541719406375002,4.601171320499972,4.158160515344795e-2,1.8207967909410115e-2,5.57849689383876e-2
0x33a02c,haskell strict,4.572040207729157,4.551627720749991,4.598147921062498,3.329397184732884e-2,1.3903467454609936e-2,4.596719819192289e-2
0xfb9a99,juvix,1.4909910524791787,1.4875534990833423,1.4933176451666743,4.018693903477458e-3,3.513795360411869e-3,4.5256585232678675e-3
0xe31a1c,juvix wasm,0.6965252385416534,0.6926282674999982,0.6993525329999954,4.882733958632761e-3,2.8755100374139243e-3,6.529356866408518e-3
0xfdbf6f,c,8.8037274518983e-2,8.771670718360516e-2,8.858182609133772e-2,8.037999515257998e-4,4.8509340310221255e-4,1.1036178466069474e-3
0xff7f00,c wasm,0.1553243319993168,0.15483025679456358,0.15628756443808675,1.2347399811832005e-3,1.365850521948004e-4,1.7817357697299367e-3
0xcab2d6,runtime,0.7054481408541639,0.7049419944375188,0.7058878942499973,6.87377398887356e-4,4.949531481423854e-4,8.365781825334678e-4
0x6a3d9a,runtime wasm,0.39290366064579985,0.392698400145747,0.39326377833336323,3.786088161175083e-4,8.75683202726933e-5,4.603101258100705e-4
