Color,Name,Mean,MeanLB,MeanUB,Stddev,StddevLB,StddevUB
0xa6cee3,ocaml,2.0740590086250066,2.0721101177500145,2.0776696446250185,3.704233987523377e-3,2.4160424999308816e-4,4.465712822161801e-3
0x1f78b4,ocaml byte,4.992007257166672,4.939174884333331,5.03022384225001,6.227882365631325e-2,5.2418213109702134e-2,7.320551670843489e-2
0xb2df8a,haskell,4.626884870937526,4.563699253187508,4.6600395225625375,6.1872081137119964e-2,3.3854054875026574e-2,7.656738816235441e-2
0x33a02c,haskell strict,4.649591149666686,4.613993481333372,4.685188818,5.015388559103247e-2,2.2350856377895714e-2,6.819372011706498e-2
0xfb9a99,juvix,1.4676707246249994,1.4655428095000218,1.4687060974999895,2.027026491432078e-3,5.021004557625086e-4,2.646476061720738e-3
0xe31a1c,juvix wasm,0.6862454509999859,0.680501231250029,0.6932606049999777,8.92126645101898e-3,3.93451843009271e-3,1.1612079687275715e-2
0xfdbf6f,c,8.809654443535658e-2,8.790891759666744e-2,8.825642243940442e-2,3.514166283462131e-4,2.827537869401723e-4,4.6578681189828454e-4
0xff7f00,c wasm,0.15538863870984482,0.1553363289166192,0.1554711779795604,1.1373652507207968e-4,6.0307794133890724e-5,1.6172960988159726e-4
0xcab2d6,runtime,0.6890409568749382,0.6877286657499629,0.6900037099999471,1.6228018274730522e-3,9.798036825174796e-4,2.223383103548238e-3
0x6a3d9a,runtime wasm,0.3931896208749919,0.3924320287499654,0.3943407904999958,1.2844882541118551e-3,3.0197625002870154e-4,1.5675121112745645e-3
