Color,Name,Mean,MeanLB,MeanUB,Stddev,StddevLB,StddevUB
0xa6cee3,ocaml,2.0721672793333092,2.070429400499961,2.0731411560833046,2.022531171949181e-3,1.7643872339409765e-3,2.249072015069411e-3
0x1f78b4,ocaml byte,4.980116205749975,4.887656951749913,5.041690652500004,0.10125255928400646,5.467064085178122e-2,0.14220009362532657
0xb2df8a,haskell,4.5687600417916245,4.463415164249994,4.642002499416596,0.13059982730923678,8.598118460399667e-2,0.16914621050354772
0x33a02c,haskell strict,4.478683781312512,4.467621666937461,4.491043113812609,1.5801330855671397e-2,6.627263874531244e-3,2.1151049720989596e-2
0xfb9a99,juvix,1.4957786619375166,1.4907300718749923,1.500827252000041,8.71102251704426e-3,2.594381169247732e-3,1.1650525586112652e-2
0xe31a1c,juvix wasm,0.6996436061874789,0.6904367666875402,0.703752164312462,8.831208209651954e-3,3.4604477888558966e-3,1.1773976496940295e-2
0xfdbf6f,c,8.799514967730108e-2,8.766487538968477e-2,8.831712083174162e-2,6.877537672442753e-4,5.381710134926855e-4,9.133656404435822e-4
0xff7f00,c wasm,0.15416235212376256,0.15386720874285714,0.1549302231237481,7.351548079648792e-4,1.8008180980123162e-4,1.0693688547247758e-3
0xcab2d6,runtime,0.6979223780624343,0.6950769707498807,0.7023570628124531,4.863719889877933e-3,8.68405750054535e-4,5.814735049805598e-3
0x6a3d9a,runtime wasm,0.3918340249583281,0.3906141089166226,0.39270888983338637,1.4350377395640065e-3,1.2482261745358732e-3,1.6467285415062522e-3
