Color,Name,Mean,MeanLB,MeanUB,Stddev,StddevLB,StddevUB
0xa6cee3,ocaml,4.0167057081041575,4.015734386499986,4.017135139791658,9.348174694000751e-4,3.8831974941942087e-4,1.251441157044406e-3
0x1f78b4,ocaml byte,6.213216326749958,6.200159982624953,6.2233618811249585,1.7167606844916458e-2,9.683902500057684e-3,2.3430154197938424e-2
0xb2df8a,haskell,7.650563818687502,7.5750833797499695,7.70261923987502,8.848000160125191e-2,7.833648825004502e-2,0.102038133770523
0x33a02c,haskell strict,7.744740313083379,7.655837828750023,7.804230965791694,0.1114534012319373,5.696730372496626e-2,0.13738777742164882
0xfb9a99,juvix,3.8926041350416747,3.8752556955000443,3.9001777887083238,1.6911406504230356e-2,4.9479495398232e-3,2.2573901024765534e-2
0xe31a1c,juvix wasm,2.108307148500008,2.105121672249993,2.11392272300003,5.7258939598871204e-3,6.753865000064252e-4,6.887110403974447e-3
0xfdbf6f,c,0.15824034486871671,0.15774391208299027,0.1589351036285994,1.0249267672726994e-3,5.515110207147767e-4,1.4669383477937431e-3
0xff7f00,c wasm,0.27571372163998453,0.2714838574800069,0.28298715279994824,7.932765083880107e-3,2.201327347328386e-3,1.0674826602876442e-2
0xcab2d6,runtime,1.6170902794792,1.613076688916692,1.6192985739792078,3.8745968229954592e-3,1.8747232648297237e-3,5.099837696118179e-3
0x6a3d9a,runtime wasm,0.8982995332083306,0.8944673386666864,0.9009987409583573,4.728492838931897e-3,3.133040327389544e-3,6.090134377482265e-3
