Color,Name,Mean,MeanLB,MeanUB,Stddev,StddevLB,StddevUB
0xa6cee3,ocaml,3.392247847354151,3.3853184761249793,3.39781331893748,8.409737311645028e-3,5.767841580080773e-3,1.0234855797828254e-2
0x1f78b4,ocaml byte,5.200802909833359,5.195134346166716,5.20423805133333,6.57498470096062e-3,5.7385279522792e-3,7.081374833983973e-3
0xb2df8a,haskell,7.015449073958315,6.92204527366664,7.092573772374983,0.11763534455427266,6.905681418977769e-2,0.15312644140752568
0x33a02c,haskell strict,6.9456750079792,6.891825194000035,6.983259645145855,6.726082560209865e-2,4.0170418644010705e-2,8.679800154225084e-2
0xfb9a99,juvix,3.4159388598541844,3.4111001602500153,3.420795229250018,6.806924907030292e-3,3.7112304800273536e-3,8.702810333664853e-3
0xe31a1c,juvix wasm,1.7669571485416167,1.617752226374975,1.841118229208282,0.14853652501116382,1.7655216666222495e-3,0.17330632836413978
0xfdbf6f,c,0.13407111000658262,0.13388323086072862,0.1342884940750641,3.751904281239274e-4,2.5883079653684135e-4,5.333690723621933e-4
0xff7f00,c wasm,0.23234712263053503,0.23095111570829532,0.23351135686388916,2.1123721356350374e-3,1.273549173565627e-3,3.0386843024702297e-3
0xcab2d6,runtime,1.4115919405208786,1.4083716901458558,1.4131922468333755,3.1524552615513728e-3,2.0574783331994695e-4,3.7185631203976847e-3
0x6a3d9a,runtime wasm,0.7674588586666337,0.7632698528332564,0.7702125475416656,5.0339384233124285e-3,3.417053095224954e-3,5.9900387764666475e-3
