Color,Name,Mean,MeanLB,MeanUB,Stddev,StddevLB,StddevUB
0xa6cee3,ocaml,3.168809174395829,3.1671523119166665,3.170259520958332,2.395840391275684e-3,1.3270967908483849e-3,3.3494319131181444e-3
0x1f78b4,ocaml byte,5.021733643375005,5.0058520147500065,5.050678123125003,2.9654383596150264e-2,2.0938975832465387e-3,3.5660851550163526e-2
0xb2df8a,haskell,6.240524070499991,6.20615265624996,6.259585563000011,3.381553205965492e-2,1.0669379953421338e-2,4.5367062361389605e-2
0x33a02c,haskell strict,6.3501062182708425,6.333074121250007,6.366286829333338,1.9780373577879717e-2,1.7762911572141785e-2,2.1571031627231067e-2
0xfb9a99,juvix,6.812765746270813,6.808120612375006,6.819863880624993,7.728690494109656e-3,1.0829818749868991e-3,9.873651949795993e-3
0xe31a1c,juvix wasm,2.6439439748958455,2.641829568562521,2.6455013680625044,2.602356734759777e-3,1.4689182317348256e-3,3.5966454560184603e-3
0xfdbf6f,c,0.1303207026900363,0.1300900169368984,0.13051093498437005,3.829708665899617e-4,2.2241754143238084e-4,5.650375547939428e-4
0xff7f00,c wasm,0.1969601586916677,0.19595961834447229,0.19846204130277334,1.9916394805726675e-3,1.056965002083042e-3,2.846613240830147e-3
0xcab2d6,runtime,1.3767644528124923,1.3751913770624995,1.3785878467499988,2.275013804604347e-3,8.942865576628749e-4,3.035853785019107e-3
0x6a3d9a,runtime wasm,0.7563177817083494,0.7556736701666769,0.7566648220000189,7.455692415150213e-4,6.619769679769015e-4,7.956417871903426e-4
