Color,Name,Mean,MeanLB,MeanUB,Stddev,StddevLB,StddevUB
0xa6cee3,ocaml,2.068137384124969,2.0619981121249467,2.0716409713749777,6.006668359331681e-3,2.9973618906151836e-3,8.091188167687864e-3
0x1f78b4,ocaml byte,5.023931305187489,4.956433572374976,5.062897525437506,7.891752055168143e-2,6.997850449999987e-2,8.998863100259967e-2
0xb2df8a,haskell,4.502235106624961,4.481099113249996,4.519467610749913,2.557177961694671e-2,1.7922177272275564e-2,3.203856044949664e-2
0x33a02c,haskell strict,4.480579109062532,4.427341608000006,4.513779756875039,6.424955881087088e-2,4.383072962500023e-2,7.667361180728269e-2
0xfb9a99,juvix,1.4669456673333012,1.465483720999913,1.467596620416662,1.4030538342261027e-3,5.460985583113832e-4,1.8729086848574702e-3
0xe31a1c,juvix wasm,0.653132922937535,0.6510032826874976,0.6566458110001084,3.7948273598833195e-3,1.0010871249808706e-3,4.728938934321207e-3
0xfdbf6f,c,8.760427712738372e-2,8.7410608612392e-2,8.80618027773954e-2,5.506390590684049e-4,2.012247283430167e-4,8.784001167723514e-4
0xff7f00,c wasm,0.15415604804217772,0.15402613703265816,0.15430936780952226,2.451782969084233e-4,1.8758301444943924e-4,3.259846953606848e-4
0xcab2d6,runtime,0.6876886951249617,0.6872048844999483,0.6879667759999677,4.7687522400603787e-4,1.6023074999793607e-4,6.42200272164863e-4
0x6a3d9a,runtime wasm,0.3900735599791716,0.3896313946874699,0.3902963928541823,4.1696516943978484e-4,1.3752545837064645e-4,5.1461048148686e-4
