Color,Name,Mean,MeanLB,MeanUB,Stddev,StddevLB,StddevUB
0xa6cee3,ocaml,2.074472880062487,2.071498871750009,2.0778510910624988,4.244876494825003e-3,1.6840522749297683e-3,5.6963841400324445e-3
0x1f78b4,ocaml byte,4.951999233687505,4.9381479480625,4.970348456500005,2.145429246023291e-2,9.86619430165872e-3,2.7909381202201308e-2
0xb2df8a,haskell,4.464398352708315,4.419045584999992,4.483859256874979,4.441587132088346e-2,1.4067153935151122e-2,5.979469754239193e-2
0x33a02c,haskell strict,4.515734171895829,4.4271283446666985,4.580804250187484,0.1125783351357052,6.722360438925205e-2,0.1485784267270526
0xfb9a99,juvix,1.4937551938957985,1.491714544437471,1.4971401005624472,3.5135897605930453e-3,6.865965352571171e-4,4.477622114851613e-3
0xe31a1c,juvix wasm,0.6848532350208577,0.6808582502083501,0.6916954881875057,7.311171495323398e-3,9.699847916617155e-4,9.226022227638908e-3
0xfdbf6f,c,8.7213586892239e-2,8.701965933999645e-2,8.75063879166876e-2,4.6853691208607564e-4,3.129771667035121e-4,6.702770617142878e-4
0xff7f00,c wasm,0.1544031877578199,0.15432528085714345,0.15450775302039668,1.5346962551283775e-4,1.0350464184409596e-4,2.4386448779864327e-4
0xcab2d6,runtime,0.6988642226875044,0.6976784917500822,0.6994594844374973,1.1824593756603892e-3,6.693264412915279e-4,1.584174804713204e-3
0x6a3d9a,runtime wasm,0.39134625593747313,0.39104039693748405,0.39154342337495984,3.2254016552884645e-4,1.852857151446389e-4,4.553386924334946e-4
