Color,Name,Mean,MeanLB,MeanUB,Stddev,StddevLB,StddevUB
0xa6cee3,ocaml,2.0913147428333807,2.089185875583373,2.0924228855833653,2.103292751472479e-3,1.3032809143458935e-3,2.5591460600165837e-3
0x1f78b4,ocaml byte,5.050693678375008,5.0391132029999905,5.057332470375016,1.3516100143652137e-2,1.1412328907244605e-2,1.5331633393195616e-2
0xb2df8a,haskell,5.468200902333304,5.4248405749999336,5.501445710000013,5.416144199997877e-2,3.0821577071296832e-2,6.828747602738526e-2
0x33a02c,haskell strict,5.467271286020828,5.4363299873749895,5.499174375812473,4.1695994828294315e-2,1.895921544655477e-2,5.511754755276562e-2
0xfb9a99,juvix,1.5263555922500036,1.522012020749969,1.5342920868750412,8.104901936926567e-3,3.356688484944942e-4,9.69537985066312e-3
0xe31a1c,juvix wasm,0.6921484618541834,0.6865044423124971,0.6961413994166984,6.612300961846191e-3,3.993724679543834e-3,9.221294306301506e-3
0xfdbf6f,c,8.983663984956788e-2,8.956529555111552e-2,9.046700724167825e-2,7.82654180915735e-4,2.666173884242716e-4,1.2735752568547136e-3
0xff7f00,c wasm,0.15588216763911064,0.15574818766294385,0.15601605684285222,2.2723551317949226e-4,1.7309300842709063e-4,3.1991067098012776e-4
0xcab2d6,runtime,0.7296903278125294,0.727033848750068,0.7313127390625169,3.0993792497533007e-3,2.665819533712988e-3,3.483868500603984e-3
0x6a3d9a,runtime wasm,0.3941148569374917,0.39368861043747927,0.3947582865000072,7.412504926960327e-4,1.812373750169627e-4,9.843741260932707e-4
