Color,Name,Mean,MeanLB,MeanUB,Stddev,StddevLB,StddevUB
0xa6cee3,ocaml,2.075907860895834,2.0728764342499915,2.0808670929374955,5.311706167484959e-3,8.505699040469378e-4,6.718924871704261e-3
0x1f78b4,ocaml byte,4.9253564466666475,4.881061154999998,4.946852486999973,4.2014493277848695e-2,1.0543805417915754e-2,5.1192051227439944e-2
0xb2df8a,haskell,4.693652102645856,4.629991936166675,4.757312269125038,0.102132782880142,4.573976737994173e-2,0.14177177155754478
0x33a02c,haskell strict,4.714503243812487,4.5973637484999585,4.798110443562507,0.1377323432607244,7.628808975509903e-2,0.1930825571274591
0xfb9a99,juvix,1.4823430213541446,1.4799080554165773,1.484608750562444,3.181857353412338e-3,1.5721631270989508e-3,4.355789516747037e-3
0xe31a1c,juvix wasm,0.6824214091874884,0.6766356928750099,0.6898396394999698,8.586861616020566e-3,3.7677303818625107e-3,1.1108107461912793e-2
0xfdbf6f,c,8.855694653046252e-2,8.826359151047522e-2,8.883774630378487e-2,5.794403077085178e-4,4.589128124163117e-4,7.941405421088836e-4
0xff7f00,c wasm,0.15600654880509218,0.1558378133618936,0.15620141798638937,3.1568263782734917e-4,2.4500345934651155e-4,4.189086178979669e-4
0xcab2d6,runtime,0.6929824496249637,0.6916748972499249,0.6944482047500173,2.035846005394919e-3,7.964567738515313e-4,2.6540763008036103e-3
0x6a3d9a,runtime wasm,0.3919381207083272,0.39132809262500245,0.392653810999974,9.033871606508306e-4,3.974081739544623e-4,1.1678502681044195e-3
