Color,Name,Mean,MeanLB,MeanUB,Stddev,StddevLB,StddevUB
0xa6cee3,ocaml,3.1656993203125174,3.1616207569999992,3.1704506162500365,6.1366720236577564e-3,3.0560255362108092e-3,7.779625280726208e-3
0x1f78b4,ocaml byte,5.088919532916691,5.017254588166665,5.218547717000078,0.1340619349441353,2.0846623333312664e-2,0.16550310057154854
0xb2df8a,haskell,6.237532824458316,6.228486124749978,6.242663263416665,9.661861420968173e-3,4.395801463669456e-3,1.3392195097275746e-2
0x33a02c,haskell strict,6.372764397562508,6.340198697000072,6.393492224062473,3.622748707249062e-2,1.6806621709394752e-2,4.786886483788124e-2
0xfb9a99,juvix,3.361027671666681,3.3563643364999933,3.365214754750042,6.121148294208925e-3,2.6368687706367342e-3,8.396034594673172e-3
0xe31a1c,juvix wasm,1.5038585369583164,1.4078857036249914,1.551802305291654,9.519259567041163e-2,2.337985416668631e-3,0.11081996985543033
0xfdbf6f,c,0.13158998093096344,0.1312990024583307,0.1318226277083454,4.927233692281801e-4,3.2200285059846834e-4,7.307607736433059e-4
0xff7f00,c wasm,0.19564758196389107,0.19524793079167088,0.19598883323889074,5.877315210719901e-4,4.2316862238931405e-4,8.935337394774219e-4
0xcab2d6,runtime,1.392869185479159,1.3923057603750095,1.3932236577083237,6.740374058848025e-4,5.145089675659947e-4,8.186185477136466e-4
0x6a3d9a,runtime wasm,0.73560731343751,0.7345350183750223,0.7366796084999976,1.6215571502289235e-3,6.842357939837967e-4,2.2349472850722424e-3
