Color,Name,Mean,MeanLB,MeanUB,Stddev,StddevLB,StddevUB
0xa6cee3,ocaml,3.1541295961458453,3.1435593337500194,3.165018373625003,1.474714130998297e-2,7.0323631422788465e-3,1.9812938569714153e-2
0x1f78b4,ocaml byte,5.339224310249986,5.315025581999956,5.357738494000024,3.0934935533354142e-2,1.9670530825292593e-2,4.121548524334096e-2
0xb2df8a,haskell,6.858167594124983,6.80346325924998,6.912871928999985,7.843250759042546e-2,3.756497450499725e-2,0.10828205395617745
0x33a02c,haskell strict,6.918891489583359,6.855634066500045,6.96055007975005,7.390217481832694e-2,6.512811321380851e-2,8.15634993977407e-2
0xfb9a99,juvix,3.2675796614999704,3.2468228939999904,3.2813569277499823,2.43275697063977e-2,2.150029009319878e-2,2.6703136419508413e-2
0xe31a1c,juvix wasm,1.173414193124998,1.1689300634999995,1.1761928052499826,4.619073832646831e-3,2.086985085665189e-3,6.416929833333776e-3
0xfdbf6f,c,0.13862366293691533,0.1372001450872136,0.1403211977687505,2.827412123897352e-3,2.2121537690266498e-3,3.660903074375298e-3
0xff7f00,c wasm,0.20359886988053025,0.201901875908335,0.20497767800551148,2.396485748446357e-3,1.8518952749190575e-3,2.816843423115054e-3
0xcab2d6,runtime,1.349562514270815,1.3429346990416775,1.3535939479374122,7.730136783642994e-3,6.841859088183253e-3,8.697444777039251e-3
0x6a3d9a,runtime wasm,0.7414780233958425,0.7322691219166586,0.747217673208354,1.0951969407501051e-2,9.234420750033223e-3,1.3255153457230835e-2
