Color,Name,Mean,MeanLB,MeanUB,Stddev,StddevLB,StddevUB
0xa6cee3,ocaml,2.091435684145823,2.0859528303749855,2.0952052081875046,6.420930709713768e-3,5.529388203593113e-3,7.219688521100109e-3
0x1f78b4,ocaml byte,4.990294462458334,4.868774032375015,5.05333404241666,0.11832041185926659,3.876450856663055e-2,0.15942215443487687
0xb2df8a,haskell,4.892852020624993,4.803329691749994,5.015028920749977,0.14137419310051258,3.169267675001208e-2,0.18736317640444747
0x33a02c,haskell strict,4.839815694500007,4.766734792500008,4.880166879250001,8.447945245970918e-2,7.451034602709239e-2,8.770821695075491e-2
0xfb9a99,juvix,2.3087315907291788,2.303994222958347,2.312852717062505,6.810657109851603e-3,4.2400422122024425e-3,9.51733359164129e-3
0xe31a1c,juvix wasm,0.7215670021458204,0.7184623069999816,0.7237717943333261,3.682872046800625e-3,3.0932785637598163e-3,4.3973723038249e-3
0xfdbf6f,c,9.139811673130417e-2,9.112538454038759e-2,9.172116707963103e-2,5.609762187353823e-4,3.8233272949445316e-4,8.108349186895939e-4
0xff7f00,c wasm,0.16173424679999643,0.1608901233952502,0.16307202114284552,1.7567217942165358e-3,1.172917354160157e-3,2.245795417750048e-3
0xcab2d6,runtime,1.0252408211458384,1.0240780030833132,1.0258643375416816,1.136892229411267e-3,2.5239462499371257e-4,1.4884267475170569e-3
0x6a3d9a,runtime wasm,0.4055398003958193,0.4047501521249899,0.4063294486666488,1.2665415851380122e-3,5.788188453798941e-4,1.7614958637396886e-3
