Color,Name,Mean,MeanLB,MeanUB,Stddev,StddevLB,StddevUB
0xa6cee3,ocaml,2.084165753208353,2.083199176250048,2.084811003875018,1.0604432638067556e-3,5.784497668458813e-4,1.4901425843747505e-3
0x1f78b4,ocaml byte,5.025506640395842,4.995283476916617,5.058498266625094,4.915998531215236e-2,2.7136370496111846e-2,6.935295256654017e-2
0xb2df8a,haskell,4.7317320795417,4.643376671916656,4.83554467641676,0.13237890444649802,5.896138406985782e-2,0.1720743046515006
0x33a02c,haskell strict,4.756299087270823,4.696478415812493,4.784454380604169,5.675156207153453e-2,2.2412571948222236e-2,7.31280583378033e-2
0xfb9a99,juvix,1.4975179238124763,1.4955054630624431,1.5004281928749492,3.3235717413968298e-3,8.542678749942079e-4,4.0618796557066e-3
0xe31a1c,juvix wasm,0.7044187247708512,0.6992868603749969,0.7072751845208577,5.993566628409467e-3,5.291392853053706e-3,6.596711222382288e-3
0xfdbf6f,c,8.851249813128004e-2,8.793469568225798e-2,8.969196530477028e-2,1.5568729985626468e-3,7.980870421175157e-4,2.3101130140703277e-3
0xff7f00,c wasm,0.15524654978231553,0.15492867654421966,0.15570941897276683,6.562609816758281e-4,3.3640203646912543e-4,9.53881365241611e-4
0xcab2d6,runtime,0.7082004778332968,0.7068282514999567,0.7089625444166263,1.3173759319319747e-3,5.079601801275716e-4,1.7599173881030167e-3
0x6a3d9a,runtime wasm,0.3952300415207901,0.39432653445834376,0.396617478937344,1.5908025152200453e-3,4.452474797784515e-4,2.086560182872516e-3
