Color,Name,Mean,MeanLB,MeanUB,Stddev,StddevLB,StddevUB
0xa6cee3,ocaml,2.098160867125005,2.0905577855000006,2.1057639487500097,1.1913664184728306e-2,4.336900786189954e-3,1.623427723778755e-2
0x1f78b4,ocaml byte,4.954979972958334,4.857986200749998,5.002601382458337,9.568545741228253e-2,7.027489004554646e-3,0.11212091504868765
0xb2df8a,haskell,4.755341366187497,4.687826617250002,4.822856115124992,8.812070444194509e-2,3.861833637499501e-2,0.11132602008981418
0x33a02c,haskell strict,4.606159129291652,4.5733359411249666,4.622550637958328,3.103326151522613e-2,1.325258011117085e-2,3.794733833027143e-2
0xfb9a99,juvix,2.3108361492708602,2.306261788333378,2.313057355645858,4.320968402233941e-3,1.5494840833600865e-3,5.434377680381721e-3
0xe31a1c,juvix wasm,0.7115498207499987,0.7103751627500022,0.7128057209999952,2.115687668551675e-3,4.126955884902594e-4,2.712756450014902e-3
0xfdbf6f,c,9.113371215921125e-2,9.093843386225847e-2,9.133123805956418e-2,3.875442825226255e-4,3.063428458054356e-4,5.158241488872093e-4
0xff7f00,c wasm,0.16049252708776085,0.16037012220000676,0.16070556956326496,2.5857322398850657e-4,1.5408435530801947e-4,3.6089616143470115e-4
0xcab2d6,runtime,1.0280186599374943,1.026737680562512,1.029464754499969,1.8932339556984447e-3,9.51417896174908e-4,2.4898462741783085e-3
0x6a3d9a,runtime wasm,0.40424403616666166,0.40347263749998774,0.4046470635000077,7.666297868063303e-4,3.51569109587125e-4,1.0621357017909414e-3
