Color,Name,Mean,MeanLB,MeanUB,Stddev,StddevLB,StddevUB
0xa6cee3,ocaml,2.096037976604164,2.087359716187496,2.1100015702499917,1.551254839722069e-2,2.4130768750083575e-3,1.8752187477306323e-2
0x1f78b4,ocaml byte,4.986156085729166,4.908797683374999,5.022820947916666,7.323206214364614e-2,2.125093162500491e-2,8.956772415186787e-2
0xb2df8a,haskell,4.962593410895841,4.923382265562498,4.988498420833348,4.289922839677777e-2,2.6176226017980593e-2,6.064370410364352e-2
0x33a02c,haskell strict,5.058417911187521,5.028602216375006,5.104629318062571,5.077162780609297e-2,9.129047125000511e-3,6.555323392011528e-2
0xfb9a99,juvix,1.509719879645831,1.5004490511249884,1.51599035052084,1.141813464973419e-2,7.048117494389326e-3,1.4481032190528577e-2
0xe31a1c,juvix wasm,0.683634896770819,0.67942603579165,0.6868185638333273,5.550165476881942e-3,2.7727028816094774e-3,7.352364142197197e-3
0xfdbf6f,c,8.921077086562984e-2,8.888478512515632e-2,8.967195719610345e-2,7.763880437765263e-4,4.856859079685095e-4,1.0589539746785545e-3
0xff7f00,c wasm,0.15542375722415858,0.1553645065642925,0.1554710719380951,9.163372970726645e-5,7.407326979934872e-5,1.0924427736244374e-4
0xcab2d6,runtime,0.712090658750005,0.7106206527500187,0.7132376135000129,1.816921916304937e-3,1.1270170347640488e-3,2.3249202519766672e-3
0x6a3d9a,runtime wasm,0.3953088189583198,0.3931006158333119,0.3992810088749934,4.141495589965492e-3,4.412324166764847e-4,4.858257176752977e-3
