Color,Name,Mean,MeanLB,MeanUB,Stddev,StddevLB,StddevUB
0xa6cee3,ocaml,2.7491839091458132,2.748000646187478,2.7498276297499444,1.2500030157388846e-3,4.460071244463675e-4,1.7037506850909596e-3
0x1f78b4,ocaml byte,4.869881872250005,4.8599901480000085,4.886639511749991,1.730866617063773e-2,3.5561199999847304e-3,2.2843958633940144e-2
0xb2df8a,haskell,6.09654793047909,6.036563529124919,6.130277254374903,5.9190593262081835e-2,1.5059340541654365e-2,7.034695231108036e-2
0x33a02c,haskell strict,6.056924465604131,5.8601340479999635,6.299162778062424,0.30912240792233997,0.14283909821867852,0.3956987287872314
0xfb9a99,juvix,3.047553045187442,3.0366232072499315,3.0672007370000074,1.936745203912567e-2,4.41251787492547e-3,2.5241379501682582e-2
0xe31a1c,juvix wasm,1.6499854118334174,1.6415751127500187,1.6539160117084937,7.981197827705533e-3,2.4333827171596108e-3,1.0345422175254264e-2
0xfdbf6f,c,0.12927512880954156,0.12908578212203553,0.12950659385121133,3.9333256856843347e-4,3.191030940166744e-4,4.983063780297134e-4
0xff7f00,c wasm,0.2440628890034092,0.24263424910673467,0.2451797290002105,1.9694589343024764e-3,1.4006039311514169e-3,2.460672837974242e-3
0xcab2d6,runtime,1.3161250395624033,1.3134021317498916,1.3214871554374763,5.3012474259090305e-3,1.6739949990096648e-4,6.288286234128709e-3
0x6a3d9a,runtime wasm,0.6521726827917291,0.648643734833513,0.6543996751250347,4.249434340479235e-3,3.0451064998260335e-3,5.143018492468857e-3
