Color,Name,Mean,MeanLB,MeanUB,Stddev,StddevLB,StddevUB
0xa6cee3,ocaml,2.086285323124997,2.0805741619999907,2.0919964842500036,8.567580032951652e-3,3.1629895429207393e-3,1.160011150493972e-2
0x1f78b4,ocaml byte,4.99626154149999,4.9702972743749925,5.009863432874987,2.5139985657633836e-2,1.2770932750001407e-2,3.141222258736901e-2
0xb2df8a,haskell,4.532415058833327,4.481983431416674,4.574215273124977,6.501998897796668e-2,3.783789854602813e-2,8.673739525621814e-2
0x33a02c,haskell strict,4.661717273625004,4.568171132124995,4.707071476875008,8.956746835480282e-2,4.5461759452887225e-2,0.11129451408563906
0xfb9a99,juvix,1.480466497666659,1.47932676583333,1.4814976534999715,1.5539865791462345e-3,9.771585032393561e-4,2.133040199416427e-3
0xe31a1c,juvix wasm,0.6893972162291794,0.6854320285833448,0.6941948531250262,6.526412519543334e-3,3.1100936297957637e-3,9.125683513992969e-3
0xfdbf6f,c,8.75129587034171e-2,8.731974123857435e-2,8.76457176823118e-2,3.192913383871977e-4,2.073286380506078e-4,4.5688630217261017e-4
0xff7f00,c wasm,0.15541531389796584,0.15495767721428624,0.15634250030953872,1.0761928474242366e-3,3.2892696781175066e-4,1.5569176371684802e-3
0xcab2d6,runtime,0.7068458548750082,0.6987829582500069,0.7159085752500118,1.0942516106054338e-2,4.708715249999329e-3,1.3503383906385582e-2
0x6a3d9a,runtime wasm,0.3936957823541884,0.3930607717500436,0.39433517775000837,9.353895353451785e-4,4.902359078032812e-4,1.3078621347175662e-3
