Color,Name,Mean,MeanLB,MeanUB,Stddev,StddevLB,StddevUB
0xa6cee3,ocaml,2.0960790244999834,2.087564613999973,2.109002063749962,1.3736301363231503e-2,2.849625500014552e-3,1.6762220180297844e-2
0x1f78b4,ocaml byte,4.964508701395812,4.946142723562453,4.998644597333315,3.5046612946603765e-2,4.271031958329896e-3,4.188336910808705e-2
0xb2df8a,haskell,4.600439306541645,4.541282478249997,4.64088661529162,7.335575170104515e-2,4.3207784575174116e-2,9.34090583791765e-2
0x33a02c,haskell strict,4.613446098229143,4.583650283874988,4.635855548166584,3.429697136407868e-2,1.911807611845086e-2,4.829249290363417e-2
0xfb9a99,juvix,2.288582042354174,2.2841172548125144,2.2910145737083285,4.2702947682724665e-3,1.816949419561093e-3,5.617690528533861e-3
0xe31a1c,juvix wasm,0.7163204855208107,0.7153182279999726,0.7173706103958466,1.4229753219365282e-3,9.798538469669245e-4,1.84584986540096e-3
0xfdbf6f,c,9.111832431635139e-2,9.091460531944735e-2,9.128289318209501e-2,3.452297858211709e-4,2.502303521463114e-4,4.937181231465952e-4
0xff7f00,c wasm,0.16105114508029092,0.16062192568027175,0.16212853259531543,1.0298651845382738e-3,1.1746493722547037e-4,1.4736064757392686e-3
0xcab2d6,runtime,1.027910651187464,1.0251878717498926,1.029202331374999,2.595138687782042e-3,1.1955195225940146e-3,3.304982148982668e-3
0x6a3d9a,runtime wasm,0.4044899811041489,0.40364540508335267,0.40492660137493885,9.754168773374768e-4,8.514466666156295e-4,9.924642466435617e-4
