Color,Name,Mean,MeanLB,MeanUB,Stddev,StddevLB,StddevUB
0xa6cee3,ocaml,2.088044996687529,2.0858760883750165,2.0894282619375417,2.2769397437201726e-3,1.19524437502605e-3,3.1945142578220765e-3
0x1f78b4,ocaml byte,4.999188198270834,4.963126198958311,5.059688815625037,6.45979120990363e-2,1.1452011041664267e-2,7.987676856562362e-2
0xb2df8a,haskell,4.729349804333348,4.590040027375039,4.803457296208346,0.1322021025755985,5.023890827759468e-2,0.17114392153199082
0x33a02c,haskell strict,5.091675178979173,5.025957556458337,5.157392801500009,0.10563379709276816,5.907807589193572e-2,0.14912805306940383
0xfb9a99,juvix,2.3287770531458896,2.326509331000125,2.332086933687492,3.7546171456805176e-3,9.621894040988239e-4,4.9471310035891294e-3
0xe31a1c,juvix wasm,0.7205563400416963,0.7097214792916589,0.7413700398751075,2.066965024855053e-2,1.453201250001257e-3,2.5022039082664992e-2
0xfdbf6f,c,9.150763536072413e-2,9.135544885343518e-2,9.168761127132803e-2,3.2094983984828906e-4,2.4350317690906815e-4,4.635608749162359e-4
0xff7f00,c wasm,0.16133150910136287,0.1608960498727923,0.16228608297280414,1.099277468972889e-3,2.2667058000737264e-4,1.5931704350910076e-3
0xcab2d6,runtime,1.0381078968541335,1.0354894294791752,1.0417426516249009,4.435336867923574e-3,1.628696632025444e-3,6.047091375185709e-3
0x6a3d9a,runtime wasm,0.40433006700004626,0.40391929374999336,0.4048334315000375,6.166395940437285e-4,2.218459816086421e-4,8.32049495199543e-4
