Color,Name,Mean,MeanLB,MeanUB,Stddev,StddevLB,StddevUB
0xa6cee3,ocaml,3.5667394258125094,3.535592987624928,3.6028958725001226,4.5523533816716935e-2,1.784511421066926e-2,6.164611426738079e-2
0x1f78b4,ocaml byte,6.093347228208245,5.995431724750006,6.172176368124781,0.11747020895750658,7.091511041664944e-2,0.14424045294047907
0xb2df8a,haskell,8.52414485262499,8.426137760249986,8.575698545624988,9.879863898923917e-2,7.105401294361322e-2,0.11905815412507169
0x33a02c,haskell strict,8.846349636979179,8.647494336625073,8.95803706477081,0.19171402003197838,8.756064340948237e-2,0.25793106600238197
0xfb9a99,juvix,4.005110737020914,3.963712513374958,4.034139975812536,4.857665767946999e-2,4.203774689995667e-2,5.515387967607942e-2
0xe31a1c,juvix wasm,1.49084567635425,1.4710209949375042,1.5062034478543278,2.6014729005678378e-2,1.4164249125144579e-2,3.546725403889093e-2
0xfdbf6f,c,0.16491681616735335,0.16334083914765046,0.16686792574493053,2.9992238250312535e-3,2.0760269178504483e-3,3.9772562929794196e-3
0xff7f00,c wasm,0.23263664454168897,0.23060380829166435,0.2349106070417406,3.6299702019912078e-3,2.896210345102688e-3,4.729009402596124e-3
0xcab2d6,runtime,1.6860623628958535,1.672012601625056,1.6968323061250317,1.738002794100296e-2,7.465944572395012e-3,2.4109744491399666e-2
0x6a3d9a,runtime wasm,0.871924420270877,0.8550194019375965,0.8806798345416194,1.644939727877007e-2,2.9787726665896908e-3,1.967116970418587e-2
