Color,Name,Mean,MeanLB,MeanUB,Stddev,StddevLB,StddevUB
0xa6cee3,ocaml,2.0741470615833464,2.0710688398333446,2.0797996850000118,5.743837486464344e-3,1.8500525424049348e-4,6.832593198302219e-3
0x1f78b4,ocaml byte,4.956665696249995,4.885229223250017,4.994152059999967,7.203783092352177e-2,3.6743010785195075e-2,0.10037724888911484
0xb2df8a,haskell,4.493748233166637,4.41341187724997,4.531819321833302,7.817357506982257e-2,8.388357166675409e-3,9.301693286670754e-2
0x33a02c,haskell strict,4.50453641418748,4.473957572249972,4.526662498187482,3.6583041685334876e-2,1.9978922897096577e-2,5.1098002214054576e-2
0xfb9a99,juvix,1.4736336550624973,1.4722430363749908,1.475656169687504,2.2910240228896355e-3,5.027856249881779e-4,3.014475803588142e-3
0xe31a1c,juvix wasm,0.6796283226041618,0.6755882963749968,0.6825600270208245,4.915890264638943e-3,3.0239423833672598e-3,6.770481336578525e-3
0xfdbf6f,c,8.773986767190581e-2,8.76216641433362e-2,8.788159483833993e-2,2.5253550942019946e-4,1.847620469185811e-4,3.3936203949188427e-4
0xff7f00,c wasm,0.1547649596506779,0.15456740388707965,0.1552922294380789,5.021570497653524e-4,1.0460375592451812e-4,7.303181347887978e-4
0xcab2d6,runtime,0.690956680854157,0.6899045947499758,0.6925045391666629,1.7514914949351968e-3,4.655876250012625e-4,2.1412869183453577e-3
0x6a3d9a,runtime wasm,0.3904583965833363,0.39024393516665634,0.39060316700000897,2.514986006906024e-4,2.1538483336294711e-4,2.9151896959478196e-4
