Color,Name,Mean,MeanLB,MeanUB,Stddev,StddevLB,StddevUB
0xa6cee3,ocaml,3.1706971467916696,3.1183159554999875,3.2221225958749855,7.146935994239978e-2,3.555795566669917e-2,9.010758680863445e-2
0x1f78b4,ocaml byte,5.08456306175002,5.012276152500007,5.1568499710000335,0.11198765727701031,6.004415606373979e-2,0.1569163934523887
0xb2df8a,haskell,6.930602097229165,6.801242839062482,7.064327704312504,0.17181266714988183,8.6576602357917e-2,0.21245548291190963
0x33a02c,haskell strict,7.310070281062487,7.198453670312524,7.373582678874968,0.1131726804366789,5.845154714152951e-2,0.1583057438625427
0xfb9a99,juvix,3.3508039449792335,3.3003537032083443,3.3978476143125675,6.246210841215544e-2,3.311380962506405e-2,7.827330886656882e-2
0xe31a1c,juvix wasm,1.6739595979374873,1.6446878142499486,1.700506013937499,3.9849158352444354e-2,2.09355316250045e-2,5.464250634943493e-2
0xfdbf6f,c,0.13667435600699504,0.1352677323820076,0.1382972587208324,2.806237907243821e-3,2.1080002992902914e-3,3.8764374099694e-3
0xff7f00,c wasm,0.24637726383330572,0.2439733157333103,0.24931449449998128,4.1219447921151025e-3,2.304122686333142e-3,5.665704801064978e-3
0xcab2d6,runtime,1.474709988895782,1.462944417624925,1.4864755601666388,1.716341615522789e-2,7.368769818850509e-3,2.2986167366453814e-2
0x6a3d9a,runtime wasm,0.8147748716041813,0.7987743250000108,0.8271885020208505,2.0968052472355975e-2,1.0448737016408421e-2,2.8668051450738037e-2
