Color,Name,Mean,MeanLB,MeanUB,Stddev,StddevLB,StddevUB
0xa6cee3,ocaml,2.0721138793333274,2.0656860297500117,2.0765252465833206,7.244751561464858e-3,4.258918778778564e-3,1.0187616277111603e-2
0x1f78b4,ocaml byte,4.964196725187499,4.913464605499996,5.009717245312508,6.216878042219466e-2,3.8039776984980594e-2,7.715164830388548e-2
0xb2df8a,haskell,4.616054438041677,4.568912418750031,4.637327961041682,4.635302563825649e-2,9.969833083298685e-3,5.504021279935036e-2
0x33a02c,haskell strict,4.642706861291669,4.594015748249987,4.682253795625016,5.9424836378564945e-2,3.6845042806370104e-2,7.319371980664524e-2
0xfb9a99,juvix,1.5035957143541552,1.496202304729131,1.5178558891875227,1.4460751210656961e-2,2.88174283701835e-5,1.7059951604264455e-2
0xe31a1c,juvix wasm,0.6517733009166756,0.6511198624167017,0.6523085352916619,9.385924091571712e-4,4.408199166571758e-4,1.2360708419114329e-3
0xfdbf6f,c,8.827305743613581e-2,8.802219782007648e-2,8.869785712001717e-2,6.439253636162935e-4,3.179322616541102e-4,9.797726217455746e-4
0xff7f00,c wasm,0.15449121937108698,0.15441650288810224,0.15454497269284875,1.1150107100889495e-4,7.256823048135813e-5,1.5990338752833728e-4
0xcab2d6,runtime,0.701523099333329,0.6996443329999948,0.7028348493333283,2.155204162405454e-3,1.3525297661324362e-3,3.0293568624363007e-3
0x6a3d9a,runtime wasm,0.39042820899999714,0.3900081512500056,0.39063063199998754,3.9710815268282105e-4,1.0948749998837548e-4,4.8567658375333884e-4
