Color,Name,Mean,MeanLB,MeanUB,Stddev,StddevLB,StddevUB
0xa6cee3,ocaml,2.0752314781666734,2.0707843165833326,2.079678639750014,6.808325850596667e-3,3.3079492481387775e-3,9.48284566955822e-3
0x1f78b4,ocaml byte,4.968755106041644,4.921166463249982,5.018813329583301,6.395998081710887e-2,3.298026463039347e-2,7.980479261689634e-2
0xb2df8a,haskell,4.5416951826666745,4.429750180333334,4.6469474040416925,0.14123045289089886,6.898507450002e-2,0.17477052088227024
0x33a02c,haskell strict,4.4436413207083305,4.416250618666652,4.470845265333338,3.457842772928628e-2,1.8347647979571814e-2,4.447717102949951e-2
0xfb9a99,juvix,1.4655343210208425,1.4642359917083592,1.4673310080833442,2.216556320460737e-3,6.15818395910888e-4,2.9553911723298604e-3
0xe31a1c,juvix wasm,0.6867970272916418,0.6815629148749878,0.6949807624999522,9.235049058543447e-3,1.65206614464709e-3,1.1981130062271899e-2
0xfdbf6f,c,8.769999546924948e-2,8.743166550840965e-2,8.811188059222244e-2,6.926017621632464e-4,3.973586329814638e-4,1.076148997517246e-3
0xff7f00,c wasm,0.1545184687846923,0.15441701994285925,0.15467607261223756,2.058018153242924e-4,1.5317345099756345e-4,2.499787663898112e-4
0xcab2d6,runtime,0.6965760503333627,0.6949187583333583,0.6992157065000129,2.9363784478145215e-3,6.098667500396004e-4,3.8273519293134557e-3
0x6a3d9a,runtime wasm,0.3907474861250056,0.3904714527500417,0.3908724791249843,2.7342029189765326e-4,1.1591259281422997e-4,3.766921830885906e-4
