Color,Name,Mean,MeanLB,MeanUB,Stddev,StddevLB,StddevUB
0xa6cee3,ocaml,2.7627401058333327,2.757566131333322,2.7657023903333404,5.029739724293278e-3,2.356503801802103e-3,6.841103013982768e-3
0x1f78b4,ocaml byte,4.87518368983334,4.868158397666642,4.880862888000038,9.616692419859251e-3,4.840316333754345e-3,1.3115546361298653e-2
0xb2df8a,haskell,6.050447023000004,5.978472604249987,6.123359670500008,0.11851563801736606,5.857074506108644e-2,0.16621780016035634
0x33a02c,haskell strict,5.672882630458308,5.631287552916641,5.72411494458331,6.745097911280543e-2,3.036282828709165e-2,9.376975603538605e-2
0xfb9a99,juvix,2.990814750854208,2.9775573314374952,3.010439838250079,2.1432125727367395e-2,6.914284325622501e-3,2.7617726988374162e-2
0xe31a1c,juvix wasm,1.4681467736458604,1.4541913590625626,1.4927999512499923,2.466201382846001e-2,5.177176999950461e-3,3.222864946527951e-2
0xfdbf6f,c,0.13136982663839877,0.1309209214226168,0.13202942058335765,9.419265209719871e-4,5.011936662733273e-4,1.403314763537814e-3
0xff7f00,c wasm,0.24569827775996828,0.24460855551996702,0.2466802645599364,1.6014425992617663e-3,1.0813310035138273e-3,2.04128831465273e-3
0xcab2d6,runtime,1.3369560828749723,1.3313260969999874,1.3403860387499549,5.953153082240108e-3,3.100535439421907e-3,8.3512021915718e-3
0x6a3d9a,runtime wasm,0.7481174179582931,0.7439866658748997,0.751109070458322,5.087873380848063e-3,3.0286459465799906e-3,6.908925504853924e-3
