Color,Name,Mean,MeanLB,MeanUB,Stddev,StddevLB,StddevUB
0xa6cee3,ocaml,2.0738151609999917,2.0727371189999886,2.0748972177499923,1.501400681129712e-3,6.66234064590784e-4,2.0231799694914857e-3
0x1f78b4,ocaml byte,5.012587159687489,4.975915961812504,5.038758955749984,4.864928920011077e-2,2.4388001499990875e-2,5.844697266956281e-2
0xb2df8a,haskell,4.627999312541661,4.619243952916676,4.64183842066663,1.4471689046097498e-2,1.1039418271333382e-4,1.744860108680946e-2
0x33a02c,haskell strict,4.66586983291667,4.616802290875029,4.697434121083319,5.177695382642233e-2,2.8268246405149224e-2,7.30210315505316e-2
0xfb9a99,juvix,1.4787228461666686,1.4751705865000133,1.4819506649999994,4.548962560756146e-3,2.2482841797241003e-3,6.264630702069818e-3
0xe31a1c,juvix wasm,0.6656607184166555,0.65831700408332,0.670189784499982,8.807281292796105e-3,6.200567749999664e-3,1.045943008954453e-2
0xfdbf6f,c,8.880852929207406e-2,8.857621094540594e-2,8.919400878429534e-2,5.924525113775018e-4,3.094119521786374e-4,8.868671229949235e-4
0xff7f00,c wasm,0.1548543509765293,0.1544153890836873,0.15608515611424992,1.1277130758311485e-3,1.278350031278198e-4,1.6329580530622368e-3
0xcab2d6,runtime,0.6906584964999828,0.6896059270000119,0.691191169249952,1.2155124989047907e-3,1.0592033338030478e-3,1.2301550223389338e-3
0x6a3d9a,runtime wasm,0.3928238809791935,0.39257831256250597,0.3929539046042123,2.328274775719441e-4,6.99534425636685e-5,3.0027669962244584e-4
