Color,Name,Mean,MeanLB,MeanUB,Stddev,StddevLB,StddevUB
0xa6cee3,ocaml,3.7331383105416713,3.7167522950000205,3.743174089749999,1.6735836802735136e-2,7.774200765036996e-3,2.335063112654063e-2
0x1f78b4,ocaml byte,6.41658144408332,6.378176492958332,6.436407054708297,3.7551744845459666e-2,2.3080412266204137e-2,4.578528652471723e-2
0xb2df8a,haskell,8.662373866916644,8.627252929791657,8.700498054833286,5.045965038369115e-2,2.5070083359861235e-2,6.701937667916956e-2
0x33a02c,haskell strict,8.855701393041693,8.773337914000052,8.918447765500048,9.83844760940853e-2,6.815337064511653e-2,0.11559080125805811
0xfb9a99,juvix,3.96309555424997,3.951628601749988,3.9729738964999606,1.394306909522936e-2,7.4751215958653834e-3,1.9464751179723634e-2
0xe31a1c,juvix wasm,2.0780176042708214,1.9760594991874854,2.129915894541644,9.952929045371026e-2,7.531127518368555e-3,0.11985396743336306
0xfdbf6f,c,0.16417137424253378,0.1627508971190266,0.16600453278067911,2.705792652890594e-3,1.9176485598610036e-3,3.59660824102295e-3
0xff7f00,c wasm,0.261352256846698,0.25850479321340875,0.26627134958003124,5.564911564568791e-3,1.8283876598361834e-3,7.1868906322348665e-3
0xcab2d6,runtime,1.63936769091661,1.6341425708333381,1.6430722309164973,6.1502332488954925e-3,5.1900411512493016e-3,6.8853155352110165e-3
0x6a3d9a,runtime wasm,0.9512151627708457,0.945815453750015,0.9547748763750121,5.872285812730822e-3,3.26755591146233e-3,8.22080643041372e-3
