Color,Name,Mean,MeanLB,MeanUB,Stddev,StddevLB,StddevUB
0xa6cee3,ocaml,19.467132913582947,19.36530367499995,19.612653097248995,0.1665935839088181,4.475487920323028e-2,0.21483978493758263
0x1f78b4,ocaml byte,35.50152724427024,35.34054103449898,35.58683791581211,0.15431353459010805,4.086149888071053e-2,0.2014166536819853
0xb2df8a,haskell,26.94275689799959,26.882094759749027,26.974695533249964,6.044057342355986e-2,2.808692356237088e-2,8.386325670493183e-2
0x33a02c,haskell strict,27.029671404500277,26.987139566751466,27.062123729499945,4.924224422564383e-2,2.869723217637705e-2,6.928914756620148e-2
0xfb9a99,juvix,15.566203017959197,15.536747679417203,15.59565835650119,4.30196195765622e-2,1.5449797070545938e-2,5.737548579043153e-2
0xe31a1c,juvix wasm,6.974362763103954,6.953277882999373,6.989210404874939,2.5484966592496966e-2,1.6408700202421772e-2,3.428915989323592e-2
0xfdbf6f,c,0.43599624612496274,0.4351956098745025,0.4373073447504794,1.4386090997945086e-3,2.9729652023386495e-4,1.8489902189047442e-3
0xff7f00,c wasm,0.7207144834577927,0.7085424391669524,0.7415870003749205,2.0838263054156772e-2,4.2253984728787275e-3,2.6880954047451864e-2
0xcab2d6,runtime,15.599629271854079,15.54957692231278,15.620753206916257,4.97069676126112e-2,1.6463490691731364e-2,6.717614195166803e-2
0x6a3d9a,runtime wasm,7.581709601520363,7.544981204958124,7.619372303624459,5.7608178824447256e-2,1.3611284749458719e-2,7.019906583861986e-2
