Color,Name,Mean,MeanLB,MeanUB,Stddev,StddevLB,StddevUB
0xa6cee3,ocaml,15.546544226750067,15.532162326000162,15.55750531675009,1.8797012094805055e-2,1.0814522776545054e-2,2.5313553048500977e-2
0x1f78b4,ocaml byte,29.68767795175006,29.66395074012496,29.733234467625152,4.55057720498925e-2,2.37378149995493e-3,5.346029034668661e-2
0xb2df8a,haskell,20.20169520554187,20.138646378333455,20.240053054292122,7.407895403539402e-2,6.212646666661748e-2,8.645355677758491e-2
0x33a02c,haskell strict,20.96502099587504,20.888369492499955,21.015664853375103,9.710202129934835e-2,5.225817390778313e-2,0.11695697904184957
0xfb9a99,juvix,4.805671911666688,4.802363699666482,4.811858839166955,6.301417291615216e-3,2.8633100009756163e-4,7.502102869482484e-3
0xe31a1c,juvix wasm,5.794335416479271,5.793469157416894,5.794765305583496,8.367865981327751e-4,1.6313767966972582e-4,1.0818386455376514e-3
0xfdbf6f,c,0.3635035728124952,0.3633747095000217,0.3636073617499278,1.6764511545955236e-4,1.1032365988186361e-4,2.2570758224155457e-4
0xff7f00,c wasm,0.5840325041040538,0.5836229233330716,0.5842707709165703,4.792212134942341e-4,4.3717726061679216e-4,5.50253633381388e-4
0xcab2d6,runtime,4.326574614500108,4.3247931395001915,4.329778865249864,3.213000815315466e-3,6.089108726831287e-4,4.114140283024594e-3
0x6a3d9a,runtime wasm,6.297098560916614,6.295107982749869,6.298628051208349,2.580708622248348e-3,1.064836835028338e-3,3.532206526624723e-3
