Color,Name,Mean,MeanLB,MeanUB,Stddev,StddevLB,StddevUB
0xa6cee3,ocaml,3.10611669510403,3.105564409249837,3.106668980958223,8.55720296036053e-4,3.7973352251271993e-4,1.1802264445877363e-3
0x1f78b4,ocaml byte,20.041917923916685,19.611131552375127,20.635274508250063,0.7499789107598276,0.357566646820338,0.9098170211228664
0xb2df8a,haskell,4.027068090062433,4.025177101124882,4.028607392562549,2.369031230496642e-3,1.410856925611166e-3,3.0699432873385088e-3
0x33a02c,haskell strict,4.029574696374842,4.023861448624984,4.032427523999823,5.452443533452583e-3,1.051490999922411e-3,6.597101903448172e-3
0xfb9a99,juvix,3.107512567687479,3.1053198141249823,3.1104038258125115,3.37617529102567e-3,1.1723756888099334e-3,4.475012347197779e-3
0xe31a1c,juvix wasm,2.6725545149582595,2.6723176341665367,2.672710115500024,2.8826682619183946e-4,1.87708696772498e-4,3.593440586952712e-4
0xfdbf6f,c,0.2509503622299417,0.2508540800299852,0.2511286150297747,1.994129308292264e-4,3.503959237408785e-5,2.5705454877324093e-4
0xff7f00,c wasm,0.2582823245868379,0.25815973067336623,0.25840491850030956,1.7254984473302255e-4,1.449177981078213e-4,1.9731878574129845e-4
0xcab2d6,runtime,3.1027735824168303,3.102560750333396,3.1030314802503653,3.116782775252877e-4,1.0986223664126221e-4,4.1480018789542963e-4
0x6a3d9a,runtime wasm,2.672136130416599,2.6717084691664845,2.6723465791666663,4.136502704455761e-4,4.407316661558802e-5,5.016307814940082e-4
