Color,Name,Mean,MeanLB,MeanUB,Stddev,StddevLB,StddevUB
0xa6cee3,ocaml,17.073329199208427,16.88837060025071,17.232957103125045,0.23173031463665653,0.11864265149521468,0.29578403739337794
0x1f78b4,ocaml byte,37.04477851814651,36.42031635429187,37.71838735456413,0.9382877424214588,0.46400954901086944,1.3085952212531575
0xb2df8a,haskell,24.04808422029161,23.909068381791865,24.120025711166516,0.13131488836208235,4.29856366669501e-2,0.16614175649011964
0x33a02c,haskell strict,23.84954783189528,23.712474134332297,23.97409874137429,0.17910134844831924,9.208415498249548e-2,0.24468391726665878
0xfdbf6f,c,0.4202056254173385,0.4150767111270852,0.4234904095831098,5.415123286438794e-3,2.7803258119553755e-3,7.5858840893514535e-3
0xff7f00,c wasm,0.7176097529795697,0.7128494268345094,0.721291074437886,5.7044860343166475e-3,3.998954498456442e-3,6.743335239249141e-3
0xcab2d6,runtime,6.035394694958541,5.969371958875399,6.100621530625176,8.986679484787263e-2,4.359617583938802e-2,0.12158738333711089
0x6a3d9a,runtime wasm,6.118078914687203,6.093414285063091,6.1307828844983305,2.373045011933634e-2,4.580189000989776e-3,3.112463445854826e-2
