Color,Name,Mean,MeanLB,MeanUB,Stddev,StddevLB,StddevUB
0xa6cee3,ocaml,3.108330256812527,3.106662490250301,3.1107278849374325,2.696153744560186e-3,6.252699996973643e-4,3.290353605816912e-3
0x1f78b4,ocaml byte,18.757366228874975,17.883901351124905,19.192663294375013,0.8241607294868112,0.2558920967500171,1.0086012591946345
0xb2df8a,haskell,4.030561031729292,4.024375410625339,4.036746652833244,9.336359574604922e-3,3.284320453045393e-3,1.25779876494663e-2
0x33a02c,haskell strict,4.026527099375168,4.024263504500141,4.028790694250196,3.696489802530538e-3,1.781220954943206e-3,5.171453378253317e-3
0xfb9a99,juvix,3.105091345937429,3.104505811249889,3.1056768806249693,7.6574743340669e-4,3.7159179734557477e-4,9.90307987884199e-4
0xe31a1c,juvix wasm,2.675755215916657,2.673426609124874,2.6772116335834353,2.4210356662326244e-3,1.2180476886004424e-3,3.397588939750162e-3
0xfdbf6f,c,0.2511381085466807,0.2510777462801161,0.25121542519991635,1.0505293396665798e-4,5.38207312227466e-5,1.4553079622431627e-4
0xff7f00,c wasm,0.2598481695500292,0.25918958224998884,0.2611333258500963,1.3887493793429172e-3,1.2044398695329581e-4,1.7544457550323213e-3
0xcab2d6,runtime,3.102952160416862,3.1026305833333936,3.1031727165002394,4.03755608233677e-4,2.0204200018270058e-4,5.093524564370187e-4
0x6a3d9a,runtime wasm,2.6746138325832853,2.672556349250044,2.6762696067499405,2.4629264583448714e-3,1.8180377962404095e-3,2.9335164289597104e-3
