Color,Name,Mean,MeanLB,MeanUB,Stddev,StddevLB,StddevUB
0xa6cee3,ocaml,3.1161224532708047,3.1099680579166034,3.1203127164375246,7.824742410431053e-3,3.983317375059414e-3,9.676998269124402e-3
0x1f78b4,ocaml byte,19.467201865583394,18.92043012833331,20.327551584750154,0.964404646751311,0.22978563738021118,1.2627152387464586
0xb2df8a,haskell,4.040997064437458,4.035306043999867,4.049788878499953,9.414701345180054e-3,1.7268178751237429e-3,1.165890163949972e-2
0x33a02c,haskell strict,4.037720536479166,4.032577699124886,4.041136041479301,6.362108297892785e-3,3.726629048736931e-3,7.887770924984768e-3
0xfb9a99,juvix,3.1109408964791974,3.107030886124903,3.1180417663751996,7.286533779702644e-3,4.7943387505711144e-4,8.618741697077293e-3
0xe31a1c,juvix wasm,2.679366896687649,2.67827413568754,2.679873235750089,1.0437108876834682e-3,4.665228849998137e-4,1.3542834542876001e-3
0xfdbf6f,c,0.251467278219831,0.25137737209979605,0.25151872669966907,1.0301074422673797e-4,3.91792992136329e-5,1.3936812459034855e-4
0xff7f00,c wasm,0.2632766393301002,0.26312482884010635,0.26356360710008936,3.097082773221479e-4,4.369921087224205e-5,3.964815959590734e-4
0xcab2d6,runtime,3.108097563479381,3.105696569312954,3.1120580782504703,4.492889215251525e-3,1.593606933419982e-3,5.516671311292537e-3
0x6a3d9a,runtime wasm,2.6822931681874707,2.6779929535623523,2.6896234956250282,7.650476299927527e-3,1.3875608751732216e-3,9.487267884141752e-3
