Color,Name,Mean,MeanLB,MeanUB,Stddev,StddevLB,StddevUB
0xa6cee3,ocaml,3.1057943817294245,3.104218794854205,3.108791015563156,3.0076671783743326e-3,1.573473377876381e-4,3.547666809123605e-3
0x1f78b4,ocaml byte,19.94067753162498,18.45805329162503,20.71977766199992,1.4485811955719923,0.5010784166915624,1.963389895746287
0xb2df8a,haskell,4.030495492854205,4.022846007333479,4.036927564562461,9.321994234715615e-3,5.779537527837789e-3,1.1178610156934415e-2
0x33a02c,haskell strict,4.019545968541782,4.01570066116695,4.021327693041674,3.672492758415428e-3,1.6395239618864944e-3,4.765640513364832e-3
0xfb9a99,juvix,3.105696967687417,3.1045522234374516,3.1076994696875886,2.088224029953928e-3,2.3892949972537103e-4,2.4995313141931317e-3
0xe31a1c,juvix wasm,2.6776516653958047,2.6740980798126657,2.6829562387498527,5.7865007283448835e-3,8.344800916360497e-4,7.3745440628320315e-3
0xfdbf6f,c,0.2510871124734179,0.2509677730000021,0.2513026686402463,2.3409283897764285e-4,3.5204967369982184e-5,2.996528366944503e-4
0xff7f00,c wasm,0.25900259427690797,0.258832417600388,0.25920806102023564,2.709221338337034e-4,1.4050823263030387e-4,3.7577075889940874e-4
0xcab2d6,runtime,3.102496346958219,3.1023042651665946,3.1026338753748632,2.4795237507395737e-4,1.2503224672186756e-4,3.1760827348317495e-4
0x6a3d9a,runtime wasm,2.6741580810208347,2.6722283614583375,2.6778730035625244,3.6834640878075356e-3,2.670417497938615e-4,4.456496435473008e-3
