Color,Name,Mean,MeanLB,MeanUB,Stddev,StddevLB,StddevUB
0xa6cee3,ocaml,3.108524653312486,3.1043927927497634,3.1165939539999954,8.117518571483257e-3,1.6397237493492867e-4,9.444863853412064e-3
0x1f78b4,ocaml byte,19.85063077383317,19.599468754249756,20.101792793416585,0.32157845130888796,0.15698712174698307,0.4230467167197932
0xb2df8a,haskell,4.0276449678540684,4.024072835458432,4.029567653791598,4.1398152598110536e-3,3.6856317067153004e-3,4.395622355008042e-3
0x33a02c,haskell strict,4.028657829062581,4.0237223847500445,4.031116436625098,4.924313535450203e-3,3.64583750069869e-5,5.699037950239751e-3
0xfb9a99,juvix,3.1036049080624557,3.103192205624964,3.1040176104999473,5.808789838953218e-4,3.6228211007936843e-4,8.083393072150112e-4
0xe31a1c,juvix wasm,2.6755102921669427,2.6746626413753347,2.676026517666893,8.552396255663073e-4,4.3599142222695863e-4,1.1921717254357686e-3
0xfdbf6f,c,0.250833104719956,0.25074011519997536,0.2510171547197205,1.98486451728424e-4,1.9434654808932124e-5,2.5202925883643435e-4
0xff7f00,c wasm,0.25738704140010366,0.2570638810000522,0.25755710300011436,3.3921645480798466e-4,1.6712270401047133e-4,4.565374842250641e-4
0xcab2d6,runtime,3.10182931712499,3.101660053375023,3.1020149319998986,2.3682844510886542e-4,1.1188625566243903e-4,3.000905038762679e-4
0x6a3d9a,runtime wasm,2.672486270562653,2.6711083270626546,2.6740440576874676,1.8895564496830728e-3,7.987332501215858e-4,2.304265004603599e-3
