Color,Name,Mean,MeanLB,MeanUB,Stddev,StddevLB,StddevUB
0xa6cee3,ocaml,16.25358122181251,16.245902137562325,16.257352431625122,7.356874023800779e-3,3.15613432039172e-4,8.869850758674677e-3
0x1f78b4,ocaml byte,29.690650245083663,29.685863801000778,29.695869896750082,6.35439033285858e-3,2.7692169996953453e-3,7.856202758424562e-3
0xb2df8a,haskell,22.544523547791414,22.514519604166708,22.55890218279137,2.836422355938875e-2,8.33712766689132e-3,3.608510456267896e-2
0x33a02c,haskell strict,22.544227817062847,22.540648698375662,22.546552652875334,4.317154790965136e-3,2.9467638920310625e-3,5.368978328645213e-3
0xfb9a99,juvix,13.085798181228748,13.08480097283321,13.087116017248945,1.5535390684934527e-3,4.836286678641592e-4,2.075171803942624e-3
0xe31a1c,juvix wasm,5.8082627268748865,5.807218944999931,5.809560964749608,1.6524744743032528e-3,6.631483985093613e-4,2.2766520374173835e-3
0xfdbf6f,c,0.3632327841251026,0.36319370950013763,0.3632718587500676,6.24436121073725e-5,3.1218661742499066e-5,8.764379138566544e-5
0xff7f00,c wasm,0.584294351957889,0.5817417893738366,0.5859070202916048,2.745694722352474e-3,1.1067510623965046e-3,3.7242979863375838e-3
0xcab2d6,runtime,13.041313658583817,13.040801958000088,13.041652343042188,5.591538676749776e-4,3.1416478119241444e-4,7.82158252841402e-4
0x6a3d9a,runtime wasm,5.166715784125245,5.1604149511247215,5.171244653000713,7.775987669253712e-3,4.503973299032917e-3,1.0458974657504115e-2
