Color,Name,Mean,MeanLB,MeanUB,Stddev,StddevLB,StddevUB
0xa6cee3,ocaml,5.769612019124945,5.765208660624694,5.77584739524995,6.705544582992213e-3,2.28500643570239e-3,8.806505232937594e-3
0x1f78b4,ocaml byte,19.592776495333663,19.588636187500924,19.597376760500083,6.0533091750962515e-3,3.0165671155443726e-3,7.99303053830495e-3
0xb2df8a,haskell,5.849350675854453,5.84439460637509,5.853906283771153,7.472938107546285e-3,4.391233333080891e-3,1.0520725828116438e-2
0x33a02c,haskell strict,6.3532855381249265,6.3510384308750645,6.357382856749837,4.229326914331149e-3,2.645972498762639e-4,5.008181008825219e-3
0xfb9a99,juvix,5.954465590666928,5.765807824999797,6.3300833247509445,0.37615873139936934,2.966895166082395e-3,0.4355626923324643
0xe31a1c,juvix wasm,3.5204635280414323,3.5190652321249445,3.522817038499511,2.424304261196571e-3,3.5703683329302294e-4,2.927632275992163e-3
0xfdbf6f,c,0.3267847551897588,0.326691437480149,0.32691428819925933,1.68084167383374e-4,9.739947408956511e-5,2.2750631350357197e-4
0xff7f00,c wasm,0.36645231214561136,0.36525327812523756,0.36724384145782096,1.4555708404870064e-3,9.41091811818556e-4,1.827958645902778e-3
0xcab2d6,runtime,5.763604137749932,5.763501187625252,5.763701092124999,1.398954712938155e-4,7.348218415416415e-5,1.8850341932739217e-4
0x6a3d9a,runtime wasm,3.6095320566875366,3.6080635366251954,3.611999693062444,2.6112400102218554e-3,3.049823753826786e-4,3.2648301801907666e-3
