Color,Name,Mean,MeanLB,MeanUB,Stddev,StddevLB,StddevUB
0xa6cee3,ocaml,14.221575488103818,14.045753287873822,14.311044201062373,0.16947876854153435,3.526093190613905e-2,0.2206524552176713
0x1f78b4,ocaml byte,30.699929886145924,30.413418205666858,30.98644156662499,0.4599923731891382,0.13624007992818898,0.6139519478022955
0xb2df8a,haskell,20.578480228291408,20.45694425683299,20.799688399541463,0.22680508703787405,1.3758141636792065e-2,0.27301665849906737
0x33a02c,haskell strict,20.327688311416978,20.286367075541648,20.385220074250128,6.437108490471594e-2,2.5549603596758647e-2,8.404429719804483e-2
0xfb9a99,juvix,12.51890510697937,12.445464938375153,12.568442268145947,8.989667284427097e-2,5.916681815357895e-2,0.11440117333765532
0xe31a1c,juvix wasm,5.777396471707978,5.725813756166341,5.815571553874975,6.40307563830161e-2,3.707986120167654e-2,7.981870598873932e-2
0xfdbf6f,c,0.35326219185390073,0.33869471468665324,0.36005374766705245,1.4347903076688569e-2,2.0371093328321876e-3,1.7997199349527492e-2
0xff7f00,c wasm,0.5293124769170466,0.5207214361679083,0.533727272416589,8.138773243183272e-3,1.9304621665317545e-3,9.927725056416757e-3
0xcab2d6,runtime,12.59959468422907,12.48222924818731,12.738725596749646,0.16173908095073614,6.373330637529762e-2,0.19790326950176537
0x6a3d9a,runtime wasm,5.690313098416709,5.642013966333252,5.770555518916581,8.740767805110525e-2,1.3464500136010346e-2,0.1115420676400371
