Color,Name,Mean,MeanLB,MeanUB,Stddev,StddevLB,StddevUB
0xa6cee3,ocaml,5.765560434374909,5.763486066624864,5.767899159499999,3.248835692813155e-3,1.2650790452978329e-3,4.227686317236092e-3
0x1f78b4,ocaml byte,19.599614963312245,19.596708737187594,19.60156555199948,3.185694838957285e-3,1.9522244106434724e-3,4.504691614617232e-3
0xb2df8a,haskell,6.3487747999376625,6.346698367500418,6.351822787062588,3.175167272243192e-3,7.18413683314253e-4,4.1842512459838435e-3
0x33a02c,haskell strict,5.873034422333224,5.872365339499538,5.873356625000042,6.383969000277101e-4,1.0892900081671542e-4,8.010854308721847e-4
0xfdbf6f,c,0.32663993203022984,0.3266043454303144,0.3266774194500613,4.989200410982391e-5,4.2470636140411565e-5,5.737873060241712e-5
0xff7f00,c wasm,0.3656526205620594,0.36558679043741904,0.365686723499266,6.331931378186457e-5,3.196237457814277e-5,7.875735990560955e-5
0xcab2d6,runtime,3.4605258760828974,3.4592498497497672,3.462812179083244,2.3538960604485484e-3,1.0589392919659914e-4,2.7890210238717098e-3
0x6a3d9a,runtime wasm,3.586305059562316,3.5856565848748687,3.5870553254994775,9.634298572964166e-4,3.9392557898755066e-4,1.3185606276732002e-3
