Color,Name,Mean,MeanLB,MeanUB,Stddev,StddevLB,StddevUB
0xa6cee3,ocaml,3.106115423666779,3.1054985750417927,3.107013811875049,1.0616848042041562e-3,3.324194351572343e-4,1.4245508787402077e-3
0x1f78b4,ocaml byte,19.00180013550003,18.404111908249945,19.564823570750207,0.7681483177350483,0.4215686794999929,0.9364703886931712
0xb2df8a,haskell,4.032641629583263,4.029591331124948,4.034124770291575,2.885233364139749e-3,7.450241667661395e-4,3.524852415139535e-3
0x33a02c,haskell strict,4.0226810597293365,4.019795504125227,4.024408773000232,3.3490707857372023e-3,3.004519469400231e-3,3.6696847395773936e-3
0xfb9a99,juvix,3.1048629013751188,3.10455733900028,3.1051684637499575,5.236348295489451e-4,1.4260900013596256e-4,6.246871533253151e-4
0xe31a1c,juvix wasm,2.675770738958363,2.6740278552501877,2.6776816137498827,2.4669680712111008e-3,1.2568350517770492e-3,3.156141249309331e-3
0xfdbf6f,c,0.25109263295355355,0.25097471833344875,0.25132257680052134,2.451571312700585e-4,3.8588774383099085e-5,3.190162387555631e-4
0xff7f00,c wasm,0.25956635565667663,0.2589635592199738,0.26075396490660446,1.2891696778940807e-3,9.212720258834715e-5,1.6336384859400636e-3
0xcab2d6,runtime,3.1063851633542563,3.1023216366667534,3.114201216666667,7.773560885569463e-3,4.940607083956383e-4,9.384312907556045e-3
0x6a3d9a,runtime wasm,2.6737490019791608,2.673090371562523,2.6740966705207825,6.242320180853018e-4,1.8587864100990596e-4,8.029061043762474e-4
