Color,Name,Mean,MeanLB,MeanUB,Stddev,StddevLB,StddevUB
0xa6cee3,ocaml,17.55618391829148,17.407643095500134,17.79123951366637,0.2505900188601124,9.918084249202208e-3,0.3036387327070065
0x1f78b4,ocaml byte,37.79192756897961,37.65543228975025,37.886988545125405,0.15769818661676302,9.568842415590496e-2,0.2195339206688185
0xb2df8a,haskell,25.676324229354123,25.611932677791856,25.744072601833068,0.10991181565957765,3.872967162985404e-2,0.14870591851204917
0x33a02c,haskell strict,25.93739581170803,25.714836353749888,26.037496425666177,0.21243777869868882,4.0491549397336596e-2,0.2772353006243283
0xfb9a99,juvix,15.67785391418723,15.62947697606281,15.740102469499714,8.067393652421123e-2,3.960286997040591e-2,0.10212852849119501
0xe31a1c,juvix wasm,7.2966602470417,7.256667645999869,7.326791400292677,4.64729783611623e-2,3.0791766445186983e-2,5.576564454382026e-2
0xfdbf6f,c,0.44524980599999253,0.4435659052505798,0.44633226587484387,2.086611478015186e-3,1.2151469194912104e-3,2.499834000529555e-3
0xff7f00,c wasm,0.6708620990002601,0.662690937249863,0.683789234750293,1.4395035701120263e-2,3.3184182502736803e-3,1.8795996548527056e-2
0xcab2d6,runtime,15.460763054083221,15.288078952374008,15.554980832458645,0.1652428153766868,8.022078837264836e-2,0.2175866388299964
0x6a3d9a,runtime wasm,6.951347657874673,6.900547107499733,6.978266610999526,5.063836738780418e-2,3.4104836349019625e-2,6.216665933174779e-2
