Color,Name,Mean,MeanLB,MeanUB,Stddev,StddevLB,StddevUB
0xa6cee3,ocaml,17.209535754062966,17.167208728000332,17.273524008250206,6.785074762426489e-2,1.4823841500401613e-2,8.245024933660619e-2
0x1f78b4,ocaml byte,35.145671225812144,34.384170402061955,36.54636494056217,1.386649838622959,0.2273868240890391,1.7586108223211712
0xb2df8a,haskell,23.11713797822904,22.73883526291661,23.87105871537483,0.7511620382379959,6.200034011326849e-3,0.8705637200929869
0x33a02c,haskell strict,24.818559555750273,24.311174528499578,24.989375597375478,0.3396852954246748,2.3895202499867096e-2,0.40258929296512674
0xfdbf6f,c,0.4419213040836591,0.43930879350023133,0.44322958400061907,2.943343134583728e-3,1.3548826673413378e-3,3.974713465126456e-3
0xff7f00,c wasm,0.7693812357078968,0.7662940382497254,0.7719254800827002,4.263514126083976e-3,2.2927544134736908e-3,5.875680698707699e-3
0xcab2d6,runtime,6.428012243270587,6.373843504020897,6.453538200457842,5.170534283783894e-2,8.669444832776207e-3,6.614767173634417e-2
0x6a3d9a,runtime wasm,6.530341154979624,6.33670011285426,6.635751567500847,0.1943433527223696,5.08790190291441e-2,0.25672706990344857
