Color,Name,Mean,MeanLB,MeanUB,Stddev,StddevLB,StddevUB
0xa6cee3,ocaml,16.620933388395617,16.53461280693773,16.71566030012491,0.12061511899641844,8.153443417016025e-2,0.15926014754355852
0x1f78b4,ocaml byte,32.32257813150003,32.26800138999988,32.421422976250064,0.10277569264818517,1.7891386249752617e-3,0.1233623648405582
0xb2df8a,haskell,21.91903565031244,21.86328491762538,21.974786382999504,8.509982131033743e-2,3.0075462246913383e-2,0.11505557393538379
0x33a02c,haskell strict,21.716867773666383,21.66160262374933,21.767955404875238,7.221420034133332e-2,3.189555425251353e-2,9.573384247314749e-2
0xfdbf6f,c,0.4268791007704446,0.4155362183325148,0.4352348327914418,1.3080375103805502e-2,7.019190852602249e-3,1.8423292267963166e-2
0xff7f00,c wasm,0.6459336771458387,0.6351058347499929,0.6536366386875443,1.283152502443288e-2,1.1128136512590892e-2,1.5039669815888503e-2
0xcab2d6,runtime,6.3790710294165365,6.336677741083349,6.410490546916208,5.0356826196729695e-2,4.124492119255885e-2,5.841301184158299e-2
0x6a3d9a,runtime wasm,5.663339670062669,5.6214734390005106,5.7052059011248275,6.1218754057707485e-2,2.9985283022786354e-2,8.509172976038457e-2
