Color,Name,Mean,MeanLB,MeanUB,Stddev,StddevLB,StddevUB
0xa6cee3,ocaml,16.154372806854024,15.965015088332924,16.271960917479117,0.2293849252149232,0.1460192214562586,0.27155810929158697
0x1f78b4,ocaml byte,30.626670064395892,29.645035651750277,31.31258346172907,1.2202932786813463,0.8328677525987779,1.5840491383643205
0xb2df8a,haskell,23.974644989083306,23.22460203649962,24.503473087500197,0.8973544206081824,0.6479304163605936,1.0855188659119148
0x33a02c,haskell strict,23.224897396771023,22.887891374437345,23.650384372084016,0.4818789225997166,0.1707610048335173,0.5986936565139387
0xfb9a99,juvix,13.610845340791647,13.438581403458596,13.870233682666216,0.3018123027954407,6.0610439394106624e-2,0.3978265223636088
0xe31a1c,juvix wasm,6.017073505333239,5.918669783583179,6.090481878249761,0.12616059803996027,7.25909866062631e-2,0.15361223960834322
0xfdbf6f,c,0.3747628042293248,0.36772336433356634,0.3791904015416397,8.255763231464515e-3,7.2022819510067e-3,9.45839373050963e-3
0xff7f00,c wasm,0.601023285749875,0.5921093629997358,0.6062099109999508,8.935747287058576e-3,5.160932506366642e-3,1.1977997937268007e-2
0xcab2d6,runtime,13.229728134145944,13.019280026937622,13.332582904041828,0.19869741084593256,7.271229741672869e-2,0.24847616904138317
0x6a3d9a,runtime wasm,6.185572021416458,6.162111360749691,6.196558259916439,2.2371188197478218e-2,1.0986652420844756e-2,2.8808443983913322e-2
