Color,Name,Mean,MeanLB,MeanUB,Stddev,StddevLB,StddevUB
0xa6cee3,ocaml,15.554535943750201,15.536917657249964,15.563373813000302,1.797726226851958e-2,1.5032172141664605e-2,2.04101847624341e-2
0x1f78b4,ocaml byte,29.735589356291786,29.685998670791225,29.812257412874942,8.94387987245847e-2,3.326636183252596e-2,0.10945876410461794
0xb2df8a,haskell,20.167316939541973,20.094914933750943,20.205587425416677,7.036696972297544e-2,3.568666633312567e-2,8.838190128711416e-2
0x33a02c,haskell strict,20.21166894110388,20.146280136354108,20.2554271085412,7.150766177615814e-2,4.235736905875161e-2,0.10105515899672048
0xfdbf6f,c,0.363380971270999,0.3632264055208907,0.36356578858385546,2.1789917386530274e-4,8.28761249067611e-5,2.665147719847962e-4
0xff7f00,c wasm,0.5833124475620934,0.5832008241247877,0.5834443517487671,1.7091641442466078e-4,7.820274020539782e-5,2.2322035663031696e-4
0xcab2d6,runtime,4.327828117437396,4.325531508000191,4.330124726874601,4.1240114976503475e-3,5.906359998939514e-4,4.882843147342363e-3
0x6a3d9a,runtime wasm,5.10833507395849,5.107736480750191,5.1086970175416955,7.070942471264736e-4,5.961865607063193e-4,8.35872900780391e-4
