Color,Name,Mean,MeanLB,MeanUB,Stddev,StddevLB,StddevUB
0xa6cee3,ocaml,3.110881371958404,3.1073247662500307,3.1144379776667774,6.444554113524679e-3,8.113367500754975e-4,7.616161146295251e-3
0x1f78b4,ocaml byte,20.660647003375022,19.801228652000038,21.899051504624936,1.4733573847793775,0.485203517025925,1.9847416660514057
0xb2df8a,haskell,4.029610668083516,4.026349211000252,4.031235684750186,3.246712226264202e-3,3.38119998559705e-5,3.766052453183945e-3
0x33a02c,haskell strict,4.036963525166509,4.031965289041675,4.046335012666229,9.628423565054426e-3,1.1887639165402142e-3,1.1507703339672064e-2
0xfb9a99,juvix,3.107567668374903,3.1069277900000998,3.108764037249633,1.212088933618068e-3,6.26822500180424e-5,1.4299182154226258e-3
0xe31a1c,juvix wasm,2.674756951583428,2.6719124441250415,2.680297657500205,5.504597566465683e-3,2.839110798892753e-4,6.569108587245613e-3
0xfdbf6f,c,0.251056808179992,0.25102194189989857,0.2511223393000819,7.13196404212228e-5,1.2146589728525157e-5,9.09782980052734e-5
0xff7f00,c wasm,0.25889271883670817,0.2586615206099941,0.25938061180013394,4.8292915771584315e-4,8.830131830125633e-5,6.162041941656604e-4
0xcab2d6,runtime,3.1025620599791446,3.102483785166593,3.1026033191666706,7.605557466497553e-5,4.058349018962636e-5,9.528401209887769e-5
0x6a3d9a,runtime wasm,2.674029858499883,2.6727169469999508,2.6750594767499933,1.5682184528902755e-3,1.3244043116107638e-3,1.8108123539881536e-3
