Color,Name,Mean,MeanLB,MeanUB,Stddev,StddevLB,StddevUB
0xa6cee3,ocaml,18.54641368081222,18.35454010074985,18.673102329812462,0.22696112036331437,0.19101440136329287,0.26940937858779584
0x1f78b4,ocaml byte,33.829000860333245,33.55689368337494,34.19731768887493,0.3968406458780306,0.14566892380472984,0.5282792924827103
0xb2df8a,haskell,23.455938210104364,23.295634636250725,23.722331852500247,0.2960008862297762,8.989516512497175e-2,0.3622004757523253
0x33a02c,haskell strict,23.1014505514169,22.823048416000802,23.24883916083339,0.27322771415553043,0.11219754314744546,0.3733609896658253
0xfb9a99,juvix,14.72086585685444,14.561270573438378,14.894300661208337,0.22153126016329167,0.14954153962829567,0.29329556064153217
0xe31a1c,juvix wasm,6.600686254624937,6.562636360500012,6.651048998874785,6.039526883507434e-2,2.2431047470276362e-2,7.828185288051585e-2
0xfdbf6f,c,0.4264863410420124,0.4224871656668559,0.43062108966690477,5.334432631297453e-3,2.693462641490605e-3,6.615453359311216e-3
0xff7f00,c wasm,0.6670295036454187,0.6596010927915661,0.6744579144992713,1.0139354178106455e-2,6.112111118802678e-3,1.3930654666819593e-2
0xcab2d6,runtime,14.804178848833052,14.45361582916659,15.110480836750071,0.45019013301041855,0.21267877750051412,0.5933770721439747
0x6a3d9a,runtime wasm,7.163290849707853,7.100635273374678,7.206655318749654,7.117875723642007e-2,4.272521666504064e-2,0.10008211859369684
