Color,Name,Mean,MeanLB,MeanUB,Stddev,StddevLB,StddevUB
0xa6cee3,ocaml,3.1087986464584483,3.1083364640001037,3.109260828916793,6.921321703762684e-4,2.734140994724271e-4,9.450128866687423e-4
0x1f78b4,ocaml byte,18.51119938870833,17.933575509083237,18.775535996583397,0.5509262336900342,0.22003111957220844,0.7235059627142477
0xb2df8a,haskell,4.033150586708511,4.025948082125012,4.044776527500289,1.2340301848567131e-2,1.247784083299397e-3,1.538918020415264e-2
0x33a02c,haskell strict,4.022341348833474,4.017974949500285,4.026406194499998,5.42031935903516e-3,3.3273839544186467e-3,6.971196772536222e-3
0xfb9a99,juvix,3.1062405561874016,3.105054168249808,3.1074269441249953,1.625968440215597e-3,1.2626275100626394e-4,1.988010489974074e-3
0xe31a1c,juvix wasm,2.676194668041622,2.675016612749914,2.677291243875061,1.4798514587728857e-3,7.779130002063539e-4,1.8223455990007608e-3
0xfdbf6f,c,0.2510105027998876,0.2509471408998949,0.25113675569983573,1.3867002972097563e-4,6.271041953120822e-6,1.7309650750091819e-4
0xff7f00,c wasm,0.2590407971168073,0.2589089968500048,0.2591897062169968,2.0659397431887583e-4,1.4047115492694373e-4,2.93374260359806e-4
0xcab2d6,runtime,3.101854081396065,3.1016951005835076,3.1019550162917158,1.691060035598438e-4,9.769482816529498e-5,2.3893886260101726e-4
0x6a3d9a,runtime wasm,2.6732474989584034,2.6727860581665936,2.673708939750213,6.662055490593971e-4,3.0160049012170463e-4,9.159475346255811e-4
