Color,Name,Mean,MeanLB,MeanUB,Stddev,StddevLB,StddevUB
0xa6cee3,ocaml,3.108635814520767,3.1060676163749577,3.1106090212707613,3.3754749298579552e-3,1.9140002066301057e-3,4.556925793104354e-3
0x1f78b4,ocaml byte,19.212506760416733,17.699320183250165,20.27660831924993,1.8385601718464142,1.2503942469254155,2.2441604637195725
0xb2df8a,haskell,4.032848937645762,4.024979258833279,4.044191021187373,1.3504484165001206e-2,4.357550186197238e-3,1.8174244723291856e-2
0x33a02c,haskell strict,4.023807804249922,4.018120092249926,4.026487147499836,5.560367809622127e-3,1.0045490001857615e-3,7.14758074421378e-3
0xfb9a99,juvix,3.1054435171876094,3.1043225943753896,3.1059911554374366,1.0949117860332956e-3,6.476774979091715e-5,1.3239439856782048e-3
0xe31a1c,juvix wasm,2.6750333463544016,2.674704103375234,2.6755323991875457,5.482289841351349e-4,8.887462513484934e-5,7.06038131936878e-4
0xfdbf6f,c,0.25109498337004577,0.2510194830199786,0.25123842112017886,1.5564662251518863e-4,1.5886217199550016e-5,2.0133995736115634e-4
0xff7f00,c wasm,0.25971571054996273,0.259097130750024,0.26092092354979285,1.3240580230428805e-3,8.432248970607643e-5,1.6600699742701374e-3
0xcab2d6,runtime,3.1073634907917835,3.102885618916787,3.116194521750174,8.831933436545007e-3,1.389939980665552e-4,1.0341202129704016e-2
0x6a3d9a,runtime wasm,2.6727845423123804,2.672258781437449,2.673059064812378,5.0156137759137e-4,2.3796594900879248e-4,6.339825570886329e-4
