Color,Name,Mean,MeanLB,MeanUB,Stddev,StddevLB,StddevUB
0xa6cee3,ocaml,16.881020169021138,16.630047826312648,16.999842869541986,0.2397298546844276,0.11377766767440545,0.3051865259613909
0x1f78b4,ocaml byte,37.15220674268653,36.726556204687085,37.451774808185974,0.5010234671354311,0.320029396212177,0.6918228130268755
0xb2df8a,haskell,25.0659684750201,24.998287349874317,25.106641752978476,7.987587681131808e-2,6.2291209898200424e-2,9.393091191237206e-2
0x33a02c,haskell strict,24.500565536604654,24.106914841064054,24.73409640645832,0.39795959341298015,0.1831263082081023,0.5532899430413012
0xfb9a99,juvix,15.526477274958475,15.27172949087526,15.650769217166573,0.24659482748096084,2.3779545666305246e-2,0.2943295676924522
0xe31a1c,juvix wasm,7.1791788788131425,7.144803605938023,7.205942828875626,4.559919807266707e-2,2.3488695749923405e-2,6.1808695092610076e-2
0xfdbf6f,c,0.43365055483324494,0.41911504866705707,0.4448578904994065,1.7660141313535067e-2,1.108295493401497e-2,2.1190559675818676e-2
0xff7f00,c wasm,0.6584890393752781,0.6377912036255111,0.6795263002504726,2.7507811790808686e-2,1.5770531009649338e-2,3.704353343424363e-2
0xcab2d6,runtime,15.355153205103989,15.193205346562763,15.43340773431214,0.15637507957530078,1.2560370864766413e-2,0.187212072187974
0x6a3d9a,runtime wasm,6.715785323958396,6.6590491896671065,6.748754366333439,6.632749256932882e-2,5.8296245399447735e-2,7.388098630840897e-2
