Color,Name,Mean,MeanLB,MeanUB,Stddev,StddevLB,StddevUB
0xa6cee3,ocaml,19.541602213958033,19.50215410183303,19.616581024624793,7.597278872192327e-2,2.1041259198726625e-3,9.006174024848498e-2
0x1f78b4,ocaml byte,35.64858000735444,35.640368029750334,35.66086221797923,1.4217863282209208e-2,4.6449225005744665e-3,1.7405058445326884e-2
0xb2df8a,haskell,20.993873260708597,20.992083462125038,20.997416826125345,3.5442536921299326e-3,3.531875017870334e-5,4.11224129921802e-3
0x33a02c,haskell strict,20.982785266436547,20.977833363374735,20.98773716949836,7.246486993486366e-3,3.121785636328346e-3,9.942346913367785e-3
0xfb9a99,juvix,15.665579058083646,15.660807046750051,15.67013530862505,6.138988713856789e-3,3.1512573478279233e-3,7.869230764280035e-3
0xe31a1c,juvix wasm,6.9849601554164265,6.979373409416364,6.994794190499988,9.955165102523518e-3,1.993522352527392e-3,1.2902037228121067e-2
0xfdbf6f,c,0.43607094349969583,0.435981342749983,0.4361178752496926,8.47627452499801e-5,2.567649971751962e-5,1.0838423397670862e-4
0xff7f00,c wasm,0.7166481613128326,0.7081387728753725,0.7243928088125813,1.0539655628577055e-2,6.150185499791405e-3,1.2549968312285251e-2
0xcab2d6,runtime,15.659571798312072,15.65532705393639,15.667575725125062,8.189383069276539e-3,8.80685875472409e-4,9.75063389485977e-3
0x6a3d9a,runtime wasm,7.589401936395689,7.583873479667091,7.594930393124287,8.787825578521787e-3,3.4065163883929238e-3,1.1984642227878357e-2
