Color,Name,Mean,MeanLB,MeanUB,Stddev,StddevLB,StddevUB
0xa6cee3,ocaml,3.112502424812438,3.1121870601250903,3.112970719312159,5.380166633634528e-4,1.4972562816277903e-4,7.153547367594863e-4
0x1f78b4,ocaml byte,19.831561573562528,19.49276899931249,20.07409197725004,0.41893163909666153,0.23950147239623384,0.560099975422611
0xb2df8a,haskell,4.041317181583433,4.035574101250177,4.047383030666728,9.066843491403092e-3,2.2506522228151393e-3,1.1757826181599873e-2
0x33a02c,haskell strict,4.042749128333355,4.036438591999911,4.047178490208466,7.848672835050351e-3,3.955985665555731e-3,1.0229173083734928e-2
0xfb9a99,juvix,3.111365593083273,3.107589277750037,3.115170681999871,4.961472898655984e-3,2.3653223333137685e-3,6.056237469434952e-3
0xe31a1c,juvix wasm,2.6811604401247187,2.6787835716246113,2.685584602499773,4.545057165833718e-3,2.925710001970838e-4,5.4891426734612146e-3
0xfdbf6f,c,0.2512400394632914,0.25118085928995243,0.25130856824994224,9.610958043736306e-5,5.612677561302702e-5,1.304030770627117e-4
0xff7f00,c wasm,0.26249460128665303,0.2621879940266808,0.2627558157333624,4.1062192263537843e-4,2.9441045802946526e-4,5.203089918027355e-4
0xcab2d6,runtime,3.103034169312385,3.101387268562007,3.1042384130625655,2.040750187799533e-3,1.2741907320726808e-3,2.7810818133464682e-3
0x6a3d9a,runtime wasm,2.678384330624965,2.67767446712503,2.678770432249962,6.963451175324911e-4,1.5222300010009349e-4,9.075657556355754e-4
