Color,Name,Mean,MeanLB,MeanUB,Stddev,StddevLB,StddevUB
0xa6cee3,ocaml,3.1097407599583655,3.1072824772501235,3.1135489617499843,4.166052155648425e-3,6.931002500323302e-4,5.357490838398316e-3
0x1f78b4,ocaml byte,19.40086096472919,18.70995644008326,19.826654050812635,0.8240370018439693,0.5903807124832238,0.9833270114774336
0xb2df8a,haskell,4.053154585000016,4.036789755499967,4.082234986375283,2.875287507099749e-2,6.091247000085787e-3,3.7328277102464655e-2
0x33a02c,haskell strict,4.025904666604011,4.021575978958291,4.031164080437236,6.472387661073874e-3,2.3634647750643625e-3,8.741385751278544e-3
0xfb9a99,juvix,3.105985406916659,3.1052530876250444,3.1063322627082925,7.006011668083093e-4,3.399384548046354e-4,8.901898219075515e-4
0xe31a1c,juvix wasm,2.68259426914589,2.6762579713958226,2.6950489098126127,1.2480082764901779e-2,1.8157795878398324e-4,1.4542830661980581e-2
0xfdbf6f,c,0.25109701391993744,0.25100264331997096,0.2512827365999177,1.9446728843163e-4,4.8292956379267655e-5,2.552973786321924e-4
0xff7f00,c wasm,0.25981397760005775,0.2591177540000354,0.26118669240008785,1.5331787099238797e-3,2.1481775874700052e-5,1.891378559759445e-3
0xcab2d6,runtime,3.103253351499992,3.102863548375012,3.103696091500069,5.421097713587945e-4,2.2457749992099707e-4,6.607533261939184e-4
0x6a3d9a,runtime wasm,2.678109470541832,2.6746140847501465,2.6843540641251025,6.392736358129135e-3,7.74816249986543e-4,7.660465623333229e-3
