Color,Name,Mean,MeanLB,MeanUB,Stddev,StddevLB,StddevUB
0xa6cee3,ocaml,3.1091634035417237,3.108137800500117,3.1098559954166753,1.2647027200003884e-3,7.690563468460868e-4,1.599472421767488e-3
0x1f78b4,ocaml byte,19.146513300062622,17.894634132000192,19.742719464250058,1.184443670422638,0.37804266637488126,1.514211941150395
0xb2df8a,haskell,4.0360039226249,4.032432807499845,4.037687227874926,3.3865952127682206e-3,9.685853284050298e-4,4.359710158107848e-3
0x33a02c,haskell strict,4.044610723854021,4.038336406229064,4.047966880333206,6.259627694864989e-3,2.883035689528862e-3,8.692280378952479e-3
0xfb9a99,juvix,3.1078414047501233,3.106309859750051,3.109030718750205,1.983251602795508e-3,1.2797011673851446e-3,2.6652053045205662e-3
0xe31a1c,juvix wasm,2.6760956421874007,2.6731027926876436,2.678503558937355,4.16339044476603e-3,1.2485024184337844e-3,5.5608455350898795e-3
0xfdbf6f,c,0.25104707508010504,0.25093787178005184,0.25127069440022753,2.1893555743238732e-4,4.927100771177819e-5,2.866539661888611e-4
0xff7f00,c wasm,0.25904518840662605,0.25811070810665115,0.2608185278998917,1.995047433374456e-3,1.238109497081613e-4,2.5195999393354354e-3
0xcab2d6,runtime,3.1036885224998323,3.10316159249993,3.1043399609998232,8.693463127666208e-4,3.097842149937058e-4,1.1653653527230225e-3
0x6a3d9a,runtime wasm,2.6734954719791326,2.6727967345627803,2.6739213208330357,7.335644055535156e-4,3.590744067388291e-4,1.027896521022531e-3
