Color,Name,Mean,MeanLB,MeanUB,Stddev,StddevLB,StddevUB
0xa6cee3,ocaml,17.89911007270818,17.437157354000192,18.12732396024967,0.43618059802055287,1.2759310756616848e-2,0.5334933480695185
0x1f78b4,ocaml byte,38.00518369408269,36.91796478487322,38.5105881064585,1.0802523622270879,0.4811414562388352,1.4959829879196938
0xb2df8a,haskell,25.189085998791672,25.00162416999956,25.335221427042217,0.22930070534867233,0.1445706340752235,0.2883539151884026
0x33a02c,haskell strict,25.138648447208578,24.982755593251113,25.380660823750077,0.2702206938739171,2.0101582093297987e-2,0.3399175426950244
0xfb9a99,juvix,7.014654103416736,6.9854065185412155,7.0598886776251675,5.1244108093604836e-2,1.3058241253171517e-2,6.75444040041122e-2
0xe31a1c,juvix wasm,7.785496906541009,7.758114916623754,7.833886240499851,4.936663728268433e-2,7.825693646812057e-3,6.32359969986985e-2
0xfdbf6f,c,0.4442329306666579,0.43963084158349375,0.4485473976674257,6.17630902039529e-3,3.189705378012132e-3,8.357513111370554e-3
0xff7f00,c wasm,0.6692927652919328,0.6595550232505047,0.6779924206252872,1.2262595686132057e-2,5.975649332564614e-3,1.5588266454192506e-2
0xcab2d6,runtime,6.440980430645823,6.280057470895599,6.518612643958477,0.1522024181697072,5.58149863336439e-2,0.19235173950694223
0x6a3d9a,runtime wasm,6.954155819021783,6.942401743751361,6.960452346875627,1.1589853345699097e-2,4.996982361140558e-3,1.5922550671381583e-2
