Color,Name,Mean,MeanLB,MeanUB,Stddev,StddevLB,StddevUB
0xa6cee3,ocaml,19.9701123969791,19.512224650708355,20.265132859562073,0.5333728428676077,0.4756381388744704,0.5822635187291014
0x1f78b4,ocaml byte,36.20764572608372,35.66877179824996,37.18492545250092,0.993266666580092,8.859691797287739e-3,1.1715822228388042
0xb2df8a,haskell,27.83954352100007,27.28996377300018,28.253763357749676,0.6636800809005292,0.38751258250022147,0.821739074153873
0x33a02c,haskell strict,27.12580226500006,27.114209605249812,27.1341023237502,1.3899155910130906e-2,8.302439830201567e-3,1.9168164614726136e-2
0xfb9a99,juvix,15.676209832145824,15.671995062729327,15.684207490437188,8.065976763722263e-3,5.421433750143478e-4,9.733593028747774e-3
0xe31a1c,juvix wasm,6.945243739916388,6.8953265055415995,6.969543391416361,4.830700799345219e-2,4.641080916523155e-3,5.7679622904975976e-2
0xfdbf6f,c,0.4331934520832495,0.4308630080831411,0.4374144155834377,4.222176845095256e-3,6.329231670557933e-4,5.381929883175733e-3
0xff7f00,c wasm,0.7010956905624729,0.6953628782498527,0.7040105020002254,5.61211883204348e-3,2.509848466337117e-3,7.681246382693946e-3
0xcab2d6,runtime,15.532440093458112,15.46791798499953,15.58205191262482,7.665394650072622e-2,5.9638208366215396e-2,9.14154312380927e-2
0x6a3d9a,runtime wasm,7.554483304270775,7.535519386416581,7.573447222124969,2.964809964110974e-2,1.2773092877568257e-2,4.089226449984585e-2
