Color,Name,Mean,MeanLB,MeanUB,Stddev,StddevLB,StddevUB
0xa6cee3,ocaml,3.1066960738126945,3.1061024108752235,3.106977644500148,5.64063966499312e-4,2.4991833273561495e-4,7.20746178239151e-4
0x1f78b4,ocaml byte,19.59381675364587,18.894575134541732,20.045437559333397,0.8464255817070809,0.5479589385030873,1.0429735749413147
0xb2df8a,haskell,4.0379226158542565,4.029657464375191,4.043009914833419,1.0012812972352141e-2,6.393639777051769e-3,1.174861374027106e-2
0x33a02c,haskell strict,4.032942707291757,4.026227233833348,4.043214180375003,1.1403530286601979e-2,2.2889478333731894e-3,1.4838590408390749e-2
0xfb9a99,juvix,3.105004241604225,3.10455062283351,3.1055698965625993,6.996717190493576e-4,2.5759183937378575e-4,9.526376145697658e-4
0xe31a1c,juvix wasm,2.6754596272708113,2.674795966999909,2.6757904866875606,6.431804447554222e-4,7.04015003520908e-5,7.685706509270705e-4
0xfdbf6f,c,0.2512469171132246,0.25111303815998326,0.2514466000797984,2.7003745037926534e-4,1.0529406041870492e-4,3.466956410507224e-4
0xff7f00,c wasm,0.25952036939012635,0.2593417998001314,0.2598073743902205,3.342655437490641e-4,1.6183355254348363e-4,4.4401307160419126e-4
0xcab2d6,runtime,3.1030467751041897,3.1026735666250715,3.1032252246458256,3.5571855367285283e-4,3.7664936328708114e-5,4.317662356282206e-4
0x6a3d9a,runtime wasm,2.674348085562523,2.673872727500111,2.674622524687436,5.538035080791974e-4,4.7556226197354665e-4,6.222301592066931e-4
