Color,Name,Mean,MeanLB,MeanUB,Stddev,StddevLB,StddevUB
0xa6cee3,ocaml,3.113435002666771,3.109852272625176,3.115176337083388,3.462708270420391e-3,3.499295833837568e-4,4.140205959738157e-3
0x1f78b4,ocaml byte,19.45512788781239,18.351066217562163,20.061344775250063,1.063787858630537,0.4175695905815515,1.4298664220344595
0xb2df8a,haskell,4.031164078187506,4.021900569000081,4.03878405006238,1.140689202470965e-2,7.789703872792806e-3,1.4655578744594217e-2
0x33a02c,haskell strict,4.027843419145938,4.023533748812611,4.035367921750094,7.549718234716978e-3,1.7389894999269018e-3,9.060695629872483e-3
0xfb9a99,juvix,3.1048826786874693,3.104388092124812,3.1052360723125503,6.22466244209378e-4,3.8308944582551136e-4,8.161276182814468e-4
0xe31a1c,juvix wasm,2.6774088155208347,2.6747261703125105,2.682099309374962,4.855439058265622e-3,2.1061492425785387e-4,5.783070484691073e-3
0xfdbf6f,c,0.2509155911897748,0.25087247431978543,0.250940929749504,5.0718896507851515e-5,2.7494544998632047e-5,7.458532506031516e-5
0xff7f00,c wasm,0.25830168232663103,0.25805030399988027,0.25868952846003596,4.582667829404656e-4,2.3943481434036287e-4,5.888628456184768e-4
0xcab2d6,runtime,3.1031901332500333,3.1026415852501636,3.1038024522498135,7.945387105195643e-4,4.015182500249903e-4,1.0481802794793673e-3
0x6a3d9a,runtime wasm,2.6732255864376193,2.6728356166253207,2.673492957937526,5.372005929762348e-4,4.553591881294084e-4,6.073463579464519e-4
