Color,Name,Mean,MeanLB,MeanUB,Stddev,StddevLB,StddevUB
0xa6cee3,ocaml,17.013697065916478,16.88937747474938,17.136679837249858,0.1729184773070448,8.548684457872699e-2,0.23705179271077462
0x1f78b4,ocaml byte,32.902734382854455,32.83283806941669,33.00259379456338,0.11928295214168655,4.036488197965614e-2,0.1614186215146275
0xb2df8a,haskell,22.62256130129174,22.276879358833412,22.968243243750067,0.6344736981940183,7.75043608332453e-2,0.7897561471766912
0x33a02c,haskell strict,22.45007980275007,22.237171473250022,22.856629220750165,0.413216094792356,3.4879483499935304e-2,0.4895896064972236
0xfdbf6f,c,0.4226824089581669,0.4185112645833442,0.43047593799940387,7.814269907146128e-3,6.427107498439e-4,9.632845310530689e-3
0xff7f00,c wasm,0.6570123123336771,0.6529552465840425,0.6639220877503931,7.264592706425489e-3,1.5882147811867421e-3,9.001708224388685e-3
0xcab2d6,runtime,6.5029826533121495,6.468920687874288,6.52486366762461,4.1093795022360886e-2,2.70698735733728e-2,5.053203801376419e-2
0x6a3d9a,runtime wasm,5.772289753166888,5.743867807666902,5.81893839641657,5.016702195886426e-2,1.4492910498851888e-2,6.443397128519866e-2
