Color,Name,Mean,MeanLB,MeanUB,Stddev,StddevLB,StddevUB
0xa6cee3,ocaml,17.62948075693737,17.496179304749603,17.7377705426876,0.16436721203317625,9.97673098591052e-2,0.20750445695946418
0x1f78b4,ocaml byte,33.36663393266664,33.04302396000014,33.52773928433321,0.31596339511594496,3.2314741051290286e-3,0.37367959594380445
0xb2df8a,haskell,22.47509186872905,22.342755316333147,22.60742842112495,0.1790718263617198,8.743775340056843e-2,0.24148617316692195
0x33a02c,haskell strict,23.838266154145646,23.6446206849583,24.13696082981221,0.3468169572271658,0.10556552606155695,0.44720505505066016
0xfb9a99,juvix,5.353702105458372,5.300691237375531,5.382150178958075,6.079072746185026e-2,5.348924664297043e-2,6.56980115719197e-2
0xe31a1c,juvix wasm,6.161395259187581,6.112883027250064,6.196193199875097,5.875924817793611e-2,3.167179897973307e-2,8.036240169272763e-2
0xfdbf6f,c,0.412113140645791,0.4044133624790144,0.4252080738336493,1.403250552293796e-2,2.2937226177594822e-3,1.7781875989155548e-2
0xff7f00,c wasm,0.669671157520952,0.6651551505415227,0.6737291718336564,6.67125052932453e-3,4.153329082537769e-3,9.371582623261125e-3
0xcab2d6,runtime,4.794305983729298,4.72433658870826,4.862027760937963,9.020006889963264e-2,4.5574315745244134e-2,0.11520713790781642
0x6a3d9a,runtime wasm,6.03282251062501,5.954062291500122,6.089753815374934,9.689956165513178e-2,5.736698437557029e-2,0.13147721649074
