Color,Name,Mean,MeanLB,MeanUB,Stddev,StddevLB,StddevUB
0xa6cee3,ocaml,17.474682802582873,17.051482578999185,17.69838814533311,0.40739496351123367,5.591166681944376e-2,0.516625359424025
0x1f78b4,ocaml byte,38.13067076100007,37.32101489412518,39.62992948012493,1.4945040453927094,0.17586373399944932,1.869820130764713
0xb2df8a,haskell,25.50269244206197,24.45205730249927,26.34805553899878,1.258384697826742,0.8839229731242995,1.486474389635092
0x33a02c,haskell strict,26.18227555345743,25.817198142499365,26.552290905165137,0.4735802375346706,0.24416651119562333,0.5745265184972671
0xfb9a99,juvix,15.592171382312927,15.3823488955004,15.858168667437667,0.34010824313117966,0.14348095157982607,0.4697711196999982
0xe31a1c,juvix wasm,6.993624716061959,6.755289251000249,7.143912956874374,0.2928493032918318,0.1767318624024122,0.3470758251563326
0xfdbf6f,c,0.45458433345856974,0.4479351885001961,0.4603672433754582,8.254591470258027e-3,4.382737666674075e-3,1.029479298310791e-2
0xff7f00,c wasm,0.6953677805833346,0.6881121282508502,0.6999769824163498,7.742318193833922e-3,3.701635443793298e-3,1.064449567616255e-2
0xcab2d6,runtime,15.49471589814569,14.83308087958297,15.825455809062532,0.6395209269004528,0.13540618971757523,0.8316934070037262
0x6a3d9a,runtime wasm,6.996035687291169,6.937365811750169,7.047233387498636,7.617117687562747e-2,4.221864999292553e-2,0.10155341011312637
