Color,Name,Mean,MeanLB,MeanUB,Stddev,StddevLB,StddevUB
0xa6cee3,ocaml,3.104350574375038,3.100847401375063,3.1068163431249713,4.090102860876445e-3,2.417886540893447e-3,5.69444900613347e-3
0x1f78b4,ocaml byte,18.63461460477085,18.34375980468775,18.83401931697913,0.3364491955214397,0.1770022026948605,0.46050545708452595
0xb2df8a,haskell,4.040612362541594,4.033729018916347,4.044977171250025,7.206849983094659e-3,3.7638899394252306e-3,1.0141588181979034e-2
0x33a02c,haskell strict,4.029371821395728,4.02687938756236,4.030606393020719,2.3811517506896595e-3,1.2065457170331872e-3,2.9049083384386025e-3
0xfb9a99,juvix,3.105197877916661,3.1031902124999533,3.106265765750038,2.3192145690830624e-3,2.0385308988357387e-3,2.3815644719092036e-3
0xe31a1c,juvix wasm,2.676144280437692,2.6756530569999386,2.6765279138127767,6.189545248736184e-4,4.021967349967738e-4,8.149460713298118e-4
0xfdbf6f,c,0.2508023353200527,0.25069208839995555,0.2508613135202177,1.1443345917416024e-4,2.4640175558588115e-5,1.5168351424070813e-4
0xff7f00,c wasm,0.2588239712566974,0.25820385008992164,0.25999796329033414,1.228370482242385e-3,2.747411838238468e-4,1.6182624132198278e-3
0xcab2d6,runtime,3.1013722920001405,3.1010346847500614,3.1015681411251235,3.3294128163071155e-4,1.7010773621370379e-4,4.5229418011755266e-4
0x6a3d9a,runtime wasm,2.675397115583413,2.6707413946666447,2.679047841250167,5.873556563119989e-3,4.0582206873338335e-3,7.714636858259838e-3
