Color,Name,Mean,MeanLB,MeanUB,Stddev,StddevLB,StddevUB
0xa6cee3,ocaml,16.83793613445808,16.69006201908299,17.034783361124937,0.2484249322719309,0.10316762832774873,0.34150064127194135
0x1f78b4,ocaml byte,38.54935289754106,38.424869312166116,38.610485891166114,0.11742365404676147,4.018984691659355e-2,0.14378687242205943
0xb2df8a,haskell,25.07629120872851,24.79731961612515,25.355262801331868,0.37749998762570924,0.1841240705580623,0.5089850868193252
0x33a02c,haskell strict,25.503115997145944,25.059952623500067,25.86606562883374,0.5195238663293631,0.2755903580835265,0.7299002634000932
0xfb9a99,juvix,6.934610788980005,6.902616966708441,6.956269051813933,3.942849935575221e-2,2.3868952094176495e-2,5.001761550939333e-2
0xe31a1c,juvix wasm,7.5040554082502995,7.288819645250442,7.671935707375724,0.2575458528328603,0.1824652804992322,0.315927995073627
0xfdbf6f,c,0.42551127877133393,0.42354513458455284,0.4263815464167541,1.9136728101507927e-3,8.705339395770318e-4,2.593577785605021e-3
0xff7f00,c wasm,0.6533084115627995,0.6479043691242623,0.6571974493749622,6.378472115479106e-3,5.496437250561315e-3,7.557355242489223e-3
0xcab2d6,runtime,6.386504940437287,6.269681407686221,6.444147157874795,0.11392784921003325,9.280713499416837e-3,0.14025441860018142
0x6a3d9a,runtime wasm,7.197002609312601,7.078640713687719,7.354139199437441,0.19600415180806596,8.659382508191121e-2,0.24980808435806548
