Color,Name,Mean,MeanLB,MeanUB,Stddev,StddevLB,StddevUB
0xa6cee3,ocaml,3.1060190880626237,3.105258692187533,3.106965000250284,1.1013561125434756e-3,5.278574498358029e-4,1.4617003377039859e-3
0x1f78b4,ocaml byte,19.800353637270707,18.102952826666446,20.97737616531242,2.139343166592918,1.1068967033750141,2.641845040382887
0xb2df8a,haskell,4.0344053327289275,4.03190494556236,4.038781969749834,4.708891803841616e-3,1.1882318754032895e-3,5.7512863498983035e-3
0x33a02c,haskell strict,4.034628116083468,4.024660171333608,4.04879207225008,1.5448967540274484e-2,5.498731984984153e-3,2.018035085752303e-2
0xfb9a99,juvix,3.1053071037290274,3.1043734106869465,3.105749141395923,8.892267993111315e-4,1.910821064673579e-4,1.1354294528474384e-3
0xe31a1c,juvix wasm,2.6727700050834073,2.6722558415002595,2.6733407250001164,7.731152208955015e-4,3.3962282745539726e-4,1.0170475323754448e-3
0xfdbf6f,c,0.2510860964500413,0.2509880582499803,0.251261310400223,1.9780176432499603e-4,3.273810872147061e-5,2.593003968028771e-4
0xff7f00,c wasm,0.2591674278633976,0.25849476136327515,0.26042279590028555,1.3920218648409916e-3,1.5351925788242913e-4,1.802864211923376e-3
0xcab2d6,runtime,3.1034534873542725,3.1024471726668708,3.1049726309793186,1.6241730409269689e-3,3.2899049983825535e-4,1.9976129270299725e-3
0x6a3d9a,runtime wasm,2.672774062291618,2.672368811416542,2.6733472526249784,6.70665011753326e-4,2.0375083325530063e-4,8.576927961051598e-4
