Color,Name,Mean,MeanLB,MeanUB,Stddev,StddevLB,StddevUB
0xa6cee3,ocaml,18.734196046207746,18.489916442415655,18.951526412124622,0.3132493084152756,0.15075901299996985,0.41039962592002155
0x1f78b4,ocaml byte,34.67067786418685,34.333193973562096,34.82988676949874,0.32481067584858486,0.11113353576706053,0.4344677713609238
0xb2df8a,haskell,26.30811963183343,25.844793519250516,26.570610732333233,0.45467667285067176,0.13543640521192923,0.6061972301337654
0x33a02c,haskell strict,25.32646800341642,24.765256524374763,25.720407669333177,0.6630294530764536,0.4291790984046072,0.9097646886460433
0xfb9a99,juvix,15.154643920395378,14.958895272999143,15.275708096124617,0.22217485678571416,1.5965148440706373e-2,0.2795857377859877
0xe31a1c,juvix wasm,6.790150573458884,6.7335662930837925,6.845644907834564,7.435273551331896e-2,3.8449484249667876e-2,9.178160130982102e-2
0xfdbf6f,c,0.44328869029186535,0.4291283104998911,0.4574866432503768,1.8150805160165723e-2,9.415783997506026e-3,2.1945588624348783e-2
0xff7f00,c wasm,0.6853875515832897,0.6823869018328423,0.689021595250324,4.970380553993672e-3,2.331785636209523e-3,6.929703764658214e-3
0xcab2d6,runtime,14.847022600270597,14.694315314875439,14.999729885665754,0.20718692204254668,0.10635076977724706,0.2819469466191736
0x6a3d9a,runtime wasm,7.24458216979095,7.134778941124296,7.296423253374087,0.10423906413646411,2.283166458316055e-2,0.1291458449271462
