Color,Name,Mean,MeanLB,MeanUB,Stddev,StddevLB,StddevUB
0xa6cee3,ocaml,3.105323967229159,3.1046895827081853,3.1063736049375166,1.1089029045688163e-3,1.1090795821178112e-4,1.3208131132995472e-3
0x1f78b4,ocaml byte,19.154947566708206,18.157121149333154,19.81436944995814,1.1486195764923859,0.529856140218327,1.5228696072155166
0xb2df8a,haskell,4.0285653833751285,4.026509222750292,4.032193547250131,3.7402636881622093e-3,2.32420144740046e-4,4.530741803351023e-3
0x33a02c,haskell strict,4.023626274062622,4.020674326875223,4.02657822125002,4.53094654426784e-3,1.3946776704933592e-3,6.016616518516695e-3
0xfb9a99,juvix,3.105157628229184,3.1047920695625635,3.1053331536666824,3.4586352963042753e-4,1.3638091413796548e-4,4.38862943954062e-4
0xe31a1c,juvix wasm,2.677190357333321,2.6760950185833585,2.6787982217499575,1.858883598333952e-3,5.701901666650411e-4,2.3576889211616462e-3
0xfdbf6f,c,0.2512581007198575,0.2510845973198654,0.2515748297998167,3.287049301194313e-4,1.2448501628893632e-4,4.751586298976133e-4
0xff7f00,c wasm,0.2613046103366742,0.2599892622933112,0.26378883016668625,2.630049470389846e-3,3.2976821938019135e-4,3.401861423365525e-3
0xcab2d6,runtime,3.10351032249982,3.1032878975000058,3.103643226499628,2.63047064210513e-4,2.189844291170932e-4,3.0692864026166745e-4
0x6a3d9a,runtime wasm,2.6757479230622985,2.673959155624857,2.6771661483122102,2.1571835430960144e-3,1.5354884832939032e-3,2.6868611356908045e-3
