Color,Name,Mean,MeanLB,MeanUB,Stddev,StddevLB,StddevUB
0xa6cee3,ocaml,15.209806359458412,15.136814768500471,15.284504107916518,0.10828221334252829,3.940201968003487e-3,0.13253000148303773
0x1f78b4,ocaml byte,33.00041359031267,32.886780930000285,33.079937356250106,0.13334226598218482,0.11741922659605065,0.1505357486399305
0xb2df8a,haskell,22.477227980812586,22.014358348000314,22.994460219687653,0.6511098815912497,0.31060432581589476,0.8104749024195521
0x33a02c,haskell strict,22.206868597,22.115325381249818,22.27536430949999,0.1079597214554476,5.408510303054627e-2,0.15150327972686597
0xfdbf6f,c,0.386914563583332,0.38399954100054856,0.39050153562516243,4.434551001155005e-3,1.7648260442978676e-3,5.823489004244438e-3
0xff7f00,c wasm,0.6697676785210737,0.6642982751670086,0.6741405251461478,6.6842762381679795e-3,4.157101912643294e-3,8.315145464322984e-3
0xcab2d6,runtime,5.638253611062244,5.6157173003123635,5.683258641874545,4.277702088717529e-2,9.506485874908321e-3,5.2045380311937985e-2
0x6a3d9a,runtime wasm,5.692451427500032,5.652326244499818,5.732294840250233,5.084776326092824e-2,2.5529539500212195e-2,6.253544730157926e-2
