Color,Name,Mean,MeanLB,MeanUB,Stddev,StddevLB,StddevUB
0xa6cee3,ocaml,3.1066320782500534,3.106022134000227,3.107222856124963,7.747646459025756e-4,4.0842577401292105e-4,9.532280995046477e-4
0x1f78b4,ocaml byte,19.500497606458186,18.983233715416567,20.148098017332888,0.8464802635080757,0.37337644175336726,1.17533520019759
0xb2df8a,haskell,4.032103190916739,4.031264514750092,4.0337531272500655,1.6268336542287099e-3,5.4831999932503095e-5,1.9057083296041323e-3
0x33a02c,haskell strict,4.033428018770773,4.027627714124947,4.037587301187443,7.112344556431493e-3,4.112311966098029e-3,9.60545129160109e-3
0xfb9a99,juvix,3.104526696875174,3.103983512250011,3.104937358750552,6.697776313925188e-4,4.059726650965411e-4,8.44931045678253e-4
0xe31a1c,juvix wasm,2.6821590900417314,2.676800258666655,2.691671504625276,1.0007767613947498e-2,1.0710226619506154e-3,1.2375690947768997e-2
0xfdbf6f,c,0.25103094452666486,0.25094295512659304,0.25120039272016587,1.8349983380748467e-4,1.7608779992137486e-5,2.3308704235989948e-4
0xff7f00,c wasm,0.2591306894633696,0.2583955459267357,0.26055903688326604,1.5364208579467511e-3,1.7623335115740115e-4,1.962520677940222e-3
0xcab2d6,runtime,3.102591258541755,3.1020019656669624,3.1032865604166395,8.61030295570478e-4,3.720321002045646e-4,1.1037980668831395e-3
0x6a3d9a,runtime wasm,2.673402220020781,2.6722070123124126,2.674965111499887,2.0378235039580964e-3,8.88812157157489e-4,2.7430692637593107e-3
