Color,Name,Mean,MeanLB,MeanUB,Stddev,StddevLB,StddevUB
0xa6cee3,ocaml,15.614348768458512,15.540574106125177,15.66138282824977,7.824480305741979e-2,4.444856274326524e-2,0.11051816022350822
0x1f78b4,ocaml byte,33.92187089177063,33.834395887249684,34.06757231031236,0.15654177705091735,3.050075633352023e-2,0.1939329979712643
0xb2df8a,haskell,23.374044044604716,23.277121890917897,23.453382983750544,0.1258627248844287,7.363234760178224e-2,0.1703903324942446
0x33a02c,haskell strict,23.497100265145757,23.36416472881217,23.568189226041646,0.12660132574473382,5.3717244857661745e-2,0.16417292283860638
0xfb9a99,juvix,13.810490519000004,13.763469752999868,13.861079311125422,6.391436482143112e-2,3.054386857962621e-2,7.978001043470535e-2
0xe31a1c,juvix wasm,6.3865820889169145,6.3179186350002965,6.453682642249987,9.105876590915983e-2,4.446449647211097e-2,0.12065212526486707
0xfdbf6f,c,0.39964978820845926,0.38989130549998663,0.4030759834168597,6.6087685474614e-3,1.4503134982709037e-4,7.985633103490533e-3
0xff7f00,c wasm,0.5848514192918325,0.5729989050000768,0.5903336899170123,1.1667103675798388e-2,5.975524655044888e-3,1.5791165140274305e-2
0xcab2d6,runtime,13.825330369791649,13.7785757893746,13.850967955292012,4.4744540608039486e-2,1.8300065002269595e-2,5.920746756002545e-2
0x6a3d9a,runtime wasm,6.744014602312404,6.710134163125076,6.799656092812143,5.89861888613649e-2,1.979257791562864e-2,7.824352274026672e-2
