Color,Name,Mean,MeanLB,MeanUB,Stddev,StddevLB,StddevUB
0xa6cee3,ocaml,17.715312839208007,17.651823939833246,17.79726767370759,9.744121957866368e-2,3.465869403922214e-2,0.12552679991611423
0x1f78b4,ocaml byte,33.807892850750214,33.65910511474988,33.880764448000456,0.14167456073222257,6.803119983622267e-2,0.17532081257281387
0xb2df8a,haskell,22.95607567704178,22.876142252750014,23.068352186125367,0.1267830722890232,2.6263440022325182e-2,0.16547223571512296
0x33a02c,haskell strict,23.845143211729084,23.76341843191661,23.90091147191659,9.376871173236065e-2,4.9051482844755495e-2,0.12879128012597427
0xfdbf6f,c,0.42524871827060906,0.42283213218786386,0.4266035681870335,2.331121995975509e-3,7.28358107994315e-4,3.1288918558367413e-3
0xff7f00,c wasm,0.6847268280626319,0.6821518268750424,0.6866764448751989,3.1624138129529634e-3,2.0092821382119573e-3,3.937428377061641e-3
0xcab2d6,runtime,4.884384279083444,4.86288855733316,4.901657371500278,2.698432991557083e-2,2.3065108082499827e-2,3.1410352357806856e-2
0x6a3d9a,runtime wasm,6.024338769520948,5.961339284500127,6.064995036708448,6.656380858180815e-2,3.655138993268764e-2,9.389162721979578e-2
