Color,Name,Mean,MeanLB,MeanUB,Stddev,StddevLB,StddevUB
0xa6cee3,ocaml,3.107556636021002,3.1072234019168263,3.1079858815208468,5.269478544267885e-4,1.9630669338338894e-4,7.178282017659834e-4
0x1f78b4,ocaml byte,19.105800747333642,18.710248321667073,19.681930139833508,0.6024208735257263,0.25986019472846544,0.8241449926074264
0xb2df8a,haskell,4.032257924312527,4.024693962999967,4.042582467250138,1.2301190176855364e-2,3.992821922163051e-3,1.6603736376881725e-2
0x33a02c,haskell strict,4.033759723958194,4.019742628833153,4.041229434083259,1.36784718958264e-2,7.105414737175344e-3,1.725055660589882e-2
0xfb9a99,juvix,3.113553051562292,3.1058037348124685,3.1284322229370787,1.5055701125532743e-2,4.1297474990642513e-4,1.7588406938379212e-2
0xe31a1c,juvix wasm,2.678845250541675,2.6784272993333316,2.6794594236666476,6.849859619860574e-4,1.2527366682957286e-4,8.909653959248671e-4
0xfdbf6f,c,0.2513441583534526,0.25127208947338053,0.25146998103358176,1.374843543017776e-4,3.6968131229586106e-5,1.8447737074105656e-4
0xff7f00,c wasm,0.262960985076755,0.2628842510533529,0.2630159715600166,9.893114056659004e-5,7.943517782159466e-5,1.2042006326118735e-4
0xcab2d6,runtime,3.1042196750830917,3.1038616689166174,3.1046466686245253,5.24218480209639e-4,1.926065112269541e-4,7.030079569351984e-4
0x6a3d9a,runtime wasm,2.6851452542708216,2.6792248185624317,2.6954709765832376,1.0921425890477267e-2,2.32529433333184e-3,1.3401304481675537e-2
