Color,Name,Mean,MeanLB,MeanUB,Stddev,StddevLB,StddevUB
0xa6cee3,ocaml,3.1064707959168723,3.1053633650003576,3.108218075250079,1.7853473820956536e-3,7.700623330795242e-4,2.4621800820488777e-3
0x1f78b4,ocaml byte,18.913238434187463,18.32326424624989,19.342273167687438,0.7484718319980497,0.3716737493711101,0.99081327551164
0xb2df8a,haskell,4.03072473312496,4.025692881875064,4.033857334749958,5.16872935958462e-3,2.5022994838601836e-3,7.2344335658252e-3
0x33a02c,haskell strict,4.028989351833388,4.025627423374885,4.030655405875109,3.173798295138102e-3,1.2454239999897254e-3,3.882326015784771e-3
0xfb9a99,juvix,3.1049376070001244,3.103843721000203,3.1058863654999413,1.4370743000251837e-3,9.387143528729078e-4,1.9365655935630205e-3
0xe31a1c,juvix wasm,2.672708100416552,2.67219072374985,2.673109823249888,6.208079129918715e-4,4.2351550780493613e-4,7.365544134870313e-4
0xfdbf6f,c,0.2514308056935139,0.2511935806668892,0.2518301764133745,4.8494046406621867e-4,1.2468303667588086e-4,6.269633484063703e-4
0xff7f00,c wasm,0.2586425061133468,0.25851546878002407,0.2587630715600426,1.8862615744838368e-4,1.2491787291884221e-4,2.6993383414849656e-4
0xcab2d6,runtime,3.1034826243334046,3.102806910999959,3.1045356612503383,1.1918947065677095e-3,3.6024683326263407e-4,1.4588706281936442e-3
0x6a3d9a,runtime wasm,2.673910410249789,2.6732228294999345,2.674417725249839,8.581964717026296e-4,5.205107328770816e-4,1.17159380737088e-3
