Color,Name,Mean,MeanLB,MeanUB,Stddev,StddevLB,StddevUB
0xa6cee3,ocaml,15.561858732228984,15.54996996093746,15.569998347041292,1.4661211763672844e-2,7.498312958432507e-3,1.8797635211942696e-2
0x1f78b4,ocaml byte,29.680424239875265,29.67795365575057,29.682113298625154,2.87343338532662e-3,1.4823196915180721e-3,3.9007140957025527e-3
0xb2df8a,haskell,21.044311452874393,21.028770204248758,21.057895378624835,1.9699402918918373e-2,1.036321620778484e-2,2.5527760102425148e-2
0x33a02c,haskell strict,20.145256341562572,20.100728606374787,20.190267816875348,5.8635073658573324e-2,2.7913690250443324e-2,7.116340590607645e-2
0xfb9a99,juvix,12.676117745083275,12.674564524166726,12.677572016749991,2.0684687994689064e-3,1.0659584640550042e-3,2.7830020799878867e-3
0xe31a1c,juvix wasm,5.798409985458345,5.791933143708245,5.810522953083516,1.2168006239975205e-2,1.049864891334084e-3,1.4451772607869081e-2
0xfdbf6f,c,0.36325149512496563,0.3632240822500232,0.3632840267497765,4.0276342514713334e-5,1.716202548379262e-5,5.1731161455458734e-5
0xff7f00,c wasm,0.5846411210415378,0.584053076750024,0.5849467906248265,5.620661126244906e-4,2.7601078332751384e-4,7.059136647791907e-4
0xcab2d6,runtime,12.740290774249615,12.738076978499521,12.741564333749693,2.589382238471864e-3,2.295325065967699e-3,2.941159680795418e-3
0x6a3d9a,runtime wasm,6.298027014083232,6.293298231249878,6.306927229874873,8.990098768802494e-3,4.950625561741077e-4,1.0678864095203305e-2
