Color,Name,Mean,MeanLB,MeanUB,Stddev,StddevLB,StddevUB
0xa6cee3,ocaml,3.1056962587291346,3.104803835166687,3.106235270979122,9.020342646898084e-4,5.509657466681777e-4,1.2447954705072392e-3
0x1f78b4,ocaml byte,20.469395721875173,19.56359401200018,21.00378999675013,1.0764050845345248,0.9099482059178563,1.2341307138098017
0xb2df8a,haskell,4.023234909708473,4.01955651825017,4.026480859000117,5.108187540409456e-3,3.037872561503894e-3,6.750786571759457e-3
0x33a02c,haskell strict,4.02463828585428,4.022984239354287,4.027731750916814,3.110963885576001e-3,2.3981402944929639e-4,3.6963626445088264e-3
0xfb9a99,juvix,3.1052434166873772,3.1027972502498264,3.109978312312421,4.789701932617803e-3,1.47647500095216e-4,5.649179404810331e-3
0xe31a1c,juvix wasm,2.6746942462707466,2.673792443499906,2.6751407296874277,8.932845316267393e-4,4.140237734165007e-5,1.0627493769735537e-3
0xfdbf6f,c,0.250808043930089,0.2507489204999729,0.2508739096001591,9.384672896883799e-5,6.891732775721009e-5,1.2370861704594514e-4
0xff7f00,c wasm,0.2580074093732704,0.25768891456005805,0.2582711218397344,4.3229364254115834e-4,3.5032263371422646e-4,5.247534467463404e-4
0xcab2d6,runtime,3.1023131521457876,3.1015085042915116,3.1034512918126893,1.2932229988040938e-3,3.058432703413529e-4,1.6994540446680045e-3
0x6a3d9a,runtime wasm,2.671895482333279,2.6713643371666267,2.672426627499931,7.983085691900279e-4,3.4976577465521436e-4,1.0896787735709449e-3
