Color,Name,Mean,MeanLB,MeanUB,Stddev,StddevLB,StddevUB
0xa6cee3,ocaml,15.5891950303959,15.58808229704141,15.589895114458614,1.3398996070444486e-3,9.52408833654772e-4,1.6167748882537978e-3
0x1f78b4,ocaml byte,29.673300241312138,29.67202767299932,29.67447593243719,1.5926663457856427e-3,8.563230000309119e-4,1.9500740027091055e-3
0xb2df8a,haskell,20.250624548312846,20.23729644725063,20.257521547250082,1.5408053916810011e-2,1.3516839881434891e-2,1.5927936772055708e-2
0x33a02c,haskell strict,20.86870713100014,20.86724289175004,20.869556029250134,1.4423541152782686e-3,5.289141709080968e-4,1.9604465325943243e-3
0xfb9a99,juvix,4.803665941458273,4.803109961416643,4.803979256333302,6.432429377490914e-4,5.686248375117297e-4,6.732381416994992e-4
0xe31a1c,juvix wasm,5.415528226271097,5.414866965000556,5.416253228541715,9.19633271649767e-4,4.943783637585631e-4,1.169657229903561e-3
0xfdbf6f,c,0.36327538162504425,0.36320306550010173,0.3633499919997121,1.0374042470059206e-4,4.392174976845533e-5,1.386552856836933e-4
0xff7f00,c wasm,0.5817937771668843,0.5813350078339379,0.5821071532501492,5.400366496103102e-4,4.7635284052099567e-4,6.213668756975931e-4
0xcab2d6,runtime,4.324297751853995,4.323892447250046,4.324517361687185,4.1604900354261237e-4,2.95763119373304e-4,5.071671852365715e-4
0x6a3d9a,runtime wasm,5.52165676002096,5.518326742937461,5.523588320271074,3.3719570743114984e-3,8.937527950803187e-4,4.460747321436645e-3
