Color,Name,Mean,MeanLB,MeanUB,Stddev,StddevLB,StddevUB
0xa6cee3,ocaml,3.1138912073960228,3.1073876839792547,3.1251141535838087,1.1946543355395947e-2,1.4880105832162371e-3,1.5019243981408333e-2
0x1f78b4,ocaml byte,19.867519361729233,19.110234920499806,20.81843273212496,1.0792473840791597,0.38738093512517935,1.3217086662410524
0xb2df8a,haskell,4.034812756937508,4.027558916125031,4.041008561562516,1.0335517119909706e-2,5.19183354891982e-3,1.4308597872379597e-2
0x33a02c,haskell strict,4.031173736458413,4.026235334500143,4.0374279507499296,7.060980689118699e-3,2.436950916717251e-3,8.647718746006961e-3
0xfb9a99,juvix,3.106278292937494,3.10400588600002,3.108550699874968,3.881645112553201e-3,6.064450000546895e-4,4.966174324852032e-3
0xe31a1c,juvix wasm,2.683003999312499,2.672804216125011,2.7028939268125782,2.006577947853501e-2,4.5228637482819245e-4,2.3555390275888675e-2
0xfdbf6f,c,0.25108651551001154,0.25096648085988515,0.2513131982002657,2.4666242823922206e-4,2.949387781850385e-5,3.1534531298391653e-4
0xff7f00,c wasm,0.2590619390999624,0.2584501055000813,0.2602188225997816,1.2795433514498325e-3,1.4074730379416353e-4,1.6311771047395345e-3
0xcab2d6,runtime,3.1025716201042237,3.102434214124969,3.1026694455209354,1.7093219806040116e-4,9.618690760797505e-5,2.2591812268851557e-4
0x6a3d9a,runtime wasm,2.6819601210417736,2.673327986500226,2.686921308625074,1.00558551805693e-2,9.30503921725273e-3,1.1294920111026188e-2
