Color,Name,Mean,MeanLB,MeanUB,Stddev,StddevLB,StddevUB
0xa6cee3,ocaml,3.1056566326667316,3.1048116563334434,3.1069545517499932,1.4367652455913268e-3,2.807303331640032e-4,1.865707972016124e-3
0x1f78b4,ocaml byte,20.27153986904163,19.72814302316662,20.637783176999847,0.6258886060536809,0.22065476120158523,0.8473444910427995
0xb2df8a,haskell,4.017754136520921,4.016362657375112,4.018820531020879,1.8223096424697842e-3,1.0793185018762117e-3,2.462732606451943e-3
0x33a02c,haskell strict,4.035714257250163,4.030509794750003,4.039190940125138,5.680688180717149e-3,3.3658809387626266e-3,8.029055175015731e-3
0xfb9a99,juvix,3.1042259756873136,3.1036675257499837,3.105162004061981,1.0109081079277304e-3,1.721176249702694e-4,1.1985800120020258e-3
0xe31a1c,juvix wasm,2.6847129655207596,2.676602178812402,2.6996906952499558,1.521744530247128e-2,1.5463921250784551e-3,1.820383408957405e-2
0xfdbf6f,c,0.2508641999733633,0.2508054278667108,0.2509201015332716,8.560152513137603e-5,6.880052597394026e-5,1.0048257759927145e-4
0xff7f00,c wasm,0.2590678506965499,0.2583127509466916,0.2605658713796947,1.631730200450312e-3,9.584123329184086e-5,2.0513622789585404e-3
0xcab2d6,runtime,3.10260748610411,3.1019625596666933,3.103506655937281,9.89058303655717e-4,2.742859167785827e-4,1.2205861634611143e-3
0x6a3d9a,runtime wasm,2.6753430518541186,2.6727061416664433,2.6797098593749524,4.6433440762899585e-3,6.694012082941736e-4,5.598923467098267e-3
