Color,Name,Mean,MeanLB,MeanUB,Stddev,StddevLB,StddevUB
0xa6cee3,ocaml,17.471643822187577,17.459215780562886,17.491192851749776,2.1773902012646895e-2,5.737888375051625e-3,2.729368953412246e-2
0x1f78b4,ocaml byte,37.91093319847922,37.88104396100016,37.94082243595828,4.355901216174704e-2,2.1868617355283948e-2,5.993902187865245e-2
0xb2df8a,haskell,26.421645227749725,26.29231404249913,26.620385836750074,0.21198608798678004,4.994199675062738e-2,0.25844876951839874
0x33a02c,haskell strict,25.72248031031313,25.376141966999967,26.401101397501407,0.6461740914734704,0.13138049437566224,0.7890141374779357
0xfb9a99,juvix,14.609122353000126,14.556406333250075,14.644458310250153,5.8098219677248764e-2,3.1878077604684675e-2,8.160489772150407e-2
0xe31a1c,juvix wasm,6.858939123812358,6.840830372000104,6.8715006041879105,2.165431377913092e-2,1.5437668965429478e-2,2.6382701968542963e-2
0xfdbf6f,c,0.4302753995409603,0.4154992447913628,0.43701340466577676,1.4128478539914724e-2,4.254109753750986e-3,1.8563311398615195e-2
0xff7f00,c wasm,0.63155998339577,0.6238065130000905,0.6368353132080907,9.551756100023043e-3,5.992613701854589e-3,1.2182852348829671e-2
0xcab2d6,runtime,14.976144224999947,14.924130152000242,15.02258616049979,7.642277671631283e-2,4.735217317090448e-2,0.10725305585008559
0x6a3d9a,runtime wasm,6.701560648459008,6.665946265000002,6.73444003575014,4.710757113603504e-2,2.3937065023935503e-2,6.445975699937118e-2
