Color,Name,Mean,MeanLB,MeanUB,Stddev,StddevLB,StddevUB
0xa6cee3,ocaml,3.106042501000047,3.104575572250269,3.1075914584998827,1.9854976694202663e-3,1.0120049419205979e-3,2.4854767429224735e-3
0x1f78b4,ocaml byte,18.543547992416602,17.197427918374956,19.23741508262492,1.2869002403212049,0.6416236571904905,1.6024174052543814
0xb2df8a,haskell,4.027263511437525,4.024295970562605,4.0299881199374,3.820755248181536e-3,2.6080439997713256e-3,4.6518618070048295e-3
0x33a02c,haskell strict,4.034850894437549,4.03016526937491,4.037782809000116,5.624985568249458e-3,3.913379532489403e-3,6.7709666477546926e-3
0xfb9a99,juvix,3.1036093154792943,3.103177714625076,3.1044139203125383,8.255482996414136e-4,5.6930375080810336e-5,9.954566050774363e-4
0xe31a1c,juvix wasm,2.6766346762082285,2.6739951131664084,2.680124255374892,4.340252516941716e-3,1.6904883877549418e-3,5.952968847810039e-3
0xfdbf6f,c,0.25096018049328145,0.25092336599330034,0.2510277974932493,7.365232779689452e-5,1.2983973281895352e-5,9.641776456926423e-5
0xff7f00,c wasm,0.2595656285165842,0.25877913963331595,0.26105211564977254,1.664595374856438e-3,7.881323457569552e-5,2.083997194300123e-3
0xcab2d6,runtime,3.1026451979376284,3.102105248125099,3.1031851477501577,7.980590320222806e-4,4.166318763797304e-4,1.1165024671772796e-3
0x6a3d9a,runtime wasm,2.67533155231259,2.6729076080000596,2.6777218572501624,3.7102476144788995e-3,2.1075711168978234e-3,5.230164704333779e-3
