Color,Name,Mean,MeanLB,MeanUB,Stddev,StddevLB,StddevUB
0xa6cee3,ocaml,16.24024132597928,16.23821232560412,16.241581797916904,2.200693796873301e-3,1.1857883548757773e-3,3.095687336113395e-3
0x1f78b4,ocaml byte,29.683274684167145,29.67514715549987,29.68572150308364,5.501178305979172e-3,9.297577503275534e-4,6.642919991279571e-3
0xb2df8a,haskell,22.5363373033955,22.532561622812295,22.543138791749698,7.060732330097863e-3,1.4145466448978183e-4,8.50796678926532e-3
0x33a02c,haskell strict,22.539942964833358,22.534301090749977,22.54558483891674,7.475234014626043e-3,4.109854533763788e-3,1.0112542555423792e-2
0xfb9a99,juvix,13.08587388660438,13.085840775208379,13.085924664854323,5.8297880892195065e-5,1.0848701156472646e-5,7.646749358085536e-5
0xe31a1c,juvix wasm,5.813079435291722,5.811006787333403,5.814358045291594,2.4606806601450717e-3,1.8775614998840131e-3,2.9528233104587254e-3
0xfdbf6f,c,0.36325816922915993,0.363173430104401,0.3634027095624788,1.488123871288733e-4,2.5317242047975672e-5,1.887394595356527e-4
0xff7f00,c wasm,0.5870783990206595,0.584144803645889,0.5892520181666139,3.3804424526031602e-3,1.9040555127659764e-3,4.761743254639555e-3
0xcab2d6,runtime,13.039055883291477,13.037331340374863,13.041237721499783,2.7033324477833795e-3,1.1138478364447204e-3,3.5139157811364106e-3
0x6a3d9a,runtime wasm,5.186386309062641,5.171791043687676,5.196806545750178,1.720981329044893e-2,1.0782091019823753e-2,2.4064505826276405e-2
