Color,Name,Mean,MeanLB,MeanUB,Stddev,StddevLB,StddevUB
0xa6cee3,ocaml,3.105328839354172,3.1049468942084104,3.1058514126876275,6.082459642709134e-4,1.9819909386359862e-4,8.09903060509781e-4
0x1f78b4,ocaml byte,18.57435120139589,18.08846233908351,19.204261061750003,0.7813800681434918,0.32768273863756087,1.0066554430046233
0xb2df8a,haskell,4.035473873333349,4.023278419333413,4.054188470749921,1.9874333386076314e-2,3.992299833347257e-3,2.427513835979379e-2
0x33a02c,haskell strict,4.020485217562547,4.018141655999898,4.022499107625133,3.3370717924742495e-3,2.0672642192695865e-3,4.6508798790075865e-3
0xfb9a99,juvix,3.1054537549791803,3.104334805062308,3.1060080435208874,1.0649097126422338e-3,2.2610475408045398e-4,1.2921631000335585e-3
0xe31a1c,juvix wasm,2.675112451624917,2.674631323749812,2.6756418957500046,8.032657872384181e-4,3.523909333281566e-4,1.1111172328257938e-3
0xfdbf6f,c,0.25113206342343497,0.25092105315662894,0.2515443162504198,4.5181844845790654e-4,2.544340178156141e-5,5.693080043244786e-4
0xff7f00,c wasm,0.25924614163339055,0.2590163202334012,0.25968968673335135,4.6638326667979154e-4,7.894851003358526e-5,6.098966892981336e-4
0xcab2d6,runtime,3.102406535520894,3.102265605312539,3.1026125913332785,2.4757408204686884e-4,1.1438170363809491e-4,3.0900118376734633e-4
0x6a3d9a,runtime wasm,2.673263222583292,2.6731468732498342,2.6733150036667253,1.1234055844563626e-4,5.2666080273628836e-5,1.4911398613186264e-4
