Color,Name,Mean,MeanLB,MeanUB,Stddev,StddevLB,StddevUB
0xa6cee3,ocaml,19.49114897247917,19.47732968374976,19.49929884512494,1.4494822356775018e-2,4.523089507824528e-3,1.9153293130492133e-2
0x1f78b4,ocaml byte,35.70628914439593,35.62879585408351,35.861055529687405,0.15473559758003083,3.6244606464869156e-4,0.17896308808905773
0xb2df8a,haskell,24.982732622083443,24.940333275583537,25.002275290333426,4.040058937757908e-2,9.920955316001852e-3,5.2785237361494555e-2
0x33a02c,haskell strict,24.227511096791847,24.061779667083705,24.39324252649999,0.3236352414124701,8.74404958327979e-3,0.3808992470755051
0xfb9a99,juvix,15.590397883729375,15.55748579783388,15.613292292062738,3.9296281491438184e-2,2.9824116248973374e-2,4.765315335357428e-2
0xe31a1c,juvix wasm,7.054460081416816,6.986491912500242,7.143888011000172,0.10572157661321227,3.3292673936918205e-2,0.14138509732472634
0xfdbf6f,c,0.44629678235397324,0.44328135762430065,0.44931220708364583,3.992827062050872e-3,2.1141238618784383e-3,5.372312767827904e-3
0xff7f00,c wasm,0.7092836194581954,0.7026522913334551,0.7137923463331693,7.484653465355429e-3,4.029204299554341e-3,1.041245869987483e-2
0xcab2d6,runtime,15.645586919958456,15.53789686491685,15.798780342125156,0.17166226349543637,3.3223782224914095e-2,0.22297738254106378
0x6a3d9a,runtime wasm,7.697157119082893,7.610480124166012,7.776938443124436,0.11991438149580477,6.47515204998399e-2,0.16546210090855745
