Color,Name,Mean,MeanLB,MeanUB,Stddev,StddevLB,StddevUB
0xa6cee3,ocaml,17.099494549521143,16.987567739291684,17.18911130833415,0.13454518279451497,0.1013409892387344,0.1571429068233209
0x1f78b4,ocaml byte,30.98332302174951,30.934993672374656,31.071937471624096,9.16703518397708e-2,6.013398000050074e-3,0.11161185148532418
0xb2df8a,haskell,18.27902358962471,18.196516018624152,18.334049213125127,9.091455231487448e-2,4.766895809956364e-2,0.12707623416117142
0x33a02c,haskell strict,18.51131650535414,18.297154987562863,18.598814039666347,0.2135288126146383,8.188355094721414e-2,0.29251793983309043
0xfb9a99,juvix,13.489253536209239,13.452921125085899,13.549869157000785,6.450624415455011e-2,1.0107425917037283e-2,7.98672622028403e-2
0xe31a1c,juvix wasm,6.033012835521579,5.994620218167862,6.064155261063206,5.224678572092067e-2,3.323691427403e-2,7.1920351078704e-2
0xfdbf6f,c,0.384009247458683,0.37699705437489683,0.388781850333847,8.766675447783362e-3,4.562473669890072e-3,1.1021854218844496e-2
0xff7f00,c wasm,0.613256578124871,0.6108875392492337,0.614791013750164,2.836968667502422e-3,1.2988612557015868e-3,3.5436272852681617e-3
0xcab2d6,runtime,13.521433983916799,13.433367444250052,13.576081513333445,9.181402155640161e-2,4.022829975068847e-2,0.12620306327699468
0x6a3d9a,runtime wasm,6.949310343437143,6.764194121062701,7.051441756249005,0.1832689265332463,7.641964195294496e-2,0.25188324086173136
