Color,Name,Mean,MeanLB,MeanUB,Stddev,StddevLB,StddevUB
0xa6cee3,ocaml,18.161069129833663,18.115129497084126,18.187227544500047,4.7466827283698304e-2,2.0113562978700917e-2,6.523856344457107e-2
0x1f78b4,ocaml byte,35.5486143610627,35.163696077750046,35.751242867437895,0.37073408234151145,0.18848711950007058,0.4679504908048547
0xb2df8a,haskell,23.845825077124648,23.723566982499655,23.934375709499665,0.1548514589203156,9.595905225957216e-2,0.2044989257545125
0x33a02c,haskell strict,23.718115034770637,23.55682299856221,23.868304004312222,0.2266984565006006,0.11935611006907826,0.29998922999990807
0xfb9a99,juvix,7.566843998895972,7.442616102541555,7.659892895875146,0.15526806472813323,0.10542007923617504,0.201117124121744
0xe31a1c,juvix wasm,7.385995157291215,7.363478429499082,7.39948595037481,2.643274805118724e-2,2.3303443712890524e-2,2.9926181884460005e-2
0xfdbf6f,c,0.451802573250158,0.44245429249986046,0.45809146000040835,1.0274350110058452e-2,6.254666351917988e-3,1.4523561832640421e-2
0xff7f00,c wasm,0.6414119942083593,0.6326786276247276,0.6456806407917763,8.24023891619244e-3,4.5281215987593923e-4,1.008950487411832e-2
0xcab2d6,runtime,6.870289540562226,6.836310430936919,6.892834012499861,4.321222448636922e-2,2.2409620163818932e-2,5.222838360472515e-2
0x6a3d9a,runtime wasm,7.0426413746666485,6.984596182333613,7.100686566999684,7.370114835072654e-2,3.909379430675356e-2,9.593576793865406e-2
