Color,Name,Mean,MeanLB,MeanUB,Stddev,StddevLB,StddevUB
0xa6cee3,ocaml,5.763943502728959,5.763813481916411,5.764158670437382,2.3485271112879744e-4,3.250400004617404e-5,3.0027020450060666e-4
0x1f78b4,ocaml byte,19.60002141729164,19.595774084499908,19.602132439208354,4.006655174773697e-3,1.263324832811108e-3,4.933598635054083e-3
0xb2df8a,haskell,6.34327943768767,6.34302680587507,6.34353206950027,3.792538084462661e-4,2.0312864568652455e-4,5.324302532007946e-4
0x33a02c,haskell strict,5.93644591289592,5.935739469625105,5.936848848020759,8.29232693891446e-4,7.20705330505007e-4,9.305388111673137e-4
0xfdbf6f,c,0.32681489278683634,0.326583045066703,0.3272698183203465,5.019967600757151e-4,1.8633366851414422e-5,6.318871825051355e-4
0xff7f00,c wasm,0.36601523937512564,0.36583788287498464,0.36624500375000935,2.7531126832296046e-4,9.948847049855045e-5,3.594449985311816e-4
0xcab2d6,runtime,3.4606796949165832,3.460319541291559,3.4613033783748506,6.63732381612075e-4,7.956877831404431e-5,8.317391694298166e-4
0x6a3d9a,runtime wasm,3.587070817083145,3.586089210249952,3.588338813999485,1.5271832581514853e-3,5.737520818048694e-4,1.9826901060734e-3
